input,target
盛运环保：37.48亿元到期债务未清偿,负面的
海润光伏：37.48亿元到期债务未清偿,负面的
乐视网：贾跃亭持股近期再度减少1077万股,负面的
韶能股份：贾跃亭持股近期再度减少1077万股,负面的
乐视网：贾跃亭持股近期再度减少1077万股,负面的
刚泰控股：贾跃亭持股近期再度减少1077万股,负面的
股价上涨超过27% 思维列控董事长李欣取消5000万元增持计划,负面的
股价上涨超过27% 网宿科技董事长李欣取消5000万元增持计划,负面的
中旗股份：持股7.9%的股东九鼎投资方拟在6个月内清仓,负面的
ST银山：持股7.9%的股东九鼎投资方拟在6个月内清仓,负面的
中旗股份：九鼎投资方拟减持不超7.9%股份,负面的
世名科技：九鼎投资方拟减持不超7.9%股份,负面的
中旗股份：九鼎投资方面拟减持不超7.9%股份,负面的
上电股份：九鼎投资方面拟减持不超7.9%股份,负面的
精测电子：持股5.39%的股东西藏比邻拟在6个月内清仓,负面的
德尔股份：持股5.39%的股东西藏比邻拟在6个月内清仓,负面的
精测电子：持股5.39%股东拟清仓式减持,负面的
理工环科：持股5.39%股东拟清仓式减持,负面的
精测电子：股东拟减持不超5.39%股份,负面的
新安股份：股东拟减持不超5.39%股份,负面的
日月股份：两股东拟减持合计不超过6%股份,负面的
康缘药业：两股东拟减持合计不超过6%股份,负面的
日月股份：两股东拟减持不超过6%公司股份,负面的
齐鲁石化：两股东拟减持不超过6%公司股份,负面的
国立科技：持股11.7173%股东拟在6个月内减持不超过6%,负面的
紫光学大：持股11.7173%股东拟在6个月内减持不超过6%,负面的
国立科技股东拟减持不超6%股份,负面的
双象股份股东拟减持不超6%股份,负面的
国立科技股东拟减持不超6%股份,负面的
康拓红外股东拟减持不超6%股份,负面的
新易盛：实控人方面拟减持不超4.5%股份,负面的
深基地B：实控人方面拟减持不超4.5%股份,负面的
新易盛：实控人方面拟减持不超4.5%股份,负面的
中科云网：实控人方面拟减持不超4.5%股份,负面的
新易盛实控人方面拟减持不超4.5%股份,负面的
白云山实控人方面拟减持不超4.5%股份,负面的
新易盛：实控人方面拟减持不超4.5%股份,负面的
吉大通信：实控人方面拟减持不超4.5%股份,负面的
新易盛实控人拟减持不超4.5%股份,负面的
中材科技实控人拟减持不超4.5%股份,负面的
新易盛实控人方面拟减持不超4.5%股份,负面的
美芝股份实控人方面拟减持不超4.5%股份,负面的
新易盛：实控人方面拟减持不超4.5%股份,负面的
500ETF：实控人方面拟减持不超4.5%股份,负面的
三超新材：持股5.45%的的股东凯风万盛和凯风进取拟合计减持不超过1%,负面的
宜宾纸业：持股5.45%的的股东凯风万盛和凯风进取拟合计减持不超过1%,负面的
华鼎股份：股东拟减持不超6%股份,负面的
太极集团：股东拟减持不超6%股份,负面的
华鼎股份：股东拟减持不超6%股份,负面的
渤海股份：股东拟减持不超6%股份,负面的
[公司]华鼎股份股东拟减持不超6%股份,负面的
[公司]经纬纺机股东拟减持不超6%股份,负面的
华鼎股份股东拟减持不超6%股份,负面的
步长制药股东拟减持不超6%股份,负面的
华鼎股份：股东拟减持不超6%股份,负面的
川仪股份：股东拟减持不超6%股份,负面的
天广中茂：股东拟减持不超6%股份,负面的
明星电力：股东拟减持不超6%股份,负面的
天广中茂：股东拟减持不超6%股份,负面的
腾龙股份：股东拟减持不超6%股份,负面的
天广中茂：大股东拟减持不超6%股份 或致大股东变更,负面的
杭叉集团：大股东拟减持不超6%股份 或致大股东变更,负面的
天广中茂：股东拟减持不超6%股份,负面的
景顺食品：股东拟减持不超6%股份,负面的
昂立教育：股东拟减持不超5%股份,负面的
洲明科技：股东拟减持不超5%股份,负面的
昂立教育股东拟减持不超5%股份,负面的
亚泰集团股东拟减持不超5%股份,负面的
昂立教育：股东拟减持不超5%股份,负面的
万科B：股东拟减持不超5%股份,负面的
[公司]昂立教育股东拟减持不超5%股份,负面的
[公司]环旭电子股东拟减持不超5%股份,负面的
昂立教育：股东拟减持不超5%股份,负面的
天华超净：股东拟减持不超5%股份,负面的
昂立教育股东拟减持不超5%股份,负面的
华瑞股份股东拟减持不超5%股份,负面的
正海生物：股东减持5%股份,负面的
济民制药：股东减持5%股份,负面的
正海生物：股东减持5%股份,负面的
青岛金王：股东减持5%股份,负面的
正海生物股东减持5%股份,负面的
银华消费A股东减持5%股份,负面的
正海生物股东减持5%股份,负面的
新易盛股东减持5%股份,负面的
*ST毅达发布风险提示：公司独董仍未与公司现任董事长建立联系,负面的
新纶科技发布风险提示：公司独董仍未与公司现任董事长建立联系,负面的
*ST毅达：公司独董仍未与公司现任董事长建立联系,负面的
天顺风能：公司独董仍未与公司现任董事长建立联系,负面的
*ST毅达：公司独董仍未与公司现任董事长建立联系,负面的
康力电梯：公司独董仍未与公司现任董事长建立联系,负面的
*ST毅达：公司独董仍未与公司现任董事长建立联系,负面的
创维数字：公司独董仍未与公司现任董事长建立联系,负面的
*ST毅达：公司独董仍未与公司现任董事长建立联系,负面的
顺发恒业：公司独董仍未与公司现任董事长建立联系,负面的
*ST毅达股价三涨停 独董仍未与公司董事长建立联系,负面的
国新B股股价三涨停 独董仍未与公司董事长建立联系,负面的
*ST毅达：公司独董仍未与公司现任董事长建立联系,负面的
黑芝麻：公司独董仍未与公司现任董事长建立联系,负面的
健友股份：包括东方富海的多名股东拟合计减持不超过4.08%,负面的
徐工机械：包括东方富海的多名股东拟合计减持不超过4.08%,负面的
绝味食品：持股5.81%股东复星创投拟在6个月内清仓,负面的
信隆健康：持股5.81%股东复星创投拟在6个月内清仓,负面的
绝味食品股东复星创投拟清仓减持5.81%股份,负面的
万林股份股东复星创投拟清仓减持5.81%股份,负面的
昆仑万维：控股股东周亚辉、股东盈瑞世纪、股东王立伟拟6个月内合计减持不超过5.27%,负面的
江苏索普：控股股东周亚辉、股东盈瑞世纪、股东王立伟拟6个月内合计减持不超过5.27%,负面的
昆仑万维：控股股东等拟减持不超5.27%股份,负面的
数源科技：控股股东等拟减持不超5.27%股份,负面的
寒锐钴业：持股11.0982%股东江苏拓邦拟3个月内减持不超过2.5%,负面的
扬农化工：持股11.0982%股东江苏拓邦拟3个月内减持不超过2.5%,负面的
寒锐钴业股东江苏拓邦拟减持不超2.5%股份,负面的
天银机电股东江苏拓邦拟减持不超2.5%股份,负面的
印纪传媒：被深交所关注，要求说明资产计提大额减值准备的具体原因及合理性,负面的
南华仪器：被深交所关注，要求说明资产计提大额减值准备的具体原因及合理性,负面的
深南股份：持股6.43%股东黄国英拟6个月内减持不超过1.48%,负面的
七匹狼：持股6.43%股东黄国英拟6个月内减持不超过1.48%,负面的
深南股份：股东拟减持不超1.48%股份,负面的
金通灵：股东拟减持不超1.48%股份,负面的
深南股份股东黄国英拟减持不超1.48%股份,负面的
泰尔股份股东黄国英拟减持不超1.48%股份,负面的
深南股份：股东拟减持不超1.48%股份,负面的
大洋电机：股东拟减持不超1.48%股份,负面的
深南股份：股东拟减持不超1.48%股份,负面的
百花村：股东拟减持不超1.48%股份,负面的
南京聚隆股东拟合计减持不超2.375%股份,负面的
宝信软件股东拟合计减持不超2.375%股份,负面的
南京聚隆股东拟合计减持不超2.375%股份,负面的
招商轮船股东拟合计减持不超2.375%股份,负面的
中国人寿：预计2018年净利同比减少约50%至70%,负面的
雅本化学：预计2018年净利同比减少约50%至70%,负面的
2018年净利预计下降50%至70% 中国人寿跌4.32%,负面的
2018年净利预计下降50%至70% 券商B跌4.32%,负面的
中国人寿：预计2018年净利同比下降约50%到70%,负面的
苏常柴B：预计2018年净利同比下降约50%到70%,负面的
宁德时代：2018年度净利同比下降3.3%-8.94%,负面的
莎普爱思：2018年度净利同比下降3.3%-8.94%,负面的
宁德时代预计2018年度净利润下降3.3％-8.94％,负面的
ST慧球预计2018年度净利润下降3.3％-8.94％,负面的
宁德时代：2018年净利预降3%-9%,负面的
盐湖YHP1：2018年净利预降3%-9%,负面的
华录百纳：预计2018年度亏损33.29亿至33.34亿元,负面的
方盛制药：预计2018年度亏损33.29亿至33.34亿元,负面的
华录百纳2018年度预亏33.29亿-33.34亿元,负面的
丰原药业2018年度预亏33.29亿-33.34亿元,负面的
盛运环保：预计2018年净亏损25亿元,负面的
鸿利智汇：预计2018年净亏损25亿元,负面的
盛运环保：预计2018年亏损约25亿元,负面的
山大华特：预计2018年亏损约25亿元,负面的
盛运环保预计2018年亏损约25亿元,负面的
中国太保预计2018年亏损约25亿元,负面的
盛运环保：预计2018年亏损约25亿元,负面的
嘉麟杰：预计2018年亏损约25亿元,负面的
人福医药：预计2018年亏损22亿-27亿元，拟计提商誉减值损失30亿,负面的
江西铜业：预计2018年亏损22亿-27亿元，拟计提商誉减值损失30亿,负面的
人福医药2018年亏损22亿-27亿 拟计提商誉减值损失30亿,负面的
量子高科2018年亏损22亿-27亿 拟计提商誉减值损失30亿,负面的
人福医药：2018年预亏22亿-27亿元 商誉减值损失30亿,负面的
东电B股：2018年预亏22亿-27亿元 商誉减值损失30亿,负面的
人福医药2018年净利亏损27亿 拟计提商誉减值损失30亿元,负面的
天域生态2018年净利亏损27亿 拟计提商誉减值损失30亿元,负面的
人福医药：2018年预亏22亿至27亿，拟5亿至10亿元回购股份,负面的
养老B：2018年预亏22亿至27亿，拟5亿至10亿元回购股份,负面的
西宁特钢：预计2018年盈转亏，亏损18亿元至24亿元,负面的
劲拓股份：预计2018年盈转亏，亏损18亿元至24亿元,负面的
西宁特钢2018年预亏18亿-24亿元,负面的
江淮汽车2018年预亏18亿-24亿元,负面的
西宁特钢2018年亏损18亿元到24亿元,负面的
环保A级2018年亏损18亿元到24亿元,负面的
嘉凯城：预计2018年净亏损16亿，上年盈利近20亿,负面的
金力泰：预计2018年净亏损16亿，上年盈利近20亿,负面的
嘉凯城：预计2018年亏损16亿 对部分资产计提减值,负面的
中航军A：预计2018年亏损16亿 对部分资产计提减值,负面的
嘉凯城：预计2018年亏损16亿,负面的
长园集团：预计2018年亏损16亿,负面的
天翔环境：预计2018年净亏16亿元左右,负面的
蓝光发展：预计2018年净亏16亿元左右,负面的
天翔环境：2018年预亏15.92亿至15.97亿元,负面的
佛山照明：2018年预亏15.92亿至15.97亿元,负面的
高升控股：预计2018年净亏损15亿-20亿元,负面的
集友股份：预计2018年净亏损15亿-20亿元,负面的
高升控股：去年预计亏损15亿-20亿元,负面的
香港中小：去年预计亏损15亿-20亿元,负面的
高升控股：预计2018年亏损15亿至20亿元,负面的
和佳股份：预计2018年亏损15亿至20亿元,负面的
高升控股：预计2018年亏损15亿至20亿元,负面的
环保A端：预计2018年亏损15亿至20亿元,负面的
神州长城：预计2018年净亏13亿元-14.5亿元,负面的
中再资环：预计2018年净亏13亿元-14.5亿元,负面的
神州长城：预计2018年亏损13亿元-14.5亿元,负面的
贵研铂业：预计2018年亏损13亿元-14.5亿元,负面的
神州长城：预计2018年亏损13亿元-14.5亿元,负面的
上50B：预计2018年亏损13亿元-14.5亿元,负面的
神州长城：2018年预亏13亿至14.5亿元,负面的
山东章鼓：2018年预亏13亿至14.5亿元,负面的
神州长城(000018.SZ)2018年度业绩预亏13亿元–14.5亿元,负面的
焦作万方(000018.SZ)2018年度业绩预亏13亿元–14.5亿元,负面的
斯太尔：预计2018年亏损扩大，亏约12.9亿元,负面的
深纺织A：预计2018年亏损扩大，亏约12.9亿元,负面的
斯太尔：2018年预计亏损约12.9亿元,负面的
荣丰控股：2018年预计亏损约12.9亿元,负面的
斯太尔2018年亏损约12.9亿元,负面的
中国联通2018年亏损约12.9亿元,负面的
飞马国际：下修业绩预期，预计2018年亏损17.5亿元-19.5亿元,负面的
华银电力：下修业绩预期，预计2018年亏损17.5亿元-19.5亿元,负面的
下调2018年业绩预期预亏17.5亿-19.5亿 飞马国际跌停,负面的
下调2018年业绩预期预亏17.5亿-19.5亿 宝利国际跌停,负面的
飞马国际亏损17.5亿元19.5亿元之间 拟计提相应商誉减值准备,负面的
锦江股份亏损17.5亿元19.5亿元之间 拟计提相应商誉减值准备,负面的
飞马国际一字跌停业绩预亏17亿 股权质押爆雷遭强平,负面的
古井贡B一字跌停业绩预亏17亿 股权质押爆雷遭强平,负面的
【飞马国际下修业绩预告：2018年净利预亏17.5亿元至19.5亿元】,负面的
【金发拉比下修业绩预告：2018年净利预亏17.5亿元至19.5亿元】,负面的
达华智能：大幅下修业绩预期，预计2018年净亏损13亿元-17亿元,负面的
证券B端：大幅下修业绩预期，预计2018年净亏损13亿元-17亿元,负面的
达华智能下修2018年利润：预亏13亿至17亿 计提商誉减值为原因之一,负面的
双成药业下修2018年利润：预亏13亿至17亿 计提商誉减值为原因之一,负面的
达华智能：下调业绩预期 2018年预亏13亿至17亿元,负面的
大众交通：下调业绩预期 2018年预亏13亿至17亿元,负面的
达华智能下修业绩预告：2018年净利预亏13亿至17亿元,负面的
复星医药下修业绩预告：2018年净利预亏13亿至17亿元,负面的
奥马电器：大幅下修业绩预期，预计2018年度亏损12.4亿-15.8亿元，此前预计盈利30519.36万元-34334.28万元,负面的
山东金泰：大幅下修业绩预期，预计2018年度亏损12.4亿-15.8亿元，此前预计盈利30519.36万元-34334.28万元,负面的
骅威文化：大幅下修业绩预期，预计2018年净亏损11.2亿元-13.5亿元，此前预计盈利1.826亿元至2.557亿元,负面的
怡球资源：大幅下修业绩预期，预计2018年净亏损11.2亿元-13.5亿元，此前预计盈利1.826亿元至2.557亿元,负面的
银河电子：大幅下调业绩预期，预计2018年度将亏损9.5亿-12.5亿元，此前预计盈利1.69亿元至2.25亿元,负面的
皇氏集团：大幅下调业绩预期，预计2018年度将亏损9.5亿-12.5亿元，此前预计盈利1.69亿元至2.25亿元,负面的
华东数控：下修业绩预期，预计2018年净亏损5亿元-6亿元,负面的
诺力股份：下修业绩预期，预计2018年净亏损5亿元-6亿元,负面的
华东数控下修2018年业绩至亏损超5亿 并表层面计提坏账所致,负面的
华电国际下修2018年业绩至亏损超5亿 并表层面计提坏账所致,负面的
*ST众和：预计2018年净亏损4亿元-6亿元,负面的
同瑞A：预计2018年净亏损4亿元-6亿元,负面的
*ST众和：下调业绩预期 2018年预亏4亿元-6亿元,负面的
移为通信：下调业绩预期 2018年预亏4亿元-6亿元,负面的
*ST众和：下调业绩预期 2018年预亏4亿元-6亿元,负面的
大洋电机：下调业绩预期 2018年预亏4亿元-6亿元,负面的
皇氏集团：下调业绩预期，2018年预亏5.7亿-6.5亿元,负面的
大化B股：下调业绩预期，2018年预亏5.7亿-6.5亿元,负面的
皇氏集团：下调业绩预期 2018年预亏5.7亿至6.5亿元,负面的
宁波热电：下调业绩预期 2018年预亏5.7亿至6.5亿元,负面的
皇氏集团：下调业绩预期 2018年预亏5.7亿至6.5亿元,负面的
0501R028：下调业绩预期 2018年预亏5.7亿至6.5亿元,负面的
皇氏集团：下调业绩预期 2018年预亏5.7亿至6.5亿元,负面的
鹏华银行A：下调业绩预期 2018年预亏5.7亿至6.5亿元,负面的
德豪润达：下修业绩预告 2018年预亏3亿至6亿元,负面的
深F200：下修业绩预告 2018年预亏3亿至6亿元,负面的
德豪润达：下修2018年业绩区间 亏损3亿元至6亿元,负面的
中富通：下修2018年业绩区间 亏损3亿元至6亿元,负面的
下修业绩预告2018年预亏3亿至6亿元 德豪润达跌停,负面的
下修业绩预告2018年预亏3亿至6亿元 福安药业跌停,负面的
德豪润达：下修业绩预告 2018年预亏3亿至6亿元,负面的
盘江股份：下修业绩预告 2018年预亏3亿至6亿元,负面的
德豪润达：下修业绩预告 2018年预亏3亿至6亿元,负面的
通润装备：下修业绩预告 2018年预亏3亿至6亿元,负面的
德豪润达：下修业绩预告 2018年预亏3亿至6亿元,负面的
广东鸿图：下修业绩预告 2018年预亏3亿至6亿元,负面的
麦达数字：下修业绩预期，预计2018年净亏损3.8亿元-4.15亿元,负面的
交易货币：下修业绩预期，预计2018年净亏损3.8亿元-4.15亿元,负面的
麦达数字：下调业绩预期 2018年预亏3.8亿至4.15亿元,负面的
机电B股：下调业绩预期 2018年预亏3.8亿至4.15亿元,负面的
麦达数字：下调业绩预期 2018年预亏3.8亿至4.15亿元,负面的
汉邦高科：下调业绩预期 2018年预亏3.8亿至4.15亿元,负面的
天润数娱：大幅下调业绩预期 2018年预亏2亿至2.5亿元,负面的
鼎利定增：大幅下调业绩预期 2018年预亏2亿至2.5亿元,负面的
同洲电子：下修业绩预期，预计2018年净亏损2亿元-2.9亿元,负面的
陆家嘴：下修业绩预期，预计2018年净亏损2亿元-2.9亿元,负面的
同洲电子去年利润比预期下调1亿 总经理杨健为会计负责人年薪60万,负面的
互利债B去年利润比预期下调1亿 总经理杨健为会计负责人年薪60万,负面的
延华智能：下修业绩预期，预计2018年亏损1.7亿元-2.5亿元，此前预计盈利1066万元-1600万元,负面的
浩云科技：下修业绩预期，预计2018年亏损1.7亿元-2.5亿元，此前预计盈利1066万元-1600万元,负面的
延华智能：下调业绩预期 2018年预亏1.7亿至2.5亿元,负面的
*ST南电A：下调业绩预期 2018年预亏1.7亿至2.5亿元,负面的
向日葵：重组未能过会，1月30日复牌,负面的
东吴100：重组未能过会，1月30日复牌,负面的
向日葵：并购重组事项被否 30日起复牌,负面的
香江控股：并购重组事项被否 30日起复牌,负面的
中大力德：持股6.1251%股东联创永溢拟3个月内清仓,负面的
国栋建设：持股6.1251%股东联创永溢拟3个月内清仓,负面的
中大力德股东联创永溢拟减持不超6.1251%股份,负面的
海波重科股东联创永溢拟减持不超6.1251%股份,负面的
华锋股份：持股15.08%的股东广东科创拟在6个月内减持不超过1.22%,负面的
榕基软件：持股15.08%的股东广东科创拟在6个月内减持不超过1.22%,负面的
华锋股份：股东广东科创拟减持不超1.22％股份,负面的
易尚展示：股东广东科创拟减持不超1.22％股份,负面的
华锋股份：广东科创拟减持不超1.22%股份,负面的
金冠电气：广东科创拟减持不超1.22%股份,负面的
华锋股份：广东科创拟减持不超1.22%股份,负面的
银华日利：广东科创拟减持不超1.22%股份,负面的
银邦股份：股东单宇质押股份被强制平仓近822万股,负面的
银华稳进：股东单宇质押股份被强制平仓近822万股,负面的
银邦股份：股东单宇质押股份被强制平仓近822万股,负面的
赛象科技：股东单宇质押股份被强制平仓近822万股,负面的
天鹅股份：持股9.1%的股东新疆古月杨拟在6个月内减持不超过5.79%,负面的
融通货币：持股9.1%的股东新疆古月杨拟在6个月内减持不超过5.79%,负面的
天鹅股份股东新疆古月杨拟减持不超5.79%股份,负面的
宜通世纪股东新疆古月杨拟减持不超5.79%股份,负面的
天翔环境：持股6.34%的股东东海瑞京资产资管拟在6个月内减持不超过3.17%,负面的
0501R091：持股6.34%的股东东海瑞京资产资管拟在6个月内减持不超过3.17%,负面的
天翔环境等多家上市公司发布股东减持股份计划,负面的
万业企业等多家上市公司发布股东减持股份计划,负面的
累计近13亿元的债务 天翔环境股东减持或因成“老赖”,负面的
累计近13亿元的债务 瑞丰高材股东减持或因成“老赖”,负面的
凯龙股份：合计持股5.19%的多名股东拟在6个月内减持不超过1.2563%,负面的
科斯伍德：合计持股5.19%的多名股东拟在6个月内减持不超过1.2563%,负面的
双林股份：持股5.64%的股东龚雨飞拟在6个月内减持不超过2%,负面的
燕塘乳业：持股5.64%的股东龚雨飞拟在6个月内减持不超过2%,负面的
双林股份股东龚雨飞拟减持不超2%股份,负面的
潍柴重机股东龚雨飞拟减持不超2%股份,负面的
双林股份股东龚雨飞拟减持不超2%股份,负面的
广汇能源股东龚雨飞拟减持不超2%股份,负面的
哈森股份：预计2018年盈转亏，亏损7000万元,负面的
天龙光电：预计2018年盈转亏，亏损7000万元,负面的
哈森股份：2018年年度业绩预亏7000万元,负面的
中矿资源：2018年年度业绩预亏7000万元,负面的
哈森股份：2018年净利预亏7000万元,负面的
立昂技术：2018年净利预亏7000万元,负面的
哈森股份：预计2018年盈转亏，亏损7000万元,负面的
中天科技：预计2018年盈转亏，亏损7000万元,负面的
远方信息：预计2018年盈转亏，亏损4.84亿元-4.79亿元,负面的
万家利B：预计2018年盈转亏，亏损4.84亿元-4.79亿元,负面的
又一颗雷引爆:远方信息计提6亿减值 一把亏光6年净利,负面的
又一颗雷引爆:百花村计提6亿减值 一把亏光6年净利,负面的
江铃汽车净利润预计下滑87%,负面的
扬杰科技净利润预计下滑87%,负面的
大降87%，江铃汽车净利润仅9183万元,负面的
大降87%，亚翔集成净利润仅9183万元,负面的
贝达药业：预计2018年净利同比下降30%-45%,负面的
金卡智能：预计2018年净利同比下降30%-45%,负面的
东方金钰：终止重组,负面的
沧州明珠：终止重组,负面的
东方金钰：终止重大资产重组,负面的
标普500：终止重大资产重组,负面的
东方金钰：终止重大资产重组,负面的
*ST皇台：终止重大资产重组,负面的
长江证券：2018年净利2.59亿元 同比下降83.23%,负面的
升华拜克：2018年净利2.59亿元 同比下降83.23%,负面的
长江证券：2018年净利2.59亿元 同比下降83.23％,负面的
中国北车：2018年净利2.59亿元 同比下降83.23％,负面的
长江证券：2018年净利2.59亿元 同比下降83.23%,负面的
柳化股份：2018年净利2.59亿元 同比下降83.23%,负面的
长江证券：2018年净利2.59亿元 同比下降83.23%,负面的
爱施德：2018年净利2.59亿元 同比下降83.23%,负面的
长江证券2018年净利润2.59亿元 同比减少83.23%,负面的
弘业股份2018年净利润2.59亿元 同比减少83.23%,负面的
方正证券：涉及证券虚假陈述责任纠纷案，被判赔偿2240.71万元,负面的
维格娜丝：涉及证券虚假陈述责任纠纷案，被判赔偿2240.71万元,负面的
ST康得新：涉嫌信息披露违法违规收到证监会调查通知,负面的
香梨股份：涉嫌信息披露违法违规收到证监会调查通知,负面的
刚刚！ST康得新被证监会立案调查 面临退市风险,负面的
刚刚！拉芳家化被证监会立案调查 面临退市风险,负面的
*ST皇台：2018年预亏7000万元-9000万元，存在暂停上市风险,负面的
GC001：2018年预亏7000万元-9000万元，存在暂停上市风险,负面的
*ST皇台：2018年预亏7000万—9000万元 存在暂停上市风险,负面的
伟星股份：2018年预亏7000万—9000万元 存在暂停上市风险,负面的
*ST皇台：2018预亏7000万—9000万 存在暂停上市风险,负面的
新能B级：2018预亏7000万—9000万 存在暂停上市风险,负面的
2018年预亏超7000万，*ST皇台存在暂停上市风险,负面的
2018年预亏超7000万，铜陵有色存在暂停上市风险,负面的
*ST皇台：2018年预亏7000万—9000万元 存在暂停上市风险,负面的
石油大明：2018年预亏7000万—9000万元 存在暂停上市风险,负面的
*ST皇台：2018年预亏7000万—9000万元 存在暂停上市风险,负面的
龙头股份：2018年预亏7000万—9000万元 存在暂停上市风险,负面的
科华控股：股东拟减持不超6%股份,负面的
R002：股东拟减持不超6%股份,负面的
科华控股：股东拟减持不超6%股份,负面的
天泽信息：股东拟减持不超6%股份,负面的
美达股份：股东太仓德源拟减持不超4.28%,负面的
阳泉煤业：股东太仓德源拟减持不超4.28%,负面的
美达股份：太仓德源拟减持不超4.28%股份,负面的
扬子石化：太仓德源拟减持不超4.28%股份,负面的
美达股份股东太仓德源拟减持不超4.28%股份,负面的
三维股份股东太仓德源拟减持不超4.28%股份,负面的
美达股份：太仓德源拟减持不超4.28%股份,负面的
*ST山水：太仓德源拟减持不超4.28%股份,负面的
美达股份股东太仓德源拟减持不超4.28%股份,负面的
明牌珠宝股东太仓德源拟减持不超4.28%股份,负面的
美达股份：太仓德源拟减持不超4.28％股份,负面的
昌红科技：太仓德源拟减持不超4.28％股份,负面的
美达股份：太仓德源拟减持不超4.28%股份,负面的
深TMT：太仓德源拟减持不超4.28%股份,负面的
楚天科技：预计2018年净利同比下降40%-60%,负面的
大成定增：预计2018年净利同比下降40%-60%,负面的
天广中茂：公司及子公司部分银行账户被冻结,负面的
汉邦高科：公司及子公司部分银行账户被冻结,负面的
天广中茂：公司及子公司部分银行账户被冻结,负面的
大唐电信：公司及子公司部分银行账户被冻结,负面的
天广中茂：公司及子公司部分银行账户被冻结,负面的
大东方：公司及子公司部分银行账户被冻结,负面的
【天广中茂：公司及子公司部分银行账户被冻结】,负面的
【中光防雷：公司及子公司部分银行账户被冻结】,负面的
天广中茂：公司及子公司部分银行账户被冻结,负面的
长城电工：公司及子公司部分银行账户被冻结,负面的
天广中茂：公司及子公司部分银行账户被冻结,负面的
迪马股份：公司及子公司部分银行账户被冻结,负面的
傲农生物：持股10%的参股公司江苏加华种猪有限公司发生非洲猪瘟疫情,负面的
齐翔腾达：持股10%的参股公司江苏加华种猪有限公司发生非洲猪瘟疫情,负面的
傲农生物参股公司江苏加华发生非洲猪瘟疫情 曾故意逃避检疫,负面的
齐翔腾达参股公司江苏加华发生非洲猪瘟疫情 曾故意逃避检疫,负面的
傲农生物：参股公司江苏加华发生非洲猪瘟疫情,负面的
首航节能：参股公司江苏加华发生非洲猪瘟疫情,负面的
雄韬股份：7.79%股东轻机控股拟半年内减持不超1.17%,负面的
乐通股份：7.79%股东轻机控股拟半年内减持不超1.17%,负面的
雄韬股份股东轻机控股拟减持不超1.17%股份,负面的
三峡水利股东轻机控股拟减持不超1.17%股份,负面的
厚普股份：预计2018年度盈转亏，亏损3.95亿元-4亿元,负面的
国泰价值：预计2018年度盈转亏，亏损3.95亿元-4亿元,负面的
厚普股份：2018年预计亏损3.95亿至4亿,负面的
森远股份：2018年预计亏损3.95亿至4亿,负面的
厚普股份预亏4亿 吞上市3年净利,负面的
启迪设计预亏4亿 吞上市3年净利,负面的
厚普股份：2018年预计亏损3.95亿至4亿,负面的
信质电机：2018年预计亏损3.95亿至4亿,负面的
双箭股份：持股9.04%的股东泰达宏利拟在6个月内清仓减持,负面的
南京新百：持股9.04%的股东泰达宏利拟在6个月内清仓减持,负面的
双箭股份：持股9.04%的股东泰达宏利拟在6个月内清仓减持,负面的
民和股份：持股9.04%的股东泰达宏利拟在6个月内清仓减持,负面的
双箭股份：持股5%以上股东泰达宏利拟清仓减持9.04％,负面的
丰泽B：持股5%以上股东泰达宏利拟清仓减持9.04％,负面的
晚间利空公告：双箭股份股东泰达宏利拟减持9.04％,负面的
晚间利空公告：综指ETF股东泰达宏利拟减持9.04％,负面的
双箭股份：持股5%以上股东泰达宏利拟清仓减持9.04％,负面的
双良节能：持股5%以上股东泰达宏利拟清仓减持9.04％,负面的
中科新材回复深交所关注函称，2018年年报可能无法按时披露。,负面的
ST华泽回复深交所关注函称，2018年年报可能无法按时披露。,负面的
中科新材回复关注函 仍未知实控人被协查原因,负面的
中国人寿回复关注函 仍未知实控人被协查原因,负面的
元隆雅图公告，持股2.66%股东王威拟在6个月内减持不超过0.66%。,负面的
宋城演艺公告，持股2.66%股东王威拟在6个月内减持不超过0.66%。,负面的
元隆雅图：董事王威拟减持不超86.70万股,负面的
海天精工：董事王威拟减持不超86.70万股,负面的
元隆雅图：董事王威拟减持不超86.70万股,负面的
龙泉股份：董事王威拟减持不超86.70万股,负面的
合康新能股东刘锦成及一致行动人拟合计减持不超3%股份,负面的
惠而浦股东刘锦成及一致行动人拟合计减持不超3%股份,负面的
合康新能股东刘锦成及一致行动人拟合计减持不超3%股份,负面的
*ST常林股东刘锦成及一致行动人拟合计减持不超3%股份,负面的
GQY视讯公告，若2018仍亏损，公司股票可能被深交所暂停上市。,负面的
山西焦化公告，若2018仍亏损，公司股票可能被深交所暂停上市。,负面的
中葡股份公告，股东国安投资被动减持300万股。,负面的
中视传媒公告，股东国安投资被动减持300万股。,负面的
中葡股份股东国安投资被动减持300万股,负面的
江粉磁材股东国安投资被动减持300万股,负面的
中葡股份：国安投资被动减持300万股,负面的
资源B：国安投资被动减持300万股,负面的
中葡股份：国安投资被动减持300万股,负面的
添利B：国安投资被动减持300万股,负面的
中葡股份股东国安投资被动减持300万股,负面的
国光电器股东国安投资被动减持300万股,负面的
乐视网：大股东贾跃亭股票质押违约遭被动减持,负面的
嘉化能源：大股东贾跃亭股票质押违约遭被动减持,负面的
麦捷科技：持股5.33%股东隆华汇拟6个月内清仓,负面的
江山化工：持股5.33%股东隆华汇拟6个月内清仓,负面的
麦捷科技股东隆华汇拟减持不超5.33%股份,负面的
重庆水务股东隆华汇拟减持不超5.33%股份,负面的
麦捷科技股东隆华汇拟减持不超5.33%股份,负面的
广联达股东隆华汇拟减持不超5.33%股份,负面的
金雷风电：合计持股6.8%股东达晨创世及达晨盛世拟半年内减持不超过3.36%,负面的
0509R091：合计持股6.8%股东达晨创世及达晨盛世拟半年内减持不超过3.36%,负面的
金雷风电：达晨系股东拟合计减持不超3.36%股份,负面的
楚天高速：达晨系股东拟合计减持不超3.36%股份,负面的
金雷风电：股东拟减持不超3.36%股份,负面的
恒生B：股东拟减持不超3.36%股份,负面的
涪陵榨菜：股东东兆长泰集团拟3个月内减持不超过1%股份,负面的
宝泰隆：股东东兆长泰集团拟3个月内减持不超过1%股份,负面的
涪陵榨菜：股东东兆长泰集团拟减持公司1%股份,负面的
银鸽投资：股东东兆长泰集团拟减持公司1%股份,负面的
涪陵榨菜股东东兆长泰拟减持1%股份,负面的
添富贵金股东东兆长泰拟减持1%股份,负面的
信披违规 美都能源及董秘遭警示,负面的
信披违规 景旺电子及董秘遭警示,负面的
康德莱公告，持股6.4351%的股东建银医疗基金拟在6个月内清仓减持。,负面的
安阳钢铁公告，持股6.4351%的股东建银医疗基金拟在6个月内清仓减持。,负面的
康德莱：股东建银医疗基金拟在6个月内清仓减持,负面的
神州长城：股东建银医疗基金拟在6个月内清仓减持,负面的
康德莱：持股6.4351%的股东建银医疗基金拟在6个月内清仓减持,负面的
国投瑞盈：持股6.4351%的股东建银医疗基金拟在6个月内清仓减持,负面的
ST冠福公告，子公司上海五天部分房产被查封，账面净值超11亿元。,负面的
四川美丰公告，子公司上海五天部分房产被查封，账面净值超11亿元。,负面的
ST冠福：子公司部分房产被查封 账面净值超11亿元,负面的
诺德股份：子公司部分房产被查封 账面净值超11亿元,负面的
ST冠福：子公司部分房产被查封 账面净值超11亿元,负面的
富国天锋：子公司部分房产被查封 账面净值超11亿元,负面的
【ST冠福：子公司部分房产被查封 账面净值超11亿元】,负面的
【广田集团：子公司部分房产被查封 账面净值超11亿元】,负面的
渤海轮渡关于董事长辞职的公告,负面的
乐视网关于董事长辞职的公告,负面的
渤海轮渡：董事长杨卫新辞职,负面的
海天味业：董事长杨卫新辞职,负面的
渤海轮渡：董事长杨卫新因工作原因辞职,负面的
龙泉股份：董事长杨卫新因工作原因辞职,负面的
渤海轮渡董事长杨卫新因工作原因辞职 于新建暂代履职,负面的
平安鼎泰董事长杨卫新因工作原因辞职 于新建暂代履职,负面的
渤海轮渡：董事长杨卫新因工作原因辞职,负面的
东证睿阳：董事长杨卫新因工作原因辞职,负面的
质押业务爆雷，太平洋证券拟计提资产减值准备9.7亿元,负面的
质押业务爆雷，康拓红外证券拟计提资产减值准备9.7亿元,负面的
太平洋：质押业务爆雷 拟计提资产减值准备9.7亿,负面的
数字政通：质押业务爆雷 拟计提资产减值准备9.7亿,负面的
万兴科技：9名股东拟合计减持不超22.29%股权,负面的
深成指B：9名股东拟合计减持不超22.29%股权,负面的
万兴科技：9名股东拟合计减持不超22.29%股份,负面的
*ST油工：9名股东拟合计减持不超22.29%股份,负面的
万兴科技跌停 9名股东拟合计减持不超22.29%股份,负面的
五矿发展跌停 9名股东拟合计减持不超22.29%股份,负面的
万兴科技：9名股东拟合计减持不超22.29%股权,负面的
中国科传：9名股东拟合计减持不超22.29%股权,负面的
万兴科技9名股东拟合计减持不超22.29%股权,负面的
金卡智能9名股东拟合计减持不超22.29%股权,负面的
万兴科技：9名股东拟合计减持不超22.29%股份,负面的
厦门港务：9名股东拟合计减持不超22.29%股份,负面的
万兴科技跌停 9名股东拟合计减持不超22.29%股份,负面的
蓝帆医疗跌停 9名股东拟合计减持不超22.29%股份,负面的
武汉中商：2018年净利预降77.62%至81.82%,负面的
火炬电子：2018年净利预降77.62%至81.82%,负面的
武汉中商：2018年净利预降77.62%至81.82%,负面的
坚瑞沃能：2018年净利预降77.62%至81.82%,负面的
武汉中商：2018年净利预降77.62%至81.82%,负面的
巨星科技：2018年净利预降77.62%至81.82%,负面的
【武汉中商：2018年净利预降77.62%至81.82%】,负面的
【沈阳机床：2018年净利预降77.62%至81.82%】,负面的
武汉中商：2018年净利预降77.62％-81.82％,负面的
基金金泰：2018年净利预降77.62％-81.82％,负面的
武汉中商：2018年净利预降77.62%-81.82%,负面的
兰花科创：2018年净利预降77.62%-81.82%,负面的
必创科技：董事何蕾拟6个月内合计减持不超过3.78%,负面的
玲珑轮胎：董事何蕾拟6个月内合计减持不超过3.78%,负面的
必创科技：董事高管拟合计减持不超4.07%股份,负面的
宝钢CWB1：董事高管拟合计减持不超4.07%股份,负面的
A股异动 | 董事高管拟合计减持不超4.07%股份 必创科技近跌停,负面的
A股异动 | 董事高管拟合计减持不超4.07%股份 惠伦晶体近跌停,负面的
拟遭股东减持 必创科技(300667.SZ)接近跌停,负面的
拟遭股东减持 中持股份(300667.SZ)接近跌停,负面的
孚日股份：股东孙日贵减持公司2.2%股份,负面的
浔兴股份：股东孙日贵减持公司2.2%股份,负面的
瑞康医药：汇添富基金拟减持不超2%股份,负面的
金麒麟：汇添富基金拟减持不超2%股份,负面的
瑞康医药：汇添富基金拟减持不超2%股份,负面的
航民股份：汇添富基金拟减持不超2%股份,负面的
瑞康医药：汇添富基金拟减持不超2%股份,负面的
证券分级：汇添富基金拟减持不超2%股份,负面的
瑞康医药：汇添富基金拟减持不超2％股份,负面的
中国动力：汇添富基金拟减持不超2％股份,负面的
瑞康医药：汇添富基金拟减持不超2%股份,负面的
中矿资源：汇添富基金拟减持不超2%股份,负面的
瑞康医药：汇添富基金拟减持不超2%股份,负面的
德新交运：汇添富基金拟减持不超2%股份,负面的
太平鸟：实控人涉嫌违规交易他公司股票被证监会立案调查,负面的
国统股份：实控人涉嫌违规交易他公司股票被证监会立案调查,负面的
太平鸟：实控人涉嫌违规交易被证监会立案调查,负面的
航天电子：实控人涉嫌违规交易被证监会立案调查,负面的
太平鸟实控人被调查 涉违规交易+超比例持股宁波中百,负面的
国民技术实控人被调查 涉违规交易+超比例持股宁波中百,负面的
万家乐：2018年预亏逾8亿元,负面的
中新药业：2018年预亏逾8亿元,负面的
万家乐：2018年预亏逾8亿 或因不良资产计提减值损失,负面的
上海亚虹：2018年预亏逾8亿 或因不良资产计提减值损失,负面的
万家乐：2018年预亏逾8亿元,负面的
平煤股份：2018年预亏逾8亿元,负面的
万家乐：2018年预亏逾8亿元,负面的
金晶科技：2018年预亏逾8亿元,负面的
万家乐：2018年预亏逾8亿元,负面的
苏试试验：2018年预亏逾8亿元,负面的
万家乐2018年预亏逾8亿元,负面的
恺英网络2018年预亏逾8亿元,负面的
三雄极光：2018年净利润同比减少25%-35%,负面的
广誉远：2018年净利润同比减少25%-35%,负面的
【三雄极光：2018年净利润预计为1.66亿元至1.92亿元】,负面的
【建信添益：2018年净利润预计为1.66亿元至1.92亿元】,负面的
ST中基：终止重组收购泰禾生化100%股权,负面的
片仔癀：终止重组收购泰禾生化100%股权,负面的
终止收购泰禾生化 ST中基重组告吹,负面的
终止收购泰禾生化 海能达重组告吹,负面的
合众思壮：公开发行公司债批复到期失效,负面的
达华智能：公开发行公司债批复到期失效,负面的
合众思壮：公开发行公司债批复到期失效,负面的
建信50B：公开发行公司债批复到期失效,负面的
合众思壮：公开发行公司债批复到期失效,负面的
沪普天B：公开发行公司债批复到期失效,负面的
合众思壮：公开发行公司债批复到期失效,负面的
永高股份：公开发行公司债批复到期失效,负面的
合众思壮：公开发行公司债批复到期失效,负面的
同庆B：公开发行公司债批复到期失效,负面的
科林环保：终止收购新中水再生资源旗下14家全资子公司,负面的
海辰药业：终止收购新中水再生资源旗下14家全资子公司,负面的
科林环保：终止收购新中水再生资源旗下14家全资子公司,负面的
证通电子：终止收购新中水再生资源旗下14家全资子公司,负面的
科林环保：终止收购新中水再生资源旗下14家全资子公司,负面的
五洲新春：终止收购新中水再生资源旗下14家全资子公司,负面的
科林环保：终止收购新中水再生资源旗下14家全资子公司,负面的
横河模具：终止收购新中水再生资源旗下14家全资子公司,负面的
科林环保：终止收购新中水再生资源旗下14家全资子公司,负面的
平庄能源：终止收购新中水再生资源旗下14家全资子公司,负面的
科林环保：终止收购新中水再生资源旗下14家全资子公司,负面的
中国化学：终止收购新中水再生资源旗下14家全资子公司,负面的
科林环保：终止收购新中水再生资源旗下14家全资子公司,负面的
达实智能：终止收购新中水再生资源旗下14家全资子公司,负面的
蓝丰生化：因涉嫌信披违法违规，被证监会立案调查,负面的
西部建设：因涉嫌信披违法违规，被证监会立案调查,负面的
涉嫌信披违法违规 蓝丰生化被证监会立案调查,负面的
涉嫌信披违法违规 常山股份被证监会立案调查,负面的
蓝丰生化：涉嫌信披违法违规被证监会立案调查,负面的
富临运业：涉嫌信披违法违规被证监会立案调查,负面的
晶方科技：股东EIPAT拟在6个月内继续减持不超过6%,负面的
建摩B：股东EIPAT拟在6个月内继续减持不超过6%,负面的
晶方科技股东EIPAT拟减持不超6%股份,负面的
金融街股东EIPAT拟减持不超6%股份,负面的
晶方科技股东EIPAT拟减持不超6%股份,负面的
海信科龙股东EIPAT拟减持不超6%股份,负面的
金发拉比大股东及一致行动人拟减持不超2%股份,负面的
智光电气大股东及一致行动人拟减持不超2%股份,负面的
金发拉比：大股东及一致行动人拟减持股份,负面的
盛讯达：大股东及一致行动人拟减持股份,负面的
金发拉比：大股东及一致行动人拟减持股份,负面的
富祥股份：大股东及一致行动人拟减持股份,负面的
金发拉比大股东及一致行动人拟减持不超2%股份,负面的
中储股份大股东及一致行动人拟减持不超2%股份,负面的
金发拉比大股东及一致行动人拟减持股份,负面的
易成新能大股东及一致行动人拟减持股份,负面的
华体科技：持股2.5%的股东苏州东方汇富创业投资企业拟在6个月内减持不超过1.01%,负面的
康美药业：持股2.5%的股东苏州东方汇富创业投资企业拟在6个月内减持不超过1.01%,负面的
华体科技：东方汇富拟减持不超1％股份,负面的
非周ETF：东方汇富拟减持不超1％股份,负面的
方正证券：母公司2018年12月亏损2491.69万元,负面的
基金开元：母公司2018年12月亏损2491.69万元,负面的
方正证券：母公司2018年12月亏损2492万元,负面的
联美控股：母公司2018年12月亏损2492万元,负面的
方正证券：母公司2018年12月亏损2492万元,负面的
朗迪集团：母公司2018年12月亏损2492万元,负面的
方正证券：母公司2018年12月亏损2492万元,负面的
深证100：母公司2018年12月亏损2492万元,负面的
方正证券：母公司2018年12月亏损2492万元,负面的
两面针：母公司2018年12月亏损2492万元,负面的
方正证券：母公司2018年12月亏损2492万元,负面的
富临精工：母公司2018年12月亏损2492万元,负面的
方正证券：母公司2018年12月亏损2492万元,负面的
0601R007：母公司2018年12月亏损2492万元,负面的
南京证券：母公司2018年12月亏损2122.19万元,负面的
光明地产：母公司2018年12月亏损2122.19万元,负面的
荣晟环保：预计2018年净利同比下降约47.83%,负面的
*ST金宇：预计2018年净利同比下降约47.83%,负面的
荣晟环保2018年归属净利预降逾四成,负面的
东方新星2018年归属净利预降逾四成,负面的
荣晟环保：2018年净利预降约48%,负面的
荣晟环保：2018年净利预降约48%,负面的
中原证券：母公司2018年12月亏损1.05亿元,负面的
明牌珠宝：母公司2018年12月亏损1.05亿元,负面的
亏损1亿且计提减值2.16亿 中原证券质押踩雷,负面的
亏损1亿且计提减值2.16亿 杭萧钢构质押踩雷,负面的
西南证券：母公司2018年12月亏损2.7亿元,负面的
高铁B级：母公司2018年12月亏损2.7亿元,负面的
一汽夏利：2018年汽车累计销量同比下滑30.6%,负面的
金晶科技：2018年汽车累计销量同比下滑30.6%,负面的
一汽夏利：2018年汽车累计销量同比下滑30.6%,负面的
常山药业：2018年汽车累计销量同比下滑30.6%,负面的
一汽夏利：2018年汽车累计销量同比下滑30.6%,负面的
成长ETF：2018年汽车累计销量同比下滑30.6%,负面的
一汽夏利：2018年汽车累计销量同比下滑30.6%,负面的
鲁抗医药：2018年汽车累计销量同比下滑30.6%,负面的
湖北能源：2018年发电量同比减少7.83%,负面的
中国建筑：2018年发电量同比减少7.83%,负面的
湖北能源：2018年发电量同比减少7.83％,负面的
青松建化：2018年发电量同比减少7.83％,负面的
湖北能源：2018年发电量同比减少7.83%,负面的
阳普医疗：2018年发电量同比减少7.83%,负面的
湖北能源：2018年发电量同比减少7.83%,负面的
路桥建设：2018年发电量同比减少7.83%,负面的
湖北能源：2018年发电量同比减少7.83%,负面的
海兰信：2018年发电量同比减少7.83%,负面的
湖北能源：2018年发电量同比减少7.83%,负面的
沪电股份：2018年发电量同比减少7.83%,负面的
[公司]湖北能源2018年发电量同比减少7.83%,负面的
[公司]正裕工业2018年发电量同比减少7.83%,负面的
湖北能源2018年发电量同比减少7.83%,负面的
汇嘉时代2018年发电量同比减少7.83%,负面的
理工环科：控股股东及其法定代表人遭证监会行政处罚,负面的
宝信软件：控股股东及其法定代表人遭证监会行政处罚,负面的
理工环科：控股股东及其法定代表人遭证监会行政处罚,负面的
神州数码：控股股东及其法定代表人遭证监会行政处罚,负面的
理工环科：控股股东及其法定代表人遭证监会行政处罚,负面的
上实发展：控股股东及其法定代表人遭证监会行政处罚,负面的
理工环科：控股股东及其法定代表人遭证监会行政处罚,负面的
医药B：控股股东及其法定代表人遭证监会行政处罚,负面的
理工环科控股股东及其法人代表遭行政处罚,负面的
隧道股份控股股东及其法人代表遭行政处罚,负面的
长航凤凰：子公司部分员工辞职，预计船员业务将受影响,负面的
天成控股：子公司部分员工辞职，预计船员业务将受影响,负面的
长航凤凰：子公司部分员工辞职 预计船员业务将受影响,负面的
深深宝A：子公司部分员工辞职 预计船员业务将受影响,负面的
长航凤凰：子公司部分员工辞职 预计船员业务将受影响,负面的
黔轮胎A：子公司部分员工辞职 预计船员业务将受影响,负面的
长航凤凰：子公司部分员工辞职 预计船员业务将受影响,负面的
中华企业：子公司部分员工辞职 预计船员业务将受影响,负面的
长航凤凰：子公司部分员工辞职 预计船员业务将受影响,负面的
全筑股份：子公司部分员工辞职 预计船员业务将受影响,负面的
长航凤凰：子公司部分员工辞职 预计船员业务将受影响,负面的
鲁商置业：子公司部分员工辞职 预计船员业务将受影响,负面的
长航凤凰：子公司部分员工辞职 预计船员业务将受影响,负面的
东方网力：子公司部分员工辞职 预计船员业务将受影响,负面的
音飞储存：终止重大资产重组,负面的
史丹利：终止重大资产重组,负面的
音飞储存：终止重大资产重组,负面的
中国西电：终止重大资产重组,负面的
音飞储存终止重大资产重组,负面的
国投金融终止重大资产重组,负面的
诚邦股份：股东拟减持不超5.24%股份,负面的
幸福蓝海：股东拟减持不超5.24%股份,负面的
诚邦股份：股东拟减持不超5.24％股份,负面的
东风股份：股东拟减持不超5.24％股份,负面的
乐视网：今年以来贾跃亭持股已减少954万股,负面的
信息B：今年以来贾跃亭持股已减少954万股,负面的
乐视网：今年以来贾跃亭持股已减少954万股,负面的
泰信400A：今年以来贾跃亭持股已减少954万股,负面的
乐视网：今年以来贾跃亭持股已减少954万股,负面的
博实股份：今年以来贾跃亭持股已减少954万股,负面的
鹏起科技：近期股价大涨，董事拟减持,负面的
康斯特：近期股价大涨，董事拟减持,负面的
鹏起科技：近期股价大涨 董事拟减持,负面的
易基黄金：近期股价大涨 董事拟减持,负面的
实控人易主股价7日翻倍 鹏起科技董事拟顶格减持,负面的
实控人易主股价7日翻倍 新晨科技董事拟顶格减持,负面的
实控人易主股价7日翻倍 鹏起科技董事拟顶格减持,负面的
实控人易主股价7日翻倍 先锋电子董事拟顶格减持,负面的
张家界：终止公开发行可转债事项,负面的
家家悦：终止公开发行可转债事项,负面的
张家界：终止公开发行可转债事项,负面的
大冷股份：终止公开发行可转债事项,负面的
张家界：终止公开发行可转债事项,负面的
荣华实业：终止公开发行可转债事项,负面的
张家界：终止公开发行可转债事项,负面的
上海九百：终止公开发行可转债事项,负面的
张家界：终止公开发行可转债事项,负面的
中体产业：终止公开发行可转债事项,负面的
张家界：终止公开发行可转债事项,负面的
宝信B：终止公开发行可转债事项,负面的
皇庭国际股东和瑞九鼎计划继续减持不超6%股份,负面的
广信股份股东和瑞九鼎计划继续减持不超6%股份,负面的
熙菱信息：2018年净利预降61%至72%,负面的
海立股份：2018年净利预降61%至72%,负面的
熙菱信息：2018年净利预降61%至72%,负面的
泰晶科技：2018年净利预降61%至72%,负面的
熙菱信息：2018年净利预降61%至72%,负面的
中兴通讯：2018年净利预降61%至72%,负面的
熙菱信息2018年净利预降61%至72%,负面的
万科A2018年净利预降61%至72%,负面的
预计2018年经营业绩亏损  *ST众和存终止上市风险,负面的
预计2018年经营业绩亏损  1000ETF存终止上市风险,负面的
可立克公告，控股股东及一致行动人拟减持不超6%股份。,负面的
华夏银行公告，控股股东及一致行动人拟减持不超6%股份。,负面的
可立克：控股股东及一致行动人拟减持不超6%股份,负面的
杭萧钢构：控股股东及一致行动人拟减持不超6%股份,负面的
可立克控股股东及一致行动人拟减持不超6%股份,负面的
三圣股份控股股东及一致行动人拟减持不超6%股份,负面的
可立克：控股股东及一致行动人拟减持不超6%股份,负面的
资源A：控股股东及一致行动人拟减持不超6%股份,负面的
可立克：控股股东及一致行动人拟减持不超6%股份,负面的
皖通高速：控股股东及一致行动人拟减持不超6%股份,负面的
可立克：控股股东及一致行动人拟减持不超6％股份,负面的
深成指B：控股股东及一致行动人拟减持不超6％股份,负面的
可立克控股股东及一致行动人拟减持不超6%股份,负面的
双汇发展控股股东及一致行动人拟减持不超6%股份,负面的
可立克控股股东及一致行动人拟减持不超6%股份,负面的
盘江股份控股股东及一致行动人拟减持不超6%股份,负面的
多喜爱：实控人存在被动减持风险,负面的
三祥新材：实控人存在被动减持风险,负面的
多喜爱：实控人存在被动减持风险,负面的
英飞拓：实控人存在被动减持风险,负面的
多喜爱：实控人存在被动减持风险,负面的
山鼎设计：实控人存在被动减持风险,负面的
经营资金紧张 *ST德奥债务逾期升级,负面的
经营资金紧张 普利制药债务逾期升级,负面的
四环生物公告，涉嫌信披违规，遭证监会立案调查。,负面的
众兴菌业公告，涉嫌信披违规，遭证监会立案调查。,负面的
四环生物：涉嫌信披违规，遭证监会立案调查,负面的
广电运通：涉嫌信披违规，遭证监会立案调查,负面的
金域医学公告，股东拟减持不超6%股份。,负面的
180EWETF公告，股东拟减持不超6%股份。,负面的
金域医学：股东拟减持不超6%股份,负面的
达安股份：股东拟减持不超6%股份,负面的
金域医学：股东拟减持不超6%股份,负面的
上海家化：股东拟减持不超6%股份,负面的
金域医学：股东拟减持不超6%股份,负面的
茂业商业：股东拟减持不超6%股份,负面的
金域医学股东拟减持不超6%股份,负面的
瀚蓝环境股东拟减持不超6%股份,负面的
光电股份公告，股东汇添富基金资管拟在6个月内减持不超过2%股份。,负面的
巨轮智能公告，股东汇添富基金资管拟在6个月内减持不超过2%股份。,负面的
光电股份：股东拟减持不超2%股份,负面的
*ST韶钢：股东拟减持不超2%股份,负面的
兴民智通公告，银行账户部分资金被冻结，被冻结资金为1500万元。,负面的
易货币公告，银行账户部分资金被冻结，被冻结资金为1500万元。,负面的
兴民智通：银行账户部分资金被冻结,负面的
海南矿业：银行账户部分资金被冻结,负面的
兴民智通：合同纠纷导致银行账户1500万元资金被冻结,负面的
美芝股份：合同纠纷导致银行账户1500万元资金被冻结,负面的
骅威文化：公开发行公司债券批复到期失效,负面的
现金添富：公开发行公司债券批复到期失效,负面的
骅威文化：公开发行公司债券批复到期失效,负面的
美国消费：公开发行公司债券批复到期失效,负面的
骅威文化：公开发行公司债券批复到期失效,负面的
吉林敖东：公开发行公司债券批复到期失效,负面的
骅威文化股份有限公司关于公开发行公司债券批复到期暨终止发行的公告,负面的
博云新材股份有限公司关于公开发行公司债券批复到期暨终止发行的公告,负面的
上海莱士：质押给平安信托的8964万股股价低于平仓线,负面的
中国化学：质押给平安信托的8964万股股价低于平仓线,负面的
上海莱士：质押给平安信托的8964万股股价低于平仓线,负面的
火炬电子：质押给平安信托的8964万股股价低于平仓线,负面的
亚泰国际：终止2017年限制性股票激励计划,负面的
华商500B：终止2017年限制性股票激励计划,负面的
亚泰国际：终止2017年限制性股票激励计划,负面的
生益科技：终止2017年限制性股票激励计划,负面的
亚泰国际：终止2017年限制性股票激励计划,负面的
首创股份：终止2017年限制性股票激励计划,负面的
精研科技：股东拟合计减持不超3%股份,负面的
新泉股份：股东拟合计减持不超3%股份,负面的
精研科技：股东拟合计减持不超3%股份,负面的
上药转换：股东拟合计减持不超3%股份,负面的
精研科技两股东拟合计减持不超3%股份,负面的
宝光股份两股东拟合计减持不超3%股份,负面的
精研科技：股东拟合计减持不超3%股份,负面的
中百集团：股东拟合计减持不超3%股份,负面的
精研科技：股东拟合计减持不超3%股份,负面的
高铁A端：股东拟合计减持不超3%股份,负面的
精研科技股东拟合计减持不超3%股份,负面的
山西汾酒股东拟合计减持不超3%股份,负面的
精研科技股东拟合计减持不超3%股份,负面的
天马股份股东拟合计减持不超3%股份,负面的
万家乐确认：董事长陈环已被警方逮捕,负面的
鼎信通讯确认：董事长陈环已被警方逮捕,负面的
西藏发展：前任董事长王承波等人被刑事拘留,负面的
双环科技：前任董事长王承波等人被刑事拘留,负面的
西藏发展：前任董事长王承波等人被刑事拘留,负面的
宝莫股份：前任董事长王承波等人被刑事拘留,负面的
天能重工：终止非公开发行股票事宜,负面的
成长ETF：终止非公开发行股票事宜,负面的
天能重工终止非公开发行股票事项,负面的
湖北广电终止非公开发行股票事项,负面的
乐视网：刘淑青辞去总经理职务，副总经理袁斌和董事李宇浩辞职,负面的
同庆800A：刘淑青辞去总经理职务，副总经理袁斌和董事李宇浩辞职,负面的
乐视网总经理刘淑青和副总经理袁斌及董事李宇浩辞职,负面的
粤传媒总经理刘淑青和副总经理袁斌及董事李宇浩辞职,负面的
乐视网：总经理刘淑青、副总经理袁斌、董事李宇浩辞职,负面的
中房股份：总经理刘淑青、副总经理袁斌、董事李宇浩辞职,负面的
乐视网总经理刘淑青、副总经理袁斌以及董事李宇浩辞职,负面的
数码视讯总经理刘淑青、副总经理袁斌以及董事李宇浩辞职,负面的
众应互联：股东拟减持不超3%股份,负面的
西部资源：股东拟减持不超3%股份,负面的
众应互联股东石亚君拟减持不超3%股份,负面的
赛轮金宇股东石亚君拟减持不超3%股份,负面的
众应互联股东拟减持不超3%股份,负面的
中原内配股东拟减持不超3%股份,负面的
众应互联：股东拟减持不超3%股份,负面的
广日股份：股东拟减持不超3%股份,负面的
众应互联股东石亚君拟减持不超3%股份,负面的
片仔癀股东石亚君拟减持不超3%股份,负面的
博敏电子：实控人徐缓、谢小梅拟6个月内合计减持3.67%,负面的
鲁商置业：实控人徐缓、谢小梅拟6个月内合计减持3.67%,负面的
红相股份股东长江资本拟减持不超2.2047%股份,负面的
美的电器股东长江资本拟减持不超2.2047%股份,负面的
红相股份股东长江资本拟减持不超2.2047%股份,负面的
雪莱特股东长江资本拟减持不超2.2047%股份,负面的
沃特股份：股东黄昌华减持公司3.18%股份,负面的
光韵达：股东黄昌华减持公司3.18%股份,负面的
沃特股份：股东黄昌华减持公司3.18%股份,负面的
汇金通：股东黄昌华减持公司3.18%股份,负面的
康斯特：控股股东拟大宗交易减持不超70万股,负面的
爱仕达：控股股东拟大宗交易减持不超70万股,负面的
康斯特：控股股东拟大宗交易减持不超70万股,负面的
宁波富邦：控股股东拟大宗交易减持不超70万股,负面的
康斯特：控股股东拟大宗交易减持不超70万股,负面的
宏大爆破：控股股东拟大宗交易减持不超70万股,负面的
康斯特控股股东拟大宗交易减持不超70万股,负面的
安信宝利控股股东拟大宗交易减持不超70万股,负面的
透景生命：股东拟减持不超3%股份,负面的
东旭B：股东拟减持不超3%股份,负面的
透景生命股东上海启明拟减持不超3%股份,负面的
东方时尚股东上海启明拟减持不超3%股份,负面的
透景生命股东拟减持不超3%股份,负面的
价值ETF股东拟减持不超3%股份,负面的
天龙光电：因近期未有新订单，导致本部生产线全部停产,负面的
恒康医疗：因近期未有新订单，导致本部生产线全部停产,负面的
没有新订单 天龙光电本部生产线停产,负面的
没有新订单 葛洲CWB1本部生产线停产,负面的
信雅达：控股子公司被浙江证监局警示,负面的
老百姓：控股子公司被浙江证监局警示,负面的
神州信息：持股8.47%的股东中新苏州工业园区创业投资拟在6个月内减持不超过2%,负面的
国泰价值：持股8.47%的股东中新苏州工业园区创业投资拟在6个月内减持不超过2%,负面的
神州信息股东拟减持不超2%公司股份,负面的
万里马股东拟减持不超2%公司股份,负面的
顾地科技：董事拟减持不超236.52万股,负面的
ST狮头：董事拟减持不超236.52万股,负面的
顾地科技：董事拟减持不超236.52万股,负面的
新农开发：董事拟减持不超236.52万股,负面的
顾地科技董事拟减持不超236.52万股,负面的
美康生物董事拟减持不超236.52万股,负面的
美丽生态：股东王仁年涉及诉讼，所持部分股份或被拍卖、变卖,负面的
GQY视讯：股东王仁年涉及诉讼，所持部分股份或被拍卖、变卖,负面的
美丽生态：股东王仁年涉及诉讼 所持部分股份或被拍卖、变卖,负面的
富国天锋：股东王仁年涉及诉讼 所持部分股份或被拍卖、变卖,负面的
美丽生态：股东王仁年涉及诉讼 所持部分股份或被拍卖、变卖,负面的
融通添利：股东王仁年涉及诉讼 所持部分股份或被拍卖、变卖,负面的
大富科技：实控人所持部分股份被司法冻结,负面的
山东章鼓：实控人所持部分股份被司法冻结,负面的
大富科技：实控人所持部分股份被司法冻结,负面的
老凤祥B：实控人所持部分股份被司法冻结,负面的
大富科技：实控人所持部分股份被司法冻结,负面的
融通农业：实控人所持部分股份被司法冻结,负面的
宝塔实业：控股股东持有的部分股份可能被动减持,负面的
TMT中证B：控股股东持有的部分股份可能被动减持,负面的
天海防务控股股东及其一致行动人所持公司股份被司法冻结,负面的
深TMT控股股东及其一致行动人所持公司股份被司法冻结,负面的
天海防务：控股股东所持公司股份被司法冻结,负面的
蒙草生态：控股股东所持公司股份被司法冻结,负面的
天海防务控股股东及其一致行动人所持股份被司法冻结,负面的
格力地产控股股东及其一致行动人所持股份被司法冻结,负面的
牧高笛：深创投等拟减持不超6%股份,负面的
合润B：深创投等拟减持不超6%股份,负面的
牧高笛：深创投等拟减持不超6%股份,负面的
鲁西化工：深创投等拟减持不超6%股份,负面的
迪威迅：股权质押违约 控股股东或被动减持,负面的
平煤股份：股权质押违约 控股股东或被动减持,负面的
迪威迅：股权质押违约 控股股东或被动减持,负面的
朗源股份：股权质押违约 控股股东或被动减持,负面的
迪威迅：股权质押违约 控股股东或被动减持,负面的
双汇发展：股权质押违约 控股股东或被动减持,负面的
中储股份：迪威迅股权质押违约 控股股东或被动减持,负面的
中储股份：中小等权股权质押违约 控股股东或被动减持,负面的
ST大控：终止收购力昊金属、丰禧供应链,负面的
杭钢股份：终止收购力昊金属、丰禧供应链,负面的
终止收购力昊金属、丰禧供应链 ST大控收问询函,负面的
终止收购力昊金属、丰禧供应链 北方华创收问询函,负面的
ST大控：终止收购力昊金属、丰禧供应链,负面的
聚光科技：终止收购力昊金属、丰禧供应链,负面的
广汇能源：终止哈萨克斯坦共和国南依玛谢夫油气区块项目投资,负面的
光环新网：终止哈萨克斯坦共和国南依玛谢夫油气区块项目投资,负面的
捷荣技术股东深科技拟减持不超1%股份,负面的
长城电工股东深科技拟减持不超1%股份,负面的
捷荣技术股东深科技拟减持不超1%股份,负面的
全指能源股东深科技拟减持不超1%股份,负面的
蓝海华腾：股东南桥投资拟3个月内减持不超过1%。,负面的
佳都科技：股东南桥投资拟3个月内减持不超过1%。,负面的
蓝海华腾股东南桥投资拟减持不超1%股份,负面的
大成优选股东南桥投资拟减持不超1%股份,负面的
蓝海华腾：股东拟减持不超1%股份,负面的
皖通高速：股东拟减持不超1%股份,负面的
誉衡药业：控股股东及一致行动人拟减持不超2%股份。,负面的
巴安水务：控股股东及一致行动人拟减持不超2%股份。,负面的
邦宝益智：邦领贸易拟3个月内减持不超1.52%，中楷创投拟减持不超2.29%股份。,负面的
中核科技：邦领贸易拟3个月内减持不超1.52%，中楷创投拟减持不超2.29%股份。,负面的
银亿股份：控股股东累计遭被动减持0.56%股份,负面的
国投金融：控股股东累计遭被动减持0.56%股份,负面的
银亿股份：控股股东累计遭被动减持0.56%股份,负面的
奥克股份：控股股东累计遭被动减持0.56%股份,负面的
汇鸿集团：兴证资管旗下三个资管计划拟减持不超9.81%股份,负面的
创业板基：兴证资管旗下三个资管计划拟减持不超9.81%股份,负面的
汇鸿集团：兴证资管旗下三个资管计划拟减持不超9.81%股份,负面的
美克家居：兴证资管旗下三个资管计划拟减持不超9.81%股份,负面的
汇鸿集团：兴证资管旗下三个资管计划拟减持不超9.81%股份,负面的
网金融A：兴证资管旗下三个资管计划拟减持不超9.81%股份,负面的
汇鸿集团：兴证资管拟清仓减持不超9.81%公司股份,负面的
恒宝股份：兴证资管拟清仓减持不超9.81%公司股份,负面的
[公司]汇鸿集团遭兴证资管旗下资管计划拟减持不超9.81%股份,负面的
[公司]达华智能遭兴证资管旗下资管计划拟减持不超9.81%股份,负面的
永东股份终止受让山西稷山农商行9%股权,负面的
旷达科技终止受让山西稷山农商行9%股权,负面的
永东股份：终止受让稷山农商行9%股份,负面的
紫金矿业：终止受让稷山农商行9%股份,负面的
永东股份终止受让稷山农商行9%股份,负面的
康尼机电终止受让稷山农商行9%股份,负面的
通用股份：仓库发生火灾事故 无人员伤亡,负面的
国投资源：仓库发生火灾事故 无人员伤亡,负面的
【通用股份：仓库发生火灾事故 无人员伤亡】,负面的
【招商快线：仓库发生火灾事故 无人员伤亡】,负面的
通用股份：仓库发生火灾事故 无人员伤亡,负面的
中兴通讯：仓库发生火灾事故 无人员伤亡,负面的
马钢股份：发生煤气泄漏事故，2人死亡,负面的
国盛金控：发生煤气泄漏事故，2人死亡,负面的
汉得信息：控股股东计划减持不超过5.73%股份,负面的
文山电力：控股股东计划减持不超过5.73%股份,负面的
汉得信息：实控人及其一致行动人拟减持不超5.73%股份,负面的
哈森股份：实控人及其一致行动人拟减持不超5.73%股份,负面的
康弘药业股东拟减持不超4.45%股份,负面的
立思辰股东拟减持不超4.45%股份,负面的
康弘药业：股东拟减持不超4.45%股份,负面的
海立美达：股东拟减持不超4.45%股份,负面的
康弘药业股东拟减持不超4.45%股份,负面的
三川智慧股东拟减持不超4.45%股份,负面的
康弘药业：股东拟减持不超4.45%股份,负面的
世纪游轮：股东拟减持不超4.45%股份,负面的
康弘药业股东拟减持不超4.45%股份,负面的
春兰股份股东拟减持不超4.45%股份,负面的
康弘药业：股东拟减持不超4.45%股份,负面的
新晨科技：股东拟减持不超4.45%股份,负面的
新天药业：股东拟6个月内减持不超过2.7%,负面的
绝味食品：股东拟6个月内减持不超过2.7%,负面的
新天药业股东甲秀创投拟减持不超2.7%股份,负面的
华东科技股东甲秀创投拟减持不超2.7%股份,负面的
新天药业：股东甲秀创投拟减持不超2.7%股份,负面的
实达集团：股东甲秀创投拟减持不超2.7%股份,负面的
迪威迅：控股股东质押股票被动减持199万股,负面的
百洋股份：控股股东质押股票被动减持199万股,负面的
迪威迅：控股股东质押股票被动减持199万股,负面的
国药股份：控股股东质押股票被动减持199万股,负面的
奥飞娱乐：控股股东关联方减持2700万股,负面的
证券A端：控股股东关联方减持2700万股,负面的
奥飞娱乐：控股股东关联方减持2700万股,负面的
英力特：控股股东关联方减持2700万股,负面的
基蛋生物：股东拟减持不超9%,负面的
*ST钱江：股东拟减持不超9%,负面的
今世缘：两位董监高股东拟合计减持不超750万股,负面的
美达股份：两位董监高股东拟合计减持不超750万股,负面的
猛狮科技：大幅下修业绩预期，由预盈下调为亏损近3亿。,负面的
华仪电气：大幅下修业绩预期，由预盈下调为亏损近3亿。,负面的
猛狮科技大幅下修业绩预期 由预盈下调为亏损近3亿,负面的
齐心集团大幅下修业绩预期 由预盈下调为亏损近3亿,负面的
金洲慈航：预计上半年实现净利润4500万元-9000万元，每股收益约0.02元-0.04元。上年同期净利润为3.68亿元，每股收益0.35元。,负面的
利尔化学：预计上半年实现净利润4500万元-9000万元，每股收益约0.02元-0.04元。上年同期净利润为3.68亿元，每股收益0.35元。,负面的
金洲慈航：上半年业绩预计同比大幅下降,负面的
汇川技术：上半年业绩预计同比大幅下降,负面的
长飞光纤：网上投资者放弃认购27.58万股，弃购金额达736.79万元；网下投资者放弃认购1.98万股，弃购53万元。网上、网下投资者放弃认购股数全部由联席主承销商中金公司包销。,负面的
汉森制药：网上投资者放弃认购27.58万股，弃购金额达736.79万元；网下投资者放弃认购1.98万股，弃购53万元。网上、网下投资者放弃认购股数全部由联席主承销商中金公司包销。,负面的
长飞光纤：29.57万股新股遭弃购 弃购金额达789.8万元,负面的
梦网荣信：29.57万股新股遭弃购 弃购金额达789.8万元,负面的
长飞光纤：29.57万股新股遭弃购 弃购金额达789.8万元,负面的
抚顺特钢：29.57万股新股遭弃购 弃购金额达789.8万元,负面的
华海药业：对在美国上市的使用华海缬沙坦原料药的制剂产品从药房层面进行主动召回，可能会面临因暂停供货而引起的赔偿损失。,负面的
民生添利：对在美国上市的使用华海缬沙坦原料药的制剂产品从药房层面进行主动召回，可能会面临因暂停供货而引起的赔偿损失。,负面的
华海药业召回在美缬沙坦原料药,负面的
建信信用召回在美缬沙坦原料药,负面的
华海药业：将主动召回在美上市的华海缬沙坦制剂产品,负面的
长城电工：将主动召回在美上市的华海缬沙坦制剂产品,负面的
华海药业：将主动召回在美上市的华海缬沙坦制剂产品,负面的
中南传媒：将主动召回在美上市的华海缬沙坦制剂产品,负面的
江苏吴中：减持江苏银行1191万股，净收益超5000万元,负面的
晨化股份：减持江苏银行1191万股，净收益超5000万元,负面的
江苏吴中：减持江苏银行1191万股 净收益超5000万,负面的
信雅达：减持江苏银行1191万股 净收益超5000万,负面的
江苏吴中：减持江苏银行1191万股，净收益超5000万元,负面的
金发拉比：减持江苏银行1191万股，净收益超5000万元,负面的
江苏吴中：减持江苏银行1191万股 净收益超5000万元,负面的
华平股份：减持江苏银行1191万股 净收益超5000万元,负面的
渝三峡A：子公司取得的增值税专用发票涉嫌虚开，涉及增值税2231万元,负面的
恒锋工具：子公司取得的增值税专用发票涉嫌虚开，涉及增值税2231万元,负面的
渝三峡A：子公司取得的增值税专用发票涉嫌虚开,负面的
欧普康视：子公司取得的增值税专用发票涉嫌虚开,负面的
中装建设：股东拟减持不超过5.42%股份,负面的
科迪乳业：股东拟减持不超过5.42%股份,负面的
南风股份：公司和公司原董事长被证监会立案调查,负面的
广生堂：公司和公司原董事长被证监会立案调查,负面的
四川产业振兴发展投资基金拟减持 恒康医疗跌停,负面的
四川产业振兴发展投资基金拟减持 天士力跌停,负面的
文投控股：终止收购悦凯影视,负面的
天宸股份：终止收购悦凯影视,负面的
文投控股：终止收购悦凯影视,负面的
天源迪科：终止收购悦凯影视,负面的
文投控股终止收购悦凯影视100%股权,负面的
凯瑞德终止收购悦凯影视100%股权,负面的
远大控股：股东拟减持不超1%股份,负面的
秀强股份：股东拟减持不超1%股份,负面的
京汉股份：终止筹划重大事项，6月29日复牌,负面的
民生控股：终止筹划重大事项，6月29日复牌,负面的
京汉股份：终止重大事项 明日复牌,负面的
标普生物：终止重大事项 明日复牌,负面的
京汉股份终止重大事项 29日复牌,负面的
苏利股份终止重大事项 29日复牌,负面的
京汉股份：终止重大事项 明日复牌,负面的
今世缘：终止重大事项 明日复牌,负面的
延华智能第二大股东被动减持701.76万股,负面的
证券A第二大股东被动减持701.76万股,负面的
*ST龙力：控股股东因股票质押违约，存在被动减持可能,负面的
粤宏远A：控股股东因股票质押违约，存在被动减持可能,负面的
*ST龙力：控股股东因股票质押违约 存在被动减持可能,负面的
刚泰控股：控股股东因股票质押违约 存在被动减持可能,负面的
跃岭股份：实控人及部分股东拟减持不超3.25%股份,负面的
*ST创智：实控人及部分股东拟减持不超3.25%股份,负面的
跃岭股份：实控人及部分股东拟减持不超3.25%股份,负面的
医疗B：实控人及部分股东拟减持不超3.25%股份,负面的
跃岭股份：实控人及部分股东拟减持不超3.25%股份,负面的
隆基机械：实控人及部分股东拟减持不超3.25%股份,负面的
金能科技：国投协力基金及一致行动拟减持不超过6%股份,负面的
北巴传媒：国投协力基金及一致行动拟减持不超过6%股份,负面的
步森股份：控股股东质押股触及平仓线,负面的
上海梅林：控股股东质押股触及平仓线,负面的
杰瑞股份：孙公司高管涉嫌合同诈骗被立案侦查,负面的
跃岭股份：孙公司高管涉嫌合同诈骗被立案侦查,负面的
杰瑞股份：孙公司高管涉嫌合同诈骗被立案侦查,负面的
秋林集团：孙公司高管涉嫌合同诈骗被立案侦查,负面的
杰瑞股份孙公司高管涉嫌合同诈骗,负面的
海螺水泥孙公司高管涉嫌合同诈骗,负面的
杰瑞股份：孙公司高管涉嫌合同诈骗被立案侦查,负面的
中国化学：孙公司高管涉嫌合同诈骗被立案侦查,负面的
麦趣尔：控股股东质押的部分股票已触及平仓线,负面的
证保B级：控股股东质押的部分股票已触及平仓线,负面的
麦趣尔控股股东质押触及平仓线 过度扩张风险显现,负面的
丽珠B控股股东质押触及平仓线 过度扩张风险显现,负面的
麦趣尔控股股东部分质押股票存平仓风险,负面的
普莱柯控股股东部分质押股票存平仓风险,负面的
奥佳华：股东李五令拟减持不超3%股份,负面的
国泰商品：股东李五令拟减持不超3%股份,负面的
奥佳华：股东拟减持不超3%股份,负面的
香溢融通：股东拟减持不超3%股份,负面的
奥佳华：股东拟减持不超3%股份,负面的
宝德股份：股东拟减持不超3%股份,负面的
金地集团：1-5月签约金额同比下降6.29%,负面的
华懋科技：1-5月签约金额同比下降6.29%,负面的
金地集团前5月签约面积同比略增1%,负面的
棒杰股份前5月签约面积同比略增1%,负面的
金地集团前5月签约面积同比略增1%,负面的
九泰锐丰前5月签约面积同比略增1%,负面的
先锋电子：1.13亿股限售股6月12日解禁，占总股本75%,负面的
美力科技：1.13亿股限售股6月12日解禁，占总股本75%,负面的
金洲慈航：控股股东所质押股票触及平仓线,负面的
亚泰集团：控股股东所质押股票触及平仓线,负面的
金洲慈航：控股股东质押股份触及平仓线,负面的
国金50：控股股东质押股份触及平仓线,负面的
金洲慈航控股股东质押股票触及平仓线  或致实控人变更,负面的
兆易创新控股股东质押股票触及平仓线  或致实控人变更,负面的
光环新网：红杉资本拟6个月内清仓,负面的
徕木股份：红杉资本拟6个月内清仓,负面的
光环新网：持股1.25%股东红杉资本拟6个月内清仓减持。,负面的
石基信息：持股1.25%股东红杉资本拟6个月内清仓减持。,负面的
光环新网：红杉资本拟减持不超1.25%股份,负面的
基金安顺：红杉资本拟减持不超1.25%股份,负面的
光环新网股东红杉资本拟减持不超1.25%股份,负面的
宝馨科技股东红杉资本拟减持不超1.25%股份,负面的
深天地A：深投控拟6个月内减持不超过4%股份,负面的
方正科技：深投控拟6个月内减持不超过4%股份,负面的
深天地A股东深投控拟减持不超4%股份,负面的
亚太药业股东深投控拟减持不超4%股份,负面的
深天地A：股东深投控拟减持不超4%股份,负面的
海立B股：股东深投控拟减持不超4%股份,负面的
百傲化学股东三联林业拟减持不超2.99%股份,负面的
莱宝高科股东三联林业拟减持不超2.99%股份,负面的
海鸥股份：高晋创投拟3个月内减持不超1%股份,负面的
国民技术：高晋创投拟3个月内减持不超1%股份,负面的
鸿博股份：股东计划减持近1%股份,负面的
华中数控：股东计划减持近1%股份,负面的
美丽生态：公司及子公司逾期贷款累计5.1亿元,负面的
国泰黄金：公司及子公司逾期贷款累计5.1亿元,负面的
美丽生态：公司及子公司逾期贷款累计5.1亿元,负面的
永吉股份：公司及子公司逾期贷款累计5.1亿元,负面的
美丽生态及子公司逾期贷款累计5.1亿元,负面的
奥维通信及子公司逾期贷款累计5.1亿元,负面的
美丽生态及子公司逾期贷款累计5.1亿元,负面的
武昌鱼及子公司逾期贷款累计5.1亿元,负面的
又一家园林公司中招？美丽生态被爆5.1亿元贷款逾期,负面的
又一家园林公司中招？京新药业被爆5.1亿元贷款逾期,负面的
弘信电子：国泰创投拟减持不超4.99%股份,负面的
海南航空：国泰创投拟减持不超4.99%股份,负面的
弘信电子：国泰创投拟减持不超4.99%股份,负面的
当代东方：国泰创投拟减持不超4.99%股份,负面的
山东金泰：被媒体质疑业绩造假，上交所发问询函,负面的
中证90B：被媒体质疑业绩造假，上交所发问询函,负面的
起步股份：终止2018年限制性股票激励计划,负面的
岳阳林纸：终止2018年限制性股票激励计划,负面的
起步股份：终止2018年限制性股票激励计划,负面的
招商增荣：终止2018年限制性股票激励计划,负面的
[公司]起步股份终止2018年限制性股票激励计划,负面的
[公司]东旭B终止2018年限制性股票激励计划,负面的
西陇科学：实控人质押的2.819%股份触及平仓线,负面的
银华消费A：实控人质押的2.819%股份触及平仓线,负面的
西陇科学：实控人部分质押股票触及平仓线 7日起停牌,负面的
新界泵业：实控人部分质押股票触及平仓线 7日起停牌,负面的
雏鹰农牧：5月仔猪销售均价环比降两成,负面的
银华300：5月仔猪销售均价环比降两成,负面的
雏鹰农牧：5月仔猪销售均价环比降两成,负面的
泰和新材：5月仔猪销售均价环比降两成,负面的
雏鹰农牧：5月仔猪销售均价环比降两成,负面的
信息B：5月仔猪销售均价环比降两成,负面的
陕西金叶复牌股价暴跌 实控人2139万股遭强平,负面的
长信利众复牌股价暴跌 实控人2139万股遭强平,负面的
晶瑞股份：四股东拟合计减持不超过2.2%股份,负面的
三鑫医疗：四股东拟合计减持不超过2.2%股份,负面的
维维股份：股东拟减持不超过公司总股本的3%,负面的
星光农机：股东拟减持不超过公司总股本的3%,负面的
合锻智能：股东拟减持不超2%股份,负面的
深物业A：股东拟减持不超2%股份,负面的
合锻智能：股东拟减持不超2%股份,负面的
华光股份：股东拟减持不超2%股份,负面的
合锻智能股东中信投资控股拟减持不超2%股份,负面的
交银添利股东中信投资控股拟减持不超2%股份,负面的
合锻智能:持股5%以上股东拟减持不超过892万股 占比2%,负面的
合肥百货:持股5%以上股东拟减持不超过892万股 占比2%,负面的
合锻智能股东中信投资控股拟减持不超2%股份,负面的
恒顺醋业股东中信投资控股拟减持不超2%股份,负面的
邦讯技术：停牌系实控人质押股触及平仓线,负面的
三毛派神：停牌系实控人质押股触及平仓线,负面的
世名科技：股东华泰紫金拟6个月内减持不超过6%,负面的
龙源技术：股东华泰紫金拟6个月内减持不超过6%,负面的
世名科技股东华泰紫金合伙拟减持不超6%股份,负面的
齐翔腾达股东华泰紫金合伙拟减持不超6%股份,负面的
天圣制药副总经理王永红涉嫌犯罪被刑事拘留,负面的
京新药业副总经理王永红涉嫌犯罪被刑事拘留,负面的
天圣制药副总经理王永红涉嫌犯罪被刑事拘留,负面的
通化东宝副总经理王永红涉嫌犯罪被刑事拘留,负面的
神州信息：股东计划减持不超过2%股份,负面的
万家创A：股东计划减持不超过2%股份,负面的
陕西金叶：终止重大资产重组,负面的
锦龙股份：终止重大资产重组,负面的
麦捷科技持股5%以上股东计划减持不超3000万股,负面的
通富微电持股5%以上股东计划减持不超3000万股,负面的
麦捷科技：持股8.37%股东新艺公司拟6个月内减持不超过3000万股。,负面的
成发科技：持股8.37%股东新艺公司拟6个月内减持不超过3000万股。,负面的
科融环境：因子公司贷款逾期，部分银行账户被冻结,负面的
航天电器：因子公司贷款逾期，部分银行账户被冻结,负面的
退市吉恩：逾期债务及利息升至88.49亿元,负面的
永辉超市：逾期债务及利息升至88.49亿元,负面的
退市吉恩：逾期债务及利息升至88.49亿元,负面的
法拉电子：逾期债务及利息升至88.49亿元,负面的
退市吉恩：逾期债务及利息升至88.49亿元,负面的
立思辰：逾期债务及利息升至88.49亿元,负面的
积成电子：终止发行可转债,负面的
南风股份：终止发行可转债,负面的
积成电子宣布终止发行可转债,负面的
信达增利宣布终止发行可转债,负面的
积成电子宣布终止发行可转债,负面的
徐家汇宣布终止发行可转债,负面的
粤泰股份：终止重大资产重组 5日起复牌,负面的
黄金ETF：终止重大资产重组 5日起复牌,负面的
上市公司梦舟股份与梵雅文化收购案宣告终止,负面的
上市公司嘉实黄金与梵雅文化收购案宣告终止,负面的
西部证券：因违规股票质押回购业务遭暂停,负面的
*ST猴王：因违规股票质押回购业务遭暂停,负面的
西部证券：因违规行为 股票质押回购业务遭暂停,负面的
治理ETF：因违规行为 股票质押回购业务遭暂停,负面的
西部证券：因违规行为股票质押回购业务遭暂停,负面的
当升科技：因违规行为股票质押回购业务遭暂停,负面的
6大违规，西部证券被暂停股票质押业务6个月，或将影响分类评级!,负面的
6大违规，百傲化学被暂停股票质押业务6个月，或将影响分类评级!,负面的
四川双马：北京泛信5月累计减持763万股,负面的
纽威股份：北京泛信5月累计减持763万股,负面的
四川双马：北京泛信5月累计减持763万股,负面的
真视通：北京泛信5月累计减持763万股,负面的
盛运环保：终止重组，6月1日复牌,负面的
广电电气：终止重组，6月1日复牌,负面的
盛运环保终止重大资产重组 6月1日起复牌,负面的
金晶科技终止重大资产重组 6月1日起复牌,负面的
锦富技术：实控人质押股票已触及平仓线,负面的
成都路桥：实控人质押股票已触及平仓线,负面的
猛狮科技：股东持股被动减持,负面的
西昌电力：股东持股被动减持,负面的
融钰集团：终止筹划重大资产重组事项,负面的
供销大集：终止筹划重大资产重组事项,负面的
长川科技：天堂硅谷合丰创业拟清仓减持不超4.65%股份,负面的
E金融A：天堂硅谷合丰创业拟清仓减持不超4.65%股份,负面的
长川科技股东合丰创业拟减持不超4.65%股份,负面的
新雷能股东合丰创业拟减持不超4.65%股份,负面的
长川科技股东合丰创业拟减持不超4.65%股份,负面的
海大集团股东合丰创业拟减持不超4.65%股份,负面的
格尔软件：多名董监高拟合计减持不超过3.03%股份,负面的
第一医药：多名董监高拟合计减持不超过3.03%股份,负面的
伟明环保：控股股东及其一致行动人拟减持不超1500万股,负面的
惠泉啤酒：控股股东及其一致行动人拟减持不超1500万股,负面的
易明医药：股东计划减持不超过2%股份,负面的
科力远：股东计划减持不超过2%股份,负面的
龙大肉食：终止筹划重大资产重组,负面的
氯碱B股：终止筹划重大资产重组,负面的
龙大肉食：终止筹划重大资产重组事项,负面的
华工科技：终止筹划重大资产重组事项,负面的
德威新材：控股股东33.44%的质押股份触及平仓线,负面的
民营ETF：控股股东33.44%的质押股份触及平仓线,负面的
德威新材控股股东3.38亿质押股触及平仓线,负面的
和顺电气控股股东3.38亿质押股触及平仓线,负面的
南风股份：实控人6244万股质押股份已触及平仓线,负面的
北方稀土：实控人6244万股质押股份已触及平仓线,负面的
南风股份实控人质押股份触及平仓线,负面的
同力水泥实控人质押股份触及平仓线,负面的
莱茵体育：控股股东拟减持不超过3%股份,负面的
高科石化：控股股东拟减持不超过3%股份,负面的
莱茵体育：控股股东拟减持3%公司股票,负面的
万家优选：控股股东拟减持3%公司股票,负面的
世荣兆业：实控人的一致行动人计划减持不超过300万股,负面的
京威股份：实控人的一致行动人计划减持不超过300万股,负面的
曲江文旅：华侨城西部投资要约收购事宜终止,负面的
航天信息：华侨城西部投资要约收购事宜终止,负面的
沃施股份：重组未过会，5月31日复牌,负面的
曙光股份：重组未过会，5月31日复牌,负面的
上峰水泥：因信息披露违法被罚款40万元,负面的
准油股份：因信息披露违法被罚款40万元,负面的
信息披露违法违规 上峰水泥被罚,负面的
信息披露违法违规 国联水产被罚,负面的
普丽盛：苏州合杰拟6个月内减持不超3%股份,负面的
长盛同盛：苏州合杰拟6个月内减持不超3%股份,负面的
纳思达：股东庞江华拟减持不超1063万股,负面的
东杰智能：股东庞江华拟减持不超1063万股,负面的
纳思达：股东庞江华拟减持不超1063万股,负面的
火炬电子：股东庞江华拟减持不超1063万股,负面的
纳思达：股东庞江华拟减持不超1063万股,负面的
万达院线：股东庞江华拟减持不超1063万股,负面的
邦讯技术：控股股东部分质押股份触及平仓线,负面的
银行B端：控股股东部分质押股份触及平仓线,负面的
邦讯技术：控股股东部分质押股份触及平仓线,负面的
合肥城建：控股股东部分质押股份触及平仓线,负面的
邦讯技术控股股东部分质押股份触及平仓线,负面的
远大智能控股股东部分质押股份触及平仓线,负面的
朗源股份：股东杨建伟转让5.01%股份，拟继续减持,负面的
汇金股份：股东杨建伟转让5.01%股份，拟继续减持,负面的
退市吉恩：5月30起进入退市整理期交易，预计最后交易日为7月11日,负面的
华业资本：5月30起进入退市整理期交易，预计最后交易日为7月11日,负面的
退市吉恩：明起进入退市整理期交易，预计最后交易日为7月11日,负面的
朗科智能：明起进入退市整理期交易，预计最后交易日为7月11日,负面的
退市吉恩：明起进入退市整理期交易,负面的
三丰智能：明起进入退市整理期交易,负面的
退市吉恩：明起进入退市整理期交易 最后交易日为7月11日,负面的
浦发银行：明起进入退市整理期交易 最后交易日为7月11日,负面的
退市吉恩：明起进入退市整理期交易 预计最后交易日为7月11日,负面的
东电B股：明起进入退市整理期交易 预计最后交易日为7月11日,负面的
退市吉恩:明起进退市整理期 最后交易日为7月11日,负面的
元盛B:明起进退市整理期 最后交易日为7月11日,负面的
和科达：高管及股东拟合计减持不超3.95%股份,负面的
丹科B股：高管及股东拟合计减持不超3.95%股份,负面的
美丽生态：涉嫌信披违法违规，公司及实控人遭证监会立案调查,负面的
莲花健康：涉嫌信披违法违规，公司及实控人遭证监会立案调查,负面的
美丽生态：涉嫌信披违法违规 遭证监会立案调查,负面的
烟台冰轮：涉嫌信披违法违规 遭证监会立案调查,负面的
美丽生态：涉嫌信披违法违规，公司及实控人遭证监会立案调查,负面的
蓝帆医疗：涉嫌信披违法违规，公司及实控人遭证监会立案调查,负面的
美丽生态：涉嫌信披违法违规 遭证监会立案调查,负面的
原油基金：涉嫌信披违法违规 遭证监会立案调查,负面的
美丽生态：涉嫌信披违法违规 公司及实控人遭证监会立案调查,负面的
新晨科技：涉嫌信披违法违规 公司及实控人遭证监会立案调查,负面的
美丽生态：涉嫌信披违法违规 公司及实控人遭立案调查,负面的
东山精密：涉嫌信披违法违规 公司及实控人遭立案调查,负面的
*ST众和：因信披违法被罚款60万元,负面的
天药股份：因信披违法被罚款60万元,负面的
*ST众和：收到行政处罚决定书 遭罚款60万元,负面的
深赛格B：收到行政处罚决定书 遭罚款60万元,负面的
工业富联：333.3万股遭弃购 弃购金额达4590万元,负面的
拓尔思：333.3万股遭弃购 弃购金额达4590万元,负面的
工业富联：333.3万股遭弃购 将由承销商全额包销,负面的
辉丰股份：333.3万股遭弃购 将由承销商全额包销,负面的
工业富联333.3万股遭弃购 弃购金额创A股史上最高,负面的
斯莱克333.3万股遭弃购 弃购金额创A股史上最高,负面的
万通智控：多名股东拟合计减持不超过7%股份,负面的
亚通股份：多名股东拟合计减持不超过7%股份,负面的
万通智控：股东及董事拟合计减持不超7%股份,负面的
三力士：股东及董事拟合计减持不超7%股份,负面的
浙江仙通：两股东计划合计减持不超过3%股份,负面的
东易日盛：两股东计划合计减持不超过3%股份,负面的
新易盛：股东计划减持不超过2.84%股份,负面的
长海股份：股东计划减持不超过2.84%股份,负面的
新易盛股东刘冠军拟减持不超2.84%股份,负面的
传媒业A股东刘冠军拟减持不超2.84%股份,负面的
绿城水务：温州信德拟减持不超过1.36%股份,负面的
国电南自：温州信德拟减持不超过1.36%股份,负面的
GQY视讯：股东拟减持不超过1%股份,负面的
建新股份：股东拟减持不超过1%股份,负面的
湘电股份：控股子公司铸造公司停产整顿,负面的
宁波港：控股子公司铸造公司停产整顿,负面的
湘电股份控股子公司之铸造公司停产整顿,负面的
海德股份控股子公司之铸造公司停产整顿,负面的
湘电股份：控股子公司铸造公司停产整顿，铸造公司营业收入占公司合并营业收入的0.8,负面的
红宝丽：控股子公司铸造公司停产整顿，铸造公司营业收入占公司合并营业收入的0.8,负面的
因赛马项目披露情况，罗牛山收深交所监管函,负面的
因赛马项目披露情况，泸州老窖收深交所监管函,负面的
罗牛山收监管函：赛马项目获备案证明披露时间较晚,负面的
中国石油收监管函：赛马项目获备案证明披露时间较晚,负面的
因赛马项目披露情况 深交所向罗牛山下发监管函,负面的
因赛马项目披露情况 深交所向中光防雷下发监管函,负面的
首航节能控股股东、大股东持仓触及平仓线 29日起停牌,负面的
以岭药业控股股东、大股东持仓触及平仓线 29日起停牌,负面的
首航节能控股股东、大股东持仓触及平仓线 29日起停牌,负面的
上港集团控股股东、大股东持仓触及平仓线 29日起停牌,负面的
金龙机电：控股股东18.85%质押股份已触及平仓线,负面的
美丽生态：控股股东18.85%质押股份已触及平仓线,负面的
金龙机电：控股股东已触及平仓线的质押股份数达1.51亿股 占总股本18.85%,负面的
信息安B：控股股东已触及平仓线的质押股份数达1.51亿股 占总股本18.85%,负面的
业绩巨亏股价腰斩 金龙机电控股股东股权质押危机重重,负面的
业绩巨亏股价腰斩 亚太股份控股股东股权质押危机重重,负面的
保隆科技：两股东计划清仓出售8.75%股份,负面的
保险B：两股东计划清仓出售8.75%股份,负面的
正海生物：股东计划合计减持不超过6%股份,负面的
唐人神：股东计划合计减持不超过6%股份,负面的
三晖电气：股东计划减持不超过3%股份,负面的
金正大：股东计划减持不超过3%股份,负面的
金太阳：两高管计划合计减持不超过1%股份,负面的
太钢不锈：两高管计划合计减持不超过1%股份,负面的
泛微网络：股东计划减持不超过1%,负面的
美力科技：股东计划减持不超过1%,负面的
宏辉果蔬：股东计划减持不超过1%股份,负面的
渝开发：股东计划减持不超过1%股份,负面的
雪榕生物：副总经理计划减持不超过0.917%股份,负面的
四通新材：副总经理计划减持不超过0.917%股份,负面的
雪榕生物股东计划减持不超过398.22万股,负面的
东北制药股东计划减持不超过398.22万股,负面的
唐德影视：股东拟减持不超1.8%股份,负面的
中国软件：股东拟减持不超1.8%股份,负面的
高伟达：股东拟6个月内减持4.1639%股份,负面的
证券股B：股东拟6个月内减持4.1639%股份,负面的
金一文化：实控人质押股触及平仓线，5月29日起停牌,负面的
兴森科技：实控人质押股触及平仓线，5月29日起停牌,负面的
金一文化:实控人部分质押股份触及平仓线 明日起停牌,负面的
宝利B:实控人部分质押股份触及平仓线 明日起停牌,负面的
金一文化：实控人部分质押股份触及平仓线 明日起停牌,负面的
基金同益：实控人部分质押股份触及平仓线 明日起停牌,负面的
丝路视觉：大股东及多名高管拟合计减持不超3.36%股份,负面的
中国中冶：大股东及多名高管拟合计减持不超3.36%股份,负面的
全通教育控股股东刚套现超6000万 拟再减持1983万股,负面的
可选消费控股股东刚套现超6000万 拟再减持1983万股,负面的
弘信电子：9股东和高管计划减持11.4%股份,负面的
兴业银行：9股东和高管计划减持11.4%股份,负面的
环球印务：终止重大资产重组，5月29日复牌,负面的
汉鼎宇佑：终止重大资产重组，5月29日复牌,负面的
环球印务:终止重大资产重组,负面的
安科瑞:终止重大资产重组,负面的
熙菱信息：上半年业绩预计同比大幅下降或亏损,负面的
首商股份：上半年业绩预计同比大幅下降或亏损,负面的
熙菱信息：上半年业绩预计同比大幅下降或亏损,负面的
隆华节能：上半年业绩预计同比大幅下降或亏损,负面的
上半年业绩预计同比大幅下降或亏损 熙菱信息跌停,负面的
上半年业绩预计同比大幅下降或亏损 紫光股份跌停,负面的
 熙菱信息：上半年业绩预计同比大幅下降或亏损,负面的
 国信证券：上半年业绩预计同比大幅下降或亏损,负面的
利安隆：股东广州诚信及其一致行动人广州廷博拟清仓减持4.83%股份,负面的
宜宾纸业：股东广州诚信及其一致行动人广州廷博拟清仓减持4.83%股份,负面的
利安隆：股东拟清仓减持4.83%股份,负面的
华升股份：股东拟清仓减持4.83%股份,负面的
初灵信息：实控人拟减持不超4.74%股份,负面的
西陇科学：实控人拟减持不超4.74%股份,负面的
初灵信息：实控人拟减持不超4.74%股份,负面的
思特奇：实控人拟减持不超4.74%股份,负面的
初灵信息：实控人拟减持不超4.74%股份,负面的
张裕B：实控人拟减持不超4.74%股份,负面的
初灵信息：实控人拟减持不超4.74%股份,负面的
海螺水泥：实控人拟减持不超4.74%股份,负面的
初灵信息：实控人拟减持不超4.74%股份,负面的
互联金融：实控人拟减持不超4.74%股份,负面的
佳讯飞鸿：部分董监高拟合计减持逾2%公司股份,负面的
ST狮头：部分董监高拟合计减持逾2%公司股份,负面的
佳讯飞鸿：部分董监高拟合计减持逾2%公司股份,负面的
基金景阳：部分董监高拟合计减持逾2%公司股份,负面的
佳讯飞鸿：部分董监高拟合计减持逾2%公司股份,负面的
中创400：部分董监高拟合计减持逾2%公司股份,负面的
公安机关鉴定金盾股份：公章、财务专用章等均被伪造,负面的
公安机关鉴定交运股份：公章、财务专用章等均被伪造,负面的
金盾股份：公安机关鉴定公司公章、财务专用章均被伪造,负面的
深深宝A：公安机关鉴定公司公章、财务专用章均被伪造,负面的
金盾股份：公安机关鉴定公司的公章、财务专用章等均被伪造,负面的
振芯科技：公安机关鉴定公司的公章、财务专用章等均被伪造,负面的
金盾股份:安机关鉴定公司公章、财务专用章等均被伪造,负面的
银泰资源:安机关鉴定公司公章、财务专用章等均被伪造,负面的
*ST信通：收到公司不知情的担保诉讼案件，已向公安机关报案,负面的
同大股份：收到公司不知情的担保诉讼案件，已向公安机关报案,负面的
董事签字被仿冒了？  *ST信通涉诉37起，报案称对担保文件“不知情”,负面的
董事签字被仿冒了？  万家380涉诉37起，报案称对担保文件“不知情”,负面的
对为控股股东债务担保不知情 *ST信通向公安机关报案,负面的
对为控股股东债务担保不知情 舒泰神向公安机关报案,负面的
京威股份：中环投资终止筹划部分要约收购公司股票,负面的
天奇股份：中环投资终止筹划部分要约收购公司股票,负面的
京威股份股东中环投资终止筹划部分要约收购公司股票,负面的
甘肃电投股东中环投资终止筹划部分要约收购公司股票,负面的
京威股份股东中环投资终止筹划部分要约收购公司股票,负面的
普莱柯股东中环投资终止筹划部分要约收购公司股票,负面的
晶瑞股份：股东及高管计划合计减持不超过8.59%股份,负面的
日照港：股东及高管计划合计减持不超过8.59%股份,负面的
晶瑞股份：多名股东拟合计减持不超8.6%股份,负面的
乐心医疗：多名股东拟合计减持不超8.6%股份,负面的
山河药辅：股东及多名高管拟合计减持不超过7.54%股份,负面的
中能电气：股东及多名高管拟合计减持不超过7.54%股份,负面的
山河药辅股东及多名高管拟合计减持不超7.54%股份,负面的
京东方A股东及多名高管拟合计减持不超7.54%股份,负面的
秦安股份：7名董监高拟合计减持不超141万股,负面的
ST海洋：7名董监高拟合计减持不超141万股,负面的
秦安股份：7名董监高拟合计减持不超141万股,负面的
深纺织A：7名董监高拟合计减持不超141万股,负面的
艾华集团：董事高管拟合计减持不超148万股,负面的
时代新材：董事高管拟合计减持不超148万股,负面的
中昌数据：股东拟减持不超2%股份,负面的
科达股份：股东拟减持不超2%股份,负面的
中昌数据：股东拟减持不超2%股份,负面的
安科生物：股东拟减持不超2%股份,负面的
陇神戎发：股东计划减持不超过1%股份,负面的
网宿科技：股东计划减持不超过1%股份,负面的
南风股份：控股股东7.08%股份被司法冻结，仍无法与其取得联系,负面的
宝利国际：控股股东7.08%股份被司法冻结，仍无法与其取得联系,负面的
南风股份：实控人杨子善所持7%股份被司法冻结 目前仍无法与其取得联系,负面的
博时卓越：实控人杨子善所持7%股份被司法冻结 目前仍无法与其取得联系,负面的
[公司]南风股份实控人所持7%股份被司法冻结 目前仍无法与其取得联系,负面的
[公司]ST银山实控人所持7%股份被司法冻结 目前仍无法与其取得联系,负面的
南风股份：实控人杨子善所持7%股份被司法冻结,负面的
泛微网络：实控人杨子善所持7%股份被司法冻结,负面的
南风股份实控人所持部分股份被冻结,负面的
军工股A实控人所持部分股份被冻结,负面的
中兴商业：股东计划减持4.56%股份,负面的
佛山照明：股东计划减持4.56%股份,负面的
中兴商业：股东拟继续减持不超4.56%股份,负面的
歌尔股份：股东拟继续减持不超4.56%股份,负面的
中兴商业股东拟于六个月内减持不超过4.56%股份,负面的
中国平安股东拟于六个月内减持不超过4.56%股份,负面的
牧高笛：深创投及一致人拟6个月内减持不超6%股份,负面的
证券A端：深创投及一致人拟6个月内减持不超6%股份,负面的
牧高笛：深创投及其一致行动人拟减持不超6%股份,负面的
深深房B：深创投及其一致行动人拟减持不超6%股份,负面的
牧高笛：深创投及其一致行动人拟减持不超6%股份,负面的
乐心医疗：深创投及其一致行动人拟减持不超6%股份,负面的
三维丝：终止筹划重大资产重组 明日复牌,负面的
久立特材：终止筹划重大资产重组 明日复牌,负面的
三维丝终止资产重组 暂停上市风险仍未解除,负面的
英力特终止资产重组 暂停上市风险仍未解除,负面的
终止收购鸿盛环境 三维丝5月25日复牌,负面的
终止收购鸿盛环境 国投金融5月25日复牌,负面的
江苏银行：股价达到实施稳定股价措施启动条件,负面的
长盛同智：股价达到实施稳定股价措施启动条件,负面的
江苏银行触发实施稳定股价措施启动条件,负面的
超图软件触发实施稳定股价措施启动条件,负面的
江苏银行：触发稳定股价措施启动条件,负面的
太钢不锈：触发稳定股价措施启动条件,负面的
江苏银行触发实施稳定股价措施启动条件,负面的
劲胜精密触发实施稳定股价措施启动条件,负面的
东方铁塔：股东拟减持不超2%股份,负面的
奥瑞金：股东拟减持不超2%股份,负面的
邦讯技术：实控人质押股票被动减持,负面的
铁岭新城：实控人质押股票被动减持,负面的
邦讯技术：实控人股票质押违约 被动减持60万股,负面的
华东电脑：实控人股票质押违约 被动减持60万股,负面的
邦讯技术：实控人股票质押违约 被动减持60万股,负面的
景顺货币：实控人股票质押违约 被动减持60万股,负面的
邦讯技术：实控人股票质押违约 被动减持60万股,负面的
中航动控：实控人股票质押违约 被动减持60万股,负面的
拓维信息：股东拟减持不超过1.35%股份,负面的
长江传媒：股东拟减持不超过1.35%股份,负面的
信雅达：股东计划减持不超过0.91%股份,负面的
南宁糖业：股东计划减持不超过0.91%股份,负面的
信雅达股东春秋科技拟减持不超0.91%股份,负面的
基金汉兴股东春秋科技拟减持不超0.91%股份,负面的
信雅达股东春秋科技拟减持不超0.91%股份,负面的
西藏矿业股东春秋科技拟减持不超0.91%股份,负面的
信雅达：股东拟减持不超过400万股,负面的
泰禾光电：股东拟减持不超过400万股,负面的
东杰智能：董事王志拟6个月内减持不超过1.09%股份,负面的
工银四季：董事王志拟6个月内减持不超过1.09%股份,负面的
东杰智能董事王志拟减持不超1.09%股份,负面的
*ST华信董事王志拟减持不超1.09%股份,负面的
东杰智能董事拟减持不超1.09%股份,负面的
天弘深成董事拟减持不超1.09%股份,负面的
上海天洋：股东橙子投资计划减持不超过1%股份,负面的
瑞丰光电：股东橙子投资计划减持不超过1%股份,负面的
上海天洋股东橙子投资拟减持不超1%股份,负面的
宝钛股份股东橙子投资拟减持不超1%股份,负面的
上海天洋：股东拟减持不超1%股份,负面的
传媒业A：股东拟减持不超1%股份,负面的
上海天洋：股东拟减持不超1%股份,负面的
应流股份：股东拟减持不超1%股份,负面的
新奥股份终止重大资产重组事项 24日复牌,负面的
众兴菌业终止重大资产重组事项 24日复牌,负面的
美都能源：终止收购融汇嘉恒融资租赁,负面的
国中水务：终止收购融汇嘉恒融资租赁,负面的
上海银行：触发稳定股价措施,负面的
蒙发利：触发稳定股价措施,负面的
上海银行触发稳定股价措施 经营向好估值或修复回归,负面的
世纪瑞尔触发稳定股价措施 经营向好估值或修复回归,负面的
上海银行：触发稳定股价措施 将在6月5日前制定方案,负面的
飞利信：触发稳定股价措施 将在6月5日前制定方案,负面的
上海银行股价连续20日低于净资产 触发稳定股价措施,负面的
180ETF股价连续20日低于净资产 触发稳定股价措施,负面的
神州信息：股东计划减持2%股份,负面的
信息A：股东计划减持2%股份,负面的
神州信息：股东拟减持不超2%股份,负面的
北斗星通：股东拟减持不超2%股份,负面的
凯发电气：两股东计划减持1.16%股份,负面的
东方电热：两股东计划减持1.16%股份,负面的
星源材质持股5%以上股东计划减持不超120万股,负面的
天成控股持股5%以上股东计划减持不超120万股,负面的
恒大高新：终止收购奇热信息84%股权,负面的
广发聚利：终止收购奇热信息84%股权,负面的
恒大高新终止收购奇热信息股权,负面的
新疆浩源终止收购奇热信息股权,负面的
[公司]恒大高新终止收购奇热信息股权,负面的
[公司]飞亚达A终止收购奇热信息股权,负面的
恒大高新：终止收购奇热信息股权,负面的
葛洲坝：终止收购奇热信息股权,负面的
斯莱克：控股股东拟减持不超4%股份,负面的
曙光股份：控股股东拟减持不超4%股份,负面的
斯莱克：控股股东拟减持不超4%股份,负面的
国金50A：控股股东拟减持不超4%股份,负面的
四方精创：合计持股8.45%股东拟6个月内减持不超过2.11%股份,负面的
互利债B：合计持股8.45%股东拟6个月内减持不超过2.11%股份,负面的
四方精创股东拟减持不超2.11%股份,负面的
天创时尚股东拟减持不超2.11%股份,负面的
四方精创高管计划减持不超过228.64万股,负面的
深纺织A高管计划减持不超过228.64万股,负面的
捷荣技术：持股7.5%股东深科技拟6个月内减持不超过2%,负面的
节能风电：持股7.5%股东深科技拟6个月内减持不超过2%,负面的
捷荣技术股东深科技拟减持不超2%股份,负面的
鼎利定增股东深科技拟减持不超2%股份,负面的
捷荣技术股东深科技拟减持不超2%股份,负面的
迎驾贡酒股东深科技拟减持不超2%股份,负面的
高斯贝尔股东深圳中兴合创拟减持不超1%股份,负面的
*ST珠江股东深圳中兴合创拟减持不超1%股份,负面的
华谊嘉信：股票存在被实施暂停上市的风险,负面的
安科生物：股票存在被实施暂停上市的风险,负面的
华谊嘉信：股票存在被实施暂停上市的风险,负面的
凌云股份：股票存在被实施暂停上市的风险,负面的
华谊嘉信：股票存在被实施暂停上市的风险,负面的
天健集团：股票存在被实施暂停上市的风险,负面的
常山药业：股票存在暂停上市风险，5月23日复牌,负面的
数字认证：股票存在暂停上市风险，5月23日复牌,负面的
常山药业：股票存在暂停上市的风险 5月23日复牌,负面的
广生堂：股票存在暂停上市的风险 5月23日复牌,负面的
常山药业：股票存在暂停上市风险 明日复牌,负面的
精锻科技：股票存在暂停上市风险 明日复牌,负面的
常山药业：股票存在暂停上市风险 明日复牌,负面的
大商股份：股票存在暂停上市风险 明日复牌,负面的
粤泰股份：拟将收购标的公司股权比例下调为60%，不再构成重组,负面的
亚星化学：拟将收购标的公司股权比例下调为60%，不再构成重组,负面的
和晶科技：终止重大资产重组,负面的
朗玛信息：终止重大资产重组,负面的
法尔胜：终止重大资产重组事项，5月22日复牌,负面的
南京化纤：终止重大资产重组事项，5月22日复牌,负面的
法尔胜：终止筹划重大资产重组 明日复牌,负面的
银华鑫锐：终止筹划重大资产重组 明日复牌,负面的
金龙机电：控股股东部分质押股份触及平仓线,负面的
香溢融通：控股股东部分质押股份触及平仓线,负面的
金龙机电：控股股东部分质押股份触及平仓线,负面的
医疗A：控股股东部分质押股份触及平仓线,负面的
罗牛山：1-4月累计销售生猪7.78万头 同比增长12.75%,负面的
海立B股：1-4月累计销售生猪7.78万头 同比增长12.75%,负面的
国信证券：证监会对公司处以2100万元人民币罚款,负面的
浙江世宝：证监会对公司处以2100万元人民币罚款,负面的
国信证券：中国证监会对公司处以2100万元人民币罚款。,负面的
转债优先：中国证监会对公司处以2100万元人民币罚款。,负面的
国信证券保荐和顾问业务违规 被罚2100万元,负面的
牧高笛保荐和顾问业务违规 被罚2100万元,负面的
开立医疗：多名股东计划合计减持不超过13.1%,负面的
*ST华信：多名股东计划合计减持不超过13.1%,负面的
东北制药：中国华融计划减持6%股份,负面的
长海股份：中国华融计划减持6%股份,负面的
东北制药：中国华融拟减持不超6%股份,负面的
怡球资源：中国华融拟减持不超6%股份,负面的
凯发电气：两名股东计划合计减持不超过6%股份,负面的
普洛药业：两名股东计划合计减持不超过6%股份,负面的
凯发电气：两股东拟合计减持不超6%股份,负面的
振华股份：两股东拟合计减持不超6%股份,负面的
永和智控：股东拟继续减持不超过2.698%股份,负面的
洲际油气：股东拟继续减持不超过2.698%股份,负面的
透景生命：股东计划减持不超过2.5%股份,负面的
宝胜股份：股东计划减持不超过2.5%股份,负面的
信雅达：郭华强拟6个月内减持不超1.82%股份,负面的
大唐发电：郭华强拟6个月内减持不超1.82%股份,负面的
信雅达股东郭华强拟减持不超1.82%股份,负面的
深物业A股东郭华强拟减持不超1.82%股份,负面的
信雅达：股东拟减持不超800万股,负面的
海立美达：股东拟减持不超800万股,负面的
移为通信两股东近日合计减持2%股份,负面的
康拓红外两股东近日合计减持2%股份,负面的
威星智能董事马善炳拟减持不超80万股,负面的
聚利A董事马善炳拟减持不超80万股,负面的
威星智能董事马善炳拟减持不超80万股,负面的
创业环保董事马善炳拟减持不超80万股,负面的
威星智能：董事马善炳拟减持不超80万股,负面的
方大集团：董事马善炳拟减持不超80万股,负面的
【威星智能董事马善炳拟减持不超80万股】,负面的
【新光圆成董事马善炳拟减持不超80万股】,负面的
皖江物流公告称，收年报事后审核问询函，被要求说明营收净利背离原因及合理性等。2017年公司投资活动产生的现金流量净额为-11.17亿元，上交所要求说明公司是否存在短期偿债压力,负面的
*ST油工公告称，收年报事后审核问询函，被要求说明营收净利背离原因及合理性等。2017年公司投资活动产生的现金流量净额为-11.17亿元，上交所要求说明公司是否存在短期偿债压力,负面的
皖江物流：收年报事后审核问询函 被要求说明营收净利背离原因及合理性等,负面的
天翔环境：收年报事后审核问询函 被要求说明营收净利背离原因及合理性等,负面的
大洋电机：控股股东一致行动人拟减持不超8000万股,负面的
奥马电器：控股股东一致行动人拟减持不超8000万股,负面的
展鹏科技：股东拟减持不超3%股份,负面的
50等权：股东拟减持不超3%股份,负面的
展鹏科技两股东拟合计减持不超3%股份,负面的
深纺织B两股东拟合计减持不超3%股份,负面的
冀东水泥：股东计划减持不超过2%股份,负面的
象屿股份：股东计划减持不超过2%股份,负面的
冀东水泥股东唐山国资拟减持不超2%股份,负面的
鹏起科技股东唐山国资拟减持不超2%股份,负面的
广东鸿图：股东计划减持不超过1.38%股份,负面的
齐星铁塔：股东计划减持不超过1.38%股份,负面的
万里股份：因公司违反证券法，董事长被罚10万元,负面的
永利股份：因公司违反证券法，董事长被罚10万元,负面的
*ST大唐：中兴通讯事件对公司未来发展产生影响,负面的
汉鼎宇佑：中兴通讯事件对公司未来发展产生影响,负面的
*ST大唐：中兴通讯事件对公司未来发展产生影响,负面的
上实发展：中兴通讯事件对公司未来发展产生影响,负面的
*ST大唐：中兴通讯事件对公司未来发展产生影响,负面的
百大集团：中兴通讯事件对公司未来发展产生影响,负面的
*ST大唐：中兴通讯事件对公司未来发展产生影响,负面的
蓝帆医疗：中兴通讯事件对公司未来发展产生影响,负面的
*ST大唐：中兴通讯事件对公司未来发展产生影响,负面的
田中精机：中兴通讯事件对公司未来发展产生影响,负面的
*ST大唐：中兴通讯事件对公司未来发展产生影响,负面的
康泰生物：中兴通讯事件对公司未来发展产生影响,负面的
万润科技：总裁郝军拟减持不超428万股,负面的
雏鹰农牧：总裁郝军拟减持不超428万股,负面的
万润科技：总裁郝军拟减持不超428万股 占比0.47%,负面的
英飞拓：总裁郝军拟减持不超428万股 占比0.47%,负面的
万润科技：总裁郝军拟减持不超428万股,负面的
丰利A类：总裁郝军拟减持不超428万股,负面的
合金投资终止筹划重大事项 17日复牌,负面的
银河生物终止筹划重大事项 17日复牌,负面的
金能科技：九鼎基金拟清仓减持5.92%股份,负面的
ＲＣ-007：九鼎基金拟清仓减持5.92%股份,负面的
金能科技：九鼎基金拟清仓减持5.92%股份,负面的
双环传动：九鼎基金拟清仓减持5.92%股份,负面的
金能科技股东九鼎基金拟清仓减持5.92%股份,负面的
中欧成长股东九鼎基金拟清仓减持5.92%股份,负面的
【金能科技：九鼎基金拟清仓减持5.92%股份】,负面的
【安徽水利：九鼎基金拟清仓减持5.92%股份】,负面的
伊之密：伊川公司累计减持702万股,负面的
信息安A：伊川公司累计减持702万股,负面的
伊之密：股东终止转让部分公司股权,负面的
喜临门：股东终止转让部分公司股权,负面的
伊之密：股东终止转让部分公司股权,负面的
华新水泥：股东终止转让部分公司股权,负面的
伊之密：股东终止转让部分公司股权,负面的
迎驾贡酒：股东终止转让部分公司股权,负面的
同和药业：股东计划减持近2%股份,负面的
北矿科技：股东计划减持近2%股份,负面的
青岛海尔：股东KKR 5月16日减持公司0.94%股份,负面的
蒙草生态：股东KKR 5月16日减持公司0.94%股份,负面的
私募股权股东KKR减持青岛海尔3亿股份 占总股本近5%,负面的
私募股权股东KKR减持健康B3亿股份 占总股本近5%,负面的
会畅通讯：股东计划减持不超过2.99%股份,负面的
国金鑫新：股东计划减持不超过2.99%股份,负面的
中珠医疗：员工持股计划到期，拟减持6.96%股份,负面的
漳州发展：员工持股计划到期，拟减持6.96%股份,负面的
中珠医疗：员工持股计划将进入清算期,负面的
强力新材：员工持股计划将进入清算期,负面的
中珠医疗员工持股1号资管计划进入清算期,负面的
宇通客车员工持股1号资管计划进入清算期,负面的
中珠医疗：员工持股计划将进入清算期,负面的
尚品宅配：员工持股计划将进入清算期,负面的
众应互联：股东拟减持不超过10%股份,负面的
新湖中宝：股东拟减持不超过10%股份,负面的
众应互联：大股东石亚君拟减持不超10%股份,负面的
华电B股：大股东石亚君拟减持不超10%股份,负面的
金路集团：董事长刘江东暂不能履职,负面的
互联医C：董事长刘江东暂不能履职,负面的
金路集团：董事长刘江东暂不能履职,负面的
龙马环卫：董事长刘江东暂不能履职,负面的
金路集团：董事长刘江东暂不能履职,负面的
上50ETF：董事长刘江东暂不能履职,负面的
金路集团：董事长刘江东称暂不能履职,负面的
香港银行：董事长刘江东称暂不能履职,负面的
秦安股份：股东拟清仓7.89%股份,负面的
美丽生态：股东拟清仓7.89%股份,负面的
秦安股份三股东拟清仓减持7.89%股份,负面的
东方电缆三股东拟清仓减持7.89%股份,负面的
秦安股份三股东拟清仓减持7.89%公司股份,负面的
海兴电力三股东拟清仓减持7.89%公司股份,负面的
秦安股份遭遇业绩股价“双杀” 3股东拟清仓减持,负面的
汉王科技遭遇业绩股价“双杀” 3股东拟清仓减持,负面的
秦安股份遭遇业绩股价“双杀” 3股东拟清仓减持,负面的
潍柴重机遭遇业绩股价“双杀” 3股东拟清仓减持,负面的
常山药业：“中国1.4亿人阳痿”等数据源于券商研报 未核实准确性,负面的
ST鞍一工：“中国1.4亿人阳痿”等数据源于券商研报 未核实准确性,负面的
常山药业：“中国1.4亿人阳痿”等数据源于券商研报 公司未核实准确性,负面的
华宝添益：“中国1.4亿人阳痿”等数据源于券商研报 公司未核实准确性,负面的
常山药业：“中国1.4亿人阳痿”源于券商研报 未核实,负面的
ST东北高：“中国1.4亿人阳痿”源于券商研报 未核实,负面的
“中国1.4亿人阳痿”？常山药业：数据源于研报 未对其核实,负面的
“中国1.4亿人阳痿”？宏源证券：数据源于研报 未对其核实,负面的
海南海药：子公司涉嫌短线交易人民同泰，遭立案调查,负面的
乐心医疗：子公司涉嫌短线交易人民同泰，遭立案调查,负面的
海南海药：子公司涉嫌短线交易人民同泰，遭立案调查,负面的
申万健康：子公司涉嫌短线交易人民同泰，遭立案调查,负面的
普路通：股东计划减持不超1%股份,负面的
神州B：股东计划减持不超1%股份,负面的
恒润股份：两股东计划合计减持3%股份,负面的
信息B：两股东计划合计减持3%股份,负面的
能科股份：中科东海计划减持不超2.49%股份,负面的
中联重科：中科东海计划减持不超2.49%股份,负面的
能科股份：中科东海计划减持不超2.49%股份,负面的
西藏矿业：中科东海计划减持不超2.49%股份,负面的
诚意药业：发生安全生产事故导致1死3伤,负面的
深华发B：发生安全生产事故导致1死3伤,负面的
朗科科技：终止筹划重大资产重组,负面的
铜峰电子：终止筹划重大资产重组,负面的
朗科科技终止筹划重大资产重组,负面的
九泰锐智终止筹划重大资产重组,负面的
朗科科技终止筹划重大资产重组,负面的
宣亚国际终止筹划重大资产重组,负面的
朗科科技 终止重大资产重组,负面的
太阳纸业 终止重大资产重组,负面的
皖通科技：终止发起设立军工产业并购基金,负面的
通福B：终止发起设立军工产业并购基金,负面的
皖通科技终止发起设立军工产业并购基金,负面的
丰原药业终止发起设立军工产业并购基金,负面的
皖通科技：终止发起设立军工产业并购基金,负面的
中路B股：终止发起设立军工产业并购基金,负面的
天圣制药：副总经理李忠因涉嫌犯罪被刑事拘留,负面的
乾景园林：副总经理李忠因涉嫌犯罪被刑事拘留,负面的
天圣制药：副总经理李忠因涉嫌犯罪被刑事拘留,负面的
红利ETF：副总经理李忠因涉嫌犯罪被刑事拘留,负面的
天圣制药副总经理被拘留 董事长被要求协助调查留置,负面的
丰林集团副总经理被拘留 董事长被要求协助调查留置,负面的
天圣制药：副总经理李忠因涉嫌犯罪被刑事拘留,负面的
甘肃电投：副总经理李忠因涉嫌犯罪被刑事拘留,负面的
证监会对*ST保千里采取出具警示函措施,负面的
证监会对诚益通里采取出具警示函措施,负面的
证监会对*ST保千里采取出具警示函措施,负面的
证监会对广西广电里采取出具警示函措施,负面的
证监会对*ST保千里采取出具警示函措施,负面的
证监会对中兴通讯里采取出具警示函措施,负面的
证监会:*ST保千里至少有2.5亿被原实际控制人占用,负面的
证监会:以岭药业里至少有2.5亿被原实际控制人占用,负面的
金科文化：实控人或通过大宗交易减持不超2%股份,负面的
国风塑业：实控人或通过大宗交易减持不超2%股份,负面的
冀东装备股东唐山国资拟减持不超0.54%股份,负面的
金地ETF股东唐山国资拟减持不超0.54%股份,负面的
冀东装备股东唐山国资拟减持不超0.54%股份,负面的
东软集团股东唐山国资拟减持不超0.54%股份,负面的
大千生态：终止资产重组，5月15日复牌,负面的
南宁糖业：终止资产重组，5月15日复牌,负面的
*ST保千：涉嫌信披违规 高管遭证监会调查,负面的
三雄极光：涉嫌信披违规 高管遭证监会调查,负面的
*ST保千：涉嫌信披违规 高管遭证监会调查,负面的
光线传媒：涉嫌信披违规 高管遭证监会调查,负面的
*ST保千：涉嫌信披违规 高管遭证监会调查,负面的
皮阿诺：涉嫌信披违规 高管遭证监会调查,负面的
*ST天马：公司仍存面临被平仓的风险 14日复牌,负面的
东华科技：公司仍存面临被平仓的风险 14日复牌,负面的
海翔药业：合并报表范围内子公司瓯华化学临时停产。,负面的
红阳能源：合并报表范围内子公司瓯华化学临时停产。,负面的
海翔药业合并报表范围内子公司临时停产,负面的
中国国航合并报表范围内子公司临时停产,负面的
海翔药业：子公司瓯华化工临时停产,负面的
盐湖股份：子公司瓯华化工临时停产,负面的
天宇股份子公司临时停产 未按要求完成危险废物处理,负面的
沙隆达B子公司临时停产 未按要求完成危险废物处理,负面的
金能科技：多名股东及董监高计划减持，合计减持不超过5.092%。,负面的
同德化工：多名股东及董监高计划减持，合计减持不超过5.092%。,负面的
溢多利：股东拟减持不超1.08%股份。,负面的
华业资本：股东拟减持不超1.08%股份。,负面的
溢多利：股东拟减持不超1.08%股份,负面的
奥康国际：股东拟减持不超1.08%股份,负面的
溢多利股东态生源计划减持不超1.08%股份,负面的
商品B股东态生源计划减持不超1.08%股份,负面的
溢多利股东减持不超过1.08%公司股份,负面的
飞天诚信股东减持不超过1.08%公司股份,负面的
昊志机电：股东及高管拟合计减持不超过5.61%股份,负面的
科大国创：股东及高管拟合计减持不超过5.61%股份,负面的
恒润股份：中水汇金计划清仓3.75%股份,负面的
驰宏锌锗：中水汇金计划清仓3.75%股份,负面的
恒润股份股东中水汇金拟清仓减持不超3.75%股份,负面的
长青股份股东中水汇金拟清仓减持不超3.75%股份,负面的
恒润股份股东中水汇金拟清仓减持不超3.75%股份,负面的
同庆B股东中水汇金拟清仓减持不超3.75%股份,负面的
恒润股份股东中水汇金拟清仓减持不超3.75%股份,负面的
江南水务股东中水汇金拟清仓减持不超3.75%股份,负面的
京天利：江阴鑫源拟减持不超过1%,负面的
金莱特：江阴鑫源拟减持不超过1%,负面的
舒泰神：持股5%以上股东香塘集团之一致行动人于2018年02月26日、2018年,负面的
华统股份：持股5%以上股东香塘集团之一致行动人于2018年02月26日、2018年,负面的
恒锋信息股东福建新一代拟减持不超2.97%股份,负面的
银行业A股东福建新一代拟减持不超2.97%股份,负面的
*ST尤夫：部分高管委托信托计划所持股票被强行平仓,负面的
顺络电子：部分高管委托信托计划所持股票被强行平仓,负面的
*ST尤夫：部分高管委托设立的信托计划所持股票被强行平仓,负面的
古越龙山：部分高管委托设立的信托计划所持股票被强行平仓,负面的
南风股份：无法与控股股东杨子善取得联系，其部分质押股份面临平仓风险,负面的
越秀金控：无法与控股股东杨子善取得联系，其部分质押股份面临平仓风险,负面的
南风股份：控股股东杨子善部分质押股份面临平仓风险,负面的
工银资源：控股股东杨子善部分质押股份面临平仓风险,负面的
国信证券：终止配股事宜,负面的
通达动力：终止配股事宜,负面的
顾地科技副董事长拟减持不超1.0657%股份,负面的
报喜鸟副董事长拟减持不超1.0657%股份,负面的
陇神戎发：股东拟减持不超3%股份,负面的
山鼎设计：股东拟减持不超3%股份,负面的
陇神戎发股东拟减持不超3%股份,负面的
沧州明珠股东拟减持不超3%股份,负面的
陇神戎发股东拟减持不超3%股份,负面的
白云山A股东拟减持不超3%股份,负面的
山东路桥：高速投资今日减持1.99%股份,负面的
德艺文创：高速投资今日减持1.99%股份,负面的
网达软件股东上海网鸣拟减持不超1.36%股份,负面的
星河生物股东上海网鸣拟减持不超1.36%股份,负面的
上峰水泥遭证监会立案调查,负面的
京蓝科技遭证监会立案调查,负面的
天神娱乐：董事长被证监会立案调查,负面的
京能置业：董事长被证监会立案调查,负面的
天神娱乐：董事长被证监会立案调查,负面的
申万证券A：董事长被证监会立案调查,负面的
天神娱乐：董事长被证监会立案调查,负面的
江阴银行：董事长被证监会立案调查,负面的
富临运业：终止重大资产重组，5月11日复牌,负面的
德邦货币：终止重大资产重组，5月11日复牌,负面的
富临运业：终止重大资产重组 明日复牌,负面的
三祥新材：终止重大资产重组 明日复牌,负面的
新潮能源：终止重组，5月10日复牌,负面的
体育A：终止重组，5月10日复牌,负面的
终止重组新潮能源上演“天地板”：日内振幅达20%,负面的
终止重组中百集团上演“天地板”：日内振幅达20%,负面的
终止重组，新潮能源上演“天地板” 日内振幅高达20%,负面的
终止重组，和佳股份上演“天地板” 日内振幅高达20%,负面的
新潮能源收购“成瘾”？重组刚落空又开始买资产，复牌上演“天地板”,负面的
杭齿前进收购“成瘾”？重组刚落空又开始买资产，复牌上演“天地板”,负面的
重大资产重组有重大进展 新潮能源股价复牌涨停,负面的
重大资产重组有重大进展 S湘火炬股价复牌涨停,负面的
安诺其：终止筹划发行股份购买资产事项,负面的
晨鸣纸业：终止筹划发行股份购买资产事项,负面的
安诺其：终止筹划发行股份购买资产事项 明日复牌,负面的
渤海金控：终止筹划发行股份购买资产事项 明日复牌,负面的
特力A：二股东计划减持不超过6%股份,负面的
基金兴华：二股东计划减持不超过6%股份,负面的
中天能源：终止重组事项，5月10日复牌,负面的
丰林集团：终止重组事项，5月10日复牌,负面的
中天能源18亿并购疑云:回复监管偷换概念 信披违规？,负面的
文投控股18亿并购疑云:回复监管偷换概念 信披违规？,负面的
华铁科技：两股东计划减持不超过4.4%股份,负面的
*ST长兴：两股东计划减持不超过4.4%股份,负面的
华铁科技：实控人拟减持不超4.4%股份,负面的
朗玛信息：实控人拟减持不超4.4%股份,负面的
金石东方：两股东合计减持12.19%股份，自然人高亚萍接盘,负面的
泰信400A：两股东合计减持12.19%股份，自然人高亚萍接盘,负面的
金石东方：两股东合计减持12.19%股份 自然人高亚萍接盘,负面的
国投瑞利：两股东合计减持12.19%股份 自然人高亚萍接盘,负面的
金石东方：两股东合计减持12.19%股份 自然人高亚萍接盘,负面的
荣盛发展：两股东合计减持12.19%股份 自然人高亚萍接盘,负面的
金石东方：两股东合计减持12.19%股份，自然人高亚萍接盘,负面的
新丝路A：两股东合计减持12.19%股份，自然人高亚萍接盘,负面的
中兴通讯：受拒绝令影响，公司主要经营活动已无法进行,负面的
苏州科达：受拒绝令影响，公司主要经营活动已无法进行,负面的
中兴通讯：受拒绝令影响 公司主要经营活动已无法进行,负面的
湖北宜化：受拒绝令影响 公司主要经营活动已无法进行,负面的
中兴通讯：受拒绝令影响，公司主要经营活动已无法进行,负面的
德赛电池：受拒绝令影响，公司主要经营活动已无法进行,负面的
*ST上普：涉嫌信披违规，遭证监会立案调查,负面的
迪瑞医疗：涉嫌信披违规，遭证监会立案调查,负面的
*ST上普违规事件再度升级 查出的问题越来越多,负面的
云赛B股违规事件再度升级 查出的问题越来越多,负面的
*ST上普：涉嫌信披违规，遭证监会立案调查,负面的
中颖电子：涉嫌信披违规，遭证监会立案调查,负面的
*ST上普违规事件再度升级 查出的问题越来越多,负面的
地产A违规事件再度升级 查出的问题越来越多,负面的
北陆药业：终止筹划重大资产重组，5月9日复牌,负面的
新能泰山：终止筹划重大资产重组，5月9日复牌,负面的
北陆药业：终止筹划重大资产重组 明日复牌,负面的
华灿光电：终止筹划重大资产重组 明日复牌,负面的
北陆药业：终止筹划重大资产重组 明日复牌,负面的
惠天热电：终止筹划重大资产重组 明日复牌,负面的
科力远：亏损近六成出售第一期员工持股计划股票,负面的
金龙汽车：亏损近六成出售第一期员工持股计划股票,负面的
伊之密：伊川投资累计减持达到5%,负面的
华东重机：伊川投资累计减持达到5%,负面的
伊之密：股东伊川公司累计减持5%股份,负面的
柳化股份：股东伊川公司累计减持5%股份,负面的
伊之密：股东伊川公司累计减持5%股份,负面的
王子新材：股东伊川公司累计减持5%股份,负面的
天海防务：二股东计划减持不超过2.44%股份,负面的
信诚双盈：二股东计划减持不超过2.44%股份,负面的
天海防务：第二大股东拟减持不超2.44%股份,负面的
华英农业：第二大股东拟减持不超2.44%股份,负面的
天海防务：第二大股东拟减持不超2.44%股份,负面的
国泰进取：第二大股东拟减持不超2.44%股份,负面的
华东数控：股东计划减持不超过4%股份,负面的
浙商进取：股东计划减持不超过4%股份,负面的
华东数控：股东高新投拟减持不超过4%,负面的
通鼎互联：股东高新投拟减持不超过4%,负面的
扬帆新材：上海诚伦累计减持123万股，拟继续减持1.38%股份,负面的
星源材质：上海诚伦累计减持123万股，拟继续减持1.38%股份,负面的
达意隆：董事计划减持0.53%股份,负面的
银华日利：董事计划减持0.53%股份,负面的
东方证券4月净亏损2亿元,负面的
丰华股份4月净亏损2亿元,负面的
千山药机：合计1.2亿元债务到期未能清偿,负面的
星星科技：合计1.2亿元债务到期未能清偿,负面的
坚瑞沃能：沃特玛及其子公司名下新增25个银行账户被冻结,负面的
美盈森：沃特玛及其子公司名下新增25个银行账户被冻结,负面的
坚瑞沃能：沃特玛及其子公司名下新增25个账户被冻结,负面的
中南传媒：沃特玛及其子公司名下新增25个账户被冻结,负面的
信息发展：终止非公开发行股票,负面的
双良节能：终止非公开发行股票,负面的
信息发展：终止非公开发行股票,负面的
国寿500：终止非公开发行股票,负面的
信息发展：终止非公开发行股票,负面的
0501R091：终止非公开发行股票,负面的
宁波建工：广天日月拟6个月内减持不超过3%股份,负面的
凯莱英：广天日月拟6个月内减持不超过3%股份,负面的
宁波建工控股股东拟减持不超3%股份,负面的
基金金泰控股股东拟减持不超3%股份,负面的
依顿电子：控股股东计划减持不超过6%股份,负面的
双龙股份：控股股东计划减持不超过6%股份,负面的
国金证券：清华控股计划减持不超过2.65%股份,负面的
融钰集团：清华控股计划减持不超过2.65%股份,负面的
国金证券：清华控股拟减持不超2.65%股份,负面的
四方股份：清华控股拟减持不超2.65%股份,负面的
国金证券：清华控股拟减持不超2.65%股份,负面的
上海银行：清华控股拟减持不超2.65%股份,负面的
新开普：实控人计划减持2%股份,负面的
0501R091：实控人计划减持2%股份,负面的
千山药机：实控人遭强制平仓360.95万股,负面的
信诚机遇：实控人遭强制平仓360.95万股,负面的
千山药机：实控人钟波再度遭强制平仓23万股,负面的
航天科技：实控人钟波再度遭强制平仓23万股,负面的
千山药机：实控人钟波再度遭强制平仓23万股,负面的
杰克股份：实控人钟波再度遭强制平仓23万股,负面的
方正证券：母公司4月亏损3748.95万元,负面的
天弘深成：母公司4月亏损3748.95万元,负面的
券商4月成绩单：20家营收净利双降 方正证券亏3700万,负面的
券商4月成绩单：20家营收净利双降 莱美药业亏3700万,负面的
赣能股份：监事会主席李忠清坠楼身亡,负面的
券商A：监事会主席李忠清坠楼身亡,负面的
赣能股份:监事会主席李忠清坠楼身亡 有关部门已介入,负面的
国投瑞盛:监事会主席李忠清坠楼身亡 有关部门已介入,负面的
赣能股份：监事会主席李忠清坠楼身亡 有关部门已介入,负面的
创业A：监事会主席李忠清坠楼身亡 有关部门已介入,负面的
赣能股份监事会主席李忠清坠楼身亡，曾发生丰城发电厂事故,负面的
0513R028监事会主席李忠清坠楼身亡，曾发生丰城发电厂事故,负面的
赣能股份监事会主席李忠清坠楼身亡 官方已介入调查,负面的
怡亚通监事会主席李忠清坠楼身亡 官方已介入调查,负面的
融钰集团：大股东汇垠日丰持有的公司股票已突破平仓线，5月8日起停牌,负面的
新钢股份：大股东汇垠日丰持有的公司股票已突破平仓线，5月8日起停牌,负面的
融钰集团大股东持股触及平仓线 公司股票今起停牌,负面的
华夏银行大股东持股触及平仓线 公司股票今起停牌,负面的
融钰集团：大股东所持股票触及平仓线 明日起停牌,负面的
海越股份：大股东所持股票触及平仓线 明日起停牌,负面的
闰土股份：三家子公司临时停产排查污染问题,负面的
汤臣倍健：三家子公司临时停产排查污染问题,负面的
闰土股份：三家子公司临时停产排查污染问题,负面的
老白干酒：三家子公司临时停产排查污染问题,负面的
闰土股份：三家子公司临时停产排查污染问题,负面的
大立科技：三家子公司临时停产排查污染问题,负面的
江南化工：杭州银行从公司募资账户扣划2.1亿元，其行为构成严重违约,负面的
三维工程：杭州银行从公司募资账户扣划2.1亿元，其行为构成严重违约,负面的
江南化工：杭州银行从公司募资账户扣划2.1亿元 其行为构成严重违约,负面的
君正集团：杭州银行从公司募资账户扣划2.1亿元 其行为构成严重违约,负面的
江南化工：杭州银行从公司募资账户扣划2.1亿元 其行为构成严重违约,负面的
元成股份：杭州银行从公司募资账户扣划2.1亿元 其行为构成严重违约,负面的
江南化工:杭州银行从募资账户扣划2.1亿元 严重违约,负面的
券商A级:杭州银行从募资账户扣划2.1亿元 严重违约,负面的
江南化工：杭州银行从公司募资账户扣划2.1亿元 其行为构成严重违约,负面的
海能达：杭州银行从公司募资账户扣划2.1亿元 其行为构成严重违约,负面的
奥瑞德：控股股东部分质押股份已触及平仓线,负面的
300ETF：控股股东部分质押股份已触及平仓线,负面的
奥瑞德：控股股东部分质押股份已触及平仓线,负面的
国投中国：控股股东部分质押股份已触及平仓线,负面的
奥瑞德：控股股东部分质押股份已触及平仓线,负面的
氯碱化工：控股股东部分质押股份已触及平仓线,负面的
南风股份：董事长失联，常南代董事长,负面的
麦迪电气：董事长失联，常南代董事长,负面的
东方嘉盛：股票异动，大数据合资公司尚未产生收益,负面的
货币ETF：股票异动，大数据合资公司尚未产生收益,负面的
东方嘉盛：股票异动 大数据合资公司尚未产生收益,负面的
海鸥卫浴：股票异动 大数据合资公司尚未产生收益,负面的
*ST华信：公司业务大幅萎缩，同时应收账款也发生较大规模逾期情况,负面的
清新环境：公司业务大幅萎缩，同时应收账款也发生较大规模逾期情况,负面的
摩登大道：股票异动 不存在应披露而未披露信息,负面的
恒天海龙：股票异动 不存在应披露而未披露信息,负面的
芭田股份：松岗分公司被责令停产,负面的
澳柯玛：松岗分公司被责令停产,负面的
 芭田股份：松岗分公司被责令停产,负面的
 嘉应制药：松岗分公司被责令停产,负面的
芭田股份：松岗分公司被责令停产,负面的
广发100B：松岗分公司被责令停产,负面的
芭田股份：松岗分公司被责令停产,负面的
兄弟科技：松岗分公司被责令停产,负面的
万孚生物：持股5%以上股东计划减持178万股,负面的
园城黄金：持股5%以上股东计划减持178万股,负面的
万孚生物：科金控股计划3个月内减持1%股份,负面的
弘盈A：科金控股计划3个月内减持1%股份,负面的
江龙船艇：股东贺文军截止到2018年5月4日通过集中竞价方式累计减持公司股份93.75万股,负面的
阳泉煤业：股东贺文军截止到2018年5月4日通过集中竞价方式累计减持公司股份93.75万股,负面的
江龙船艇：贺文军累积减持0.83%股份，不再是持股5%以上股东,负面的
深证100：贺文军累积减持0.83%股份，不再是持股5%以上股东,负面的
凯众股份：股东佐力集团计划六个月内，减持公司股份不超过405.49万股，即不超过公司总股本的3.83%,负面的
华西股份：股东佐力集团计划六个月内，减持公司股份不超过405.49万股，即不超过公司总股本的3.83%,负面的
凯众股份：佐力集团拟减持不超3.83%股份,负面的
永东股份：佐力集团拟减持不超3.83%股份,负面的
蓝黛传动：终止重组，5月4日复牌,负面的
精艺股份：终止重组，5月4日复牌,负面的
优博讯股东中洲创投拟减持不超3%股份,负面的
浦东金桥股东中洲创投拟减持不超3%股份,负面的
长电科技股东新潮集团拟减持不超2.98%股份,负面的
荣科科技股东新潮集团拟减持不超2.98%股份,负面的
长电科技股东新潮集团拟减持不超2.98%股份,负面的
永新股份股东新潮集团拟减持不超2.98%股份,负面的
长电科技股东新潮集团拟减持不超2.98%股份,负面的
三友化工股东新潮集团拟减持不超2.98%股份,负面的
长电科技股东新潮集团拟减持不超2.98%股份,负面的
惠鑫B股东新潮集团拟减持不超2.98%股份,负面的
惠而浦：因连续两年年报涉嫌虚假记载 被证监会立案调查,负面的
幸福蓝海：因连续两年年报涉嫌虚假记载 被证监会立案调查,负面的
中潜股份：股东惠州祥福拟减持公司不超1.68%股权,负面的
鲁银投资：股东惠州祥福拟减持公司不超1.68%股权,负面的
中潜股份：惠州祥福拟减持公司不超1.68%股权,负面的
青岛海尔：惠州祥福拟减持公司不超1.68%股权,负面的
周大生：持股17.7647%股东北极光拟减持不超6%股份,负面的
基金安顺：持股17.7647%股东北极光拟减持不超6%股份,负面的
周大生股东北极光投资拟减持不超6%股份,负面的
中国卫星股东北极光投资拟减持不超6%股份,负面的
周大生股东北极光投资拟减持不超6%股份,负面的
广发货币股东北极光投资拟减持不超6%股份,负面的
广信材料：股东拟减持不超4.976%股份,负面的
康芝药业：股东拟减持不超4.976%股份,负面的
广信材料：持股6.22%股东深圳市宏利创新投资合伙企业（有限合伙）及其一致人拟6,负面的
理财金H：持股6.22%股东深圳市宏利创新投资合伙企业（有限合伙）及其一致人拟6,负面的
广信材料股东宏利创新及一致人拟减持不超4.976%股份,负面的
神马股份股东宏利创新及一致人拟减持不超4.976%股份,负面的
广信材料股东宏利创新及一致人拟减持不超4.976%股份,负面的
深华发A股东宏利创新及一致人拟减持不超4.976%股份,负面的
新潮能源：终止筹划重大资产重组事项,负面的
TMT中证A：终止筹划重大资产重组事项,负面的
新潮能源终止筹划重大资产重组事项,负面的
国联水产终止筹划重大资产重组事项,负面的
新潮能源终止筹划重大资产重组事项,负面的
万马股份终止筹划重大资产重组事项,负面的
星湖科技：股东汇理资产拟清仓减持14.72%股份,负面的
中通客车：股东汇理资产拟清仓减持14.72%股份,负面的
星湖科技：股东汇理资产拟清仓减持14.72%股份,负面的
中新药业：股东汇理资产拟清仓减持14.72%股份,负面的
科隆股份：控股股东及一致行动人拟减持不超5.15%股权,负面的
富国天盈：控股股东及一致行动人拟减持不超5.15%股权,负面的
盾安环境收深交所关注函：要求说明涉及盾安控股财务状况的报道是否属实,负面的
长源电力收深交所关注函：要求说明涉及盾安控股财务状况的报道是否属实,负面的
盾安环境：因控股股东财务状况问题遭深交所发函关注,负面的
苏州固锝：因控股股东财务状况问题遭深交所发函关注,负面的
奥瑞德：控股股东持股被司法冻结及终止资产重组，5月4日复牌,负面的
赛轮金宇：控股股东持股被司法冻结及终止资产重组，5月4日复牌,负面的
奥瑞德百亿重组落空 控股股东持股被冻结明日复牌,负面的
立思辰百亿重组落空 控股股东持股被冻结明日复牌,负面的
*ST中绒：控股股东未筹足资金，公司重组存失败风险,负面的
耐威科技：控股股东未筹足资金，公司重组存失败风险,负面的
华安证券股东东方创业拟减持不超1.38%股份,负面的
国投丝路股东东方创业拟减持不超1.38%股份,负面的
华安证券股东东方创业拟减持不超1.38%股份,负面的
中恒集团股东东方创业拟减持不超1.38%股份,负面的
万科A：钜盛华减持3590万股,负面的
滨化股份：钜盛华减持3590万股,负面的
钜盛华减持3590万股万科A股,负面的
钜盛华减持3590万股证券股A股,负面的
钜盛华4月27日减持3590万股万科A股 目前持股26.89%,负面的
钜盛华4月27日减持3590万股万科A股 目前持股26.89%,负面的
港交所：钜盛华在4月27日减持3590万股万科A股,负面的
港交所：钜盛华在4月27日减持3590万股漫步者股,负面的
凯撒文化：控股股东一致行动人减持1589万股,负面的
永吉股份：控股股东一致行动人减持1589万股,负面的
凯撒文化：控股股东一致行动人减持套现1.14亿元,负面的
大成创新：控股股东一致行动人减持套现1.14亿元,负面的
凯撒文化：控股股东一致行动人减持1589万股,负面的
ST生化：控股股东一致行动人减持1589万股,负面的
凯撒文化控股股东一致行动人减持,负面的
R001控股股东一致行动人减持,负面的
金石东方两股东拟清仓减持12.64%股份,负面的
申达股份两股东拟清仓减持12.64%股份,负面的
金石东方两股东拟清仓减持12.64%股份,负面的
天创时尚两股东拟清仓减持12.64%股份,负面的
东华测试：控股股东及一致行动人计划减持不超过4.99%股份,负面的
茶花股份：控股股东及一致行动人计划减持不超过4.99%股份,负面的
东华测试控股股东及一致人拟减持不超4.99%股份,负面的
飞天诚信控股股东及一致人拟减持不超4.99%股份,负面的
东华测试控股股东及一致人拟减持不超4.99%股份,负面的
融通领先控股股东及一致人拟减持不超4.99%股份,负面的
晓程科技：股东计划减持不超过2%股份,负面的
金螳螂：股东计划减持不超过2%股份,负面的
晓程科技持股5%以上股东计划减持不超过548万股,负面的
世嘉科技持股5%以上股东计划减持不超过548万股,负面的
晓程科技持股5%以上股东计划减持不超过548万股,负面的
华菱钢铁持股5%以上股东计划减持不超过548万股,负面的
金利华电：股东计划减持不超过3%股份,负面的
大豪科技：股东计划减持不超过3%股份,负面的
金利华电持股5%以上股东计划减持不超过351万股,负面的
新光圆成持股5%以上股东计划减持不超过351万股,负面的
金利华电股东金龙佳沃投资拟减持不超3%股份,负面的
杰赛科技股东金龙佳沃投资拟减持不超3%股份,负面的
三超新材：多名股东计划合计减持不超过6.09%股份,负面的
立讯精密：多名股东计划合计减持不超过6.09%股份,负面的
三超新材：多名股东计划合计减持不超过6.09%股份,负面的
佛山照明：多名股东计划合计减持不超过6.09%股份,负面的
三超新材多名股东拟合计减持不超6.09%股份,负面的
中银绒业多名股东拟合计减持不超6.09%股份,负面的
华工科技：华科机电拟减持不超过0.24%股份,负面的
韩建河山：华科机电拟减持不超过0.24%股份,负面的
兆易创新：股东拟减持不超过2.5%,负面的
工银500A：股东拟减持不超过2.5%,负面的
兆易创新：股东拟减持不超2.5%股份,负面的
德赛电池：股东拟减持不超2.5%股份,负面的
格尔软件：股东拟减持不超过2%股份,负面的
鑫科材料：股东拟减持不超过2%股份,负面的
格尔软件股东圣睿投资拟减持不超2%股份,负面的
新能B股东圣睿投资拟减持不超2%股份,负面的
联化科技两家子公司临时停产,负面的
退市博元两家子公司临时停产,负面的
联化科技：两家子公司临时停产,负面的
桃李面包：两家子公司临时停产,负面的
亚太股份：车间发生火灾，无伤亡,负面的
*ST合金：车间发生火灾，无伤亡,负面的
亚太股份：公司发生火灾事故 不影响生产经营,负面的
诺安油气：公司发生火灾事故 不影响生产经营,负面的
秦川机床：子公司终止4亿元理财计划,负面的
高争民爆：子公司终止4亿元理财计划,负面的
秦川机床：RV减速器数字化项目已获批到账830万元,负面的
东方网力：RV减速器数字化项目已获批到账830万元,负面的
宝莱特：终止非公开发行股票事项,负面的
荣泰健康：终止非公开发行股票事项,负面的
宝莱特终止非公开发行股票事项并撤回申请文件,负面的
三友化工终止非公开发行股票事项并撤回申请文件,负面的
永泰能源股东西藏泰能拟减持不超3%股份,负面的
明牌珠宝股东西藏泰能拟减持不超3%股份,负面的
永泰能源股东西藏泰能拟减持不超3%股份,负面的
泰豪科技股东西藏泰能拟减持不超3%股份,负面的
江苏吴中：全资子公司因环保问题临时停产,负面的
美都能源：全资子公司因环保问题临时停产,负面的
钧达股份：达晨系拟减持不超3%股份,负面的
信用B：达晨系拟减持不超3%股份,负面的
钧达股份：达晨系拟减持不超3%股份,负面的
智慧能源：达晨系拟减持不超3%股份,负面的
*ST龙力：收到山东证监局警示函,负面的
军工股B：收到山东证监局警示函,负面的
*ST天业：因涉嫌违反证券法律法规遭证监会立案调查,负面的
白云山A：因涉嫌违反证券法律法规遭证监会立案调查,负面的
*ST天业：涉嫌违反证券法律法规遭证监会立案调查,负面的
*ST京城：涉嫌违反证券法律法规遭证监会立案调查,负面的
*ST天业：涉嫌违反证券法律法规遭证监会立案调查,负面的
启迪古汉：涉嫌违反证券法律法规遭证监会立案调查,负面的
*ST天业：涉嫌违反证券法律法规遭证监会立案调查,负面的
中环装备：涉嫌违反证券法律法规遭证监会立案调查,负面的
*ST天业：涉嫌违反证券法律法规遭证监会立案调查,负面的
楚天高速：涉嫌违反证券法律法规遭证监会立案调查,负面的
中兴通讯：将按程序向美国提供资料 股票继续停牌,负面的
海虹控股：将按程序向美国提供资料 股票继续停牌,负面的
中兴通讯：将按程序向美国提供资料 股票继续停牌,负面的
湖北广电：将按程序向美国提供资料 股票继续停牌,负面的
中兴通讯：将按程序向美国提供资料 股票继续停牌,负面的
兴森科技：将按程序向美国提供资料 股票继续停牌,负面的
中兴通讯：将按程序向美国提供资料 继续停牌,负面的
艾比森：将按程序向美国提供资料 继续停牌,负面的
药明康德逾30万股新股遭弃购 弃购金额达700万元,负面的
金种子酒逾30万股新股遭弃购 弃购金额达700万元,负面的
药明康德逾30万股新股遭弃购 弃购金额达700万元,负面的
老凤祥B逾30万股新股遭弃购 弃购金额达700万元,负面的
药明康德逾30万股新股遭弃购 弃购金额达700万元,负面的
金达威逾30万股新股遭弃购 弃购金额达700万元,负面的
德新交运：一季度净利润同比减95.20%,负面的
上海建工：一季度净利润同比减95.20%,负面的
辽宁成大：一季报净利润1.46亿，同比下滑78.95%,负面的
海越股份：一季报净利润1.46亿，同比下滑78.95%,负面的
辽宁成大：一季报净利润1.46亿，同比下滑78.95%,负面的
黄山B股：一季报净利润1.46亿，同比下滑78.95%,负面的
一汽轿车：一季报净利同比下降67.71%,负面的
荣泰健康：一季报净利同比下降67.71%,负面的
一季报一汽夏利亏损减少 一汽轿车净利下滑68%,负面的
一季报一汽夏利亏损减少 中元股份净利下滑68%,负面的
一汽轿车：2018年一季度实现营业收入71.5亿元，同比增长1.03%；实现净利,负面的
融通货币：2018年一季度实现营业收入71.5亿元，同比增长1.03%；实现净利,负面的
蓝晓科技：董监高人员拟6个月内合计减持不超5.55%股份,负面的
二六三：董监高人员拟6个月内合计减持不超5.55%股份,负面的
蓝晓科技部分董监高拟合计减持不超过5.55%股份,负面的
古井贡B部分董监高拟合计减持不超过5.55%股份,负面的
比亚迪：一季报净利同比下降83.09%,负面的
天目药业：一季报净利同比下降83.09%,负面的
*ST华泽：无力支付审计费用致无法按期披露年报,负面的
中牧股份：无力支付审计费用致无法按期披露年报,负面的
*ST华泽：无力支付审计费用致无法按期披露年报 ,负面的
万华化学：无力支付审计费用致无法按期披露年报 ,负面的
*ST华泽：无力支付审计费用致无法按期披露年报 5月2日起停牌 已连续26个跌停,负面的
长江投资：无力支付审计费用致无法按期披露年报 5月2日起停牌 已连续26个跌停,负面的
华昌化工：一季报净利同比下滑93.72%,负面的
好莱客：一季报净利同比下滑93.72%,负面的
一汽夏利 ：一季报亏损2.2亿元,负面的
材料行业 ：一季报亏损2.2亿元,负面的
中通客车：一季报净利120万元，同比下降97.34%,负面的
福建金森：一季报净利120万元，同比下降97.34%,负面的
比亚迪：一季度净利润1.02亿元，同比下降83.09%,负面的
上海天洋：一季度净利润1.02亿元，同比下降83.09%,负面的
比亚迪一季度净利润1.02亿元 同比下降83.09%,负面的
温氏股份一季度净利润1.02亿元 同比下降83.09%,负面的
比亚迪：一季度实现净利润1.02亿元 同比下降83.09％,负面的
浙江龙盛：一季度实现净利润1.02亿元 同比下降83.09％,负面的
比亚迪：2018年一季度实现净利润1.02亿元，同比下降83.09%；扣非净利润,负面的
德展健康：2018年一季度实现净利润1.02亿元，同比下降83.09%；扣非净利润,负面的
比亚迪一季度净利润骤降83%至1亿元：受财政补贴减少影响,负面的
深冷股份一季度净利润骤降83%至1亿元：受财政补贴减少影响,负面的
安纳达：4月26日起钛白粉老系统生产线停产整治,负面的
安信货币：4月26日起钛白粉老系统生产线停产整治,负面的
安纳达：老系统生产线停产整治1个月 期间钛白粉减产约30%,负面的
朗迪集团：老系统生产线停产整治1个月 期间钛白粉减产约30%,负面的
安纳达部分生产线停产整治,负面的
达安股份部分生产线停产整治,负面的
千山药机：无法在法定期限内披露年报、一季报,负面的
朗姿股份：无法在法定期限内披露年报、一季报,负面的
千山药机：无法在法定期限内披露年报、一季报,负面的
中概互联：无法在法定期限内披露年报、一季报,负面的
金轮股份：股东朱善忠等三人拟6个月内减持不超4%股份,负面的
澳洋科技：股东朱善忠等三人拟6个月内减持不超4%股份,负面的
金轮股份：朱善忠等三人拟减持不超4%股份,负面的
华天酒店：朱善忠等三人拟减持不超4%股份,负面的
乐视网：2017年亏损138.78亿元，成为A股亏损王；2018年第一季度亏损3.07亿元；公司实际控制人可能发生变更风险,负面的
中欧动力：2017年亏损138.78亿元，成为A股亏损王；2018年第一季度亏损3.07亿元；公司实际控制人可能发生变更风险,负面的
A股年度亏损王诞生：乐视网2017年亏损逾138亿 一季度亏损超3亿,负面的
A股年度亏损王诞生：金杯电工2017年亏损逾138亿 一季度亏损超3亿,负面的
千山药机：董事、高管所持公司股票遭遇平仓被动减持,负面的
基金丰和：董事、高管所持公司股票遭遇平仓被动减持,负面的
国元证券：一季报净利同比下降31.21%,负面的
中国西电：一季报净利同比下降31.21%,负面的
国元证券一季度净利降三成 证金增持,负面的
光库科技一季度净利降三成 证金增持,负面的
国元证券一季度净利降三成 证金增持,负面的
赢合科技一季度净利降三成 证金增持,负面的
靖远煤电：拟今年择机关闭宝积山煤矿,负面的
惠裕B：拟今年择机关闭宝积山煤矿,负面的
靖远煤电：年内关闭宝积山煤矿,负面的
国投产业：年内关闭宝积山煤矿,负面的
靖远煤电：年内关闭宝积山煤矿,负面的
东方园林：年内关闭宝积山煤矿,负面的
深深房A：一季报亏损598万元,负面的
金运激光：一季报亏损598万元,负面的
凯恩股份：终止重大资产重组事项,负面的
方大化工：终止重大资产重组事项,负面的
凯恩股份终止重大资产重组事项,负面的
南兴装备终止重大资产重组事项,负面的
东方航空：一季度净利降近三成,负面的
荣之联：一季度净利降近三成,负面的
东方航空一季度客座率81.69% 净利润下降近三成,负面的
濮耐股份一季度客座率81.69% 净利润下降近三成,负面的
硅宝科技：股东郭弟民拟6个月内减持不超2%股份,负面的
航天电子：股东郭弟民拟6个月内减持不超2%股份,负面的
硅宝科技股东郭弟民拟减持不超2%股份,负面的
广百股份股东郭弟民拟减持不超2%股份,负面的
硅宝科技股东郭弟民拟减持不超2%股份,负面的
西藏城投股东郭弟民拟减持不超2%股份,负面的
东方证券：一季度净利降48% 证金持股升至4.9%,负面的
盛屯矿业：一季度净利降48% 证金持股升至4.9%,负面的
东方证券一季度净利降48% 证金增持至4.9%,负面的
特力B一季度净利降48% 证金增持至4.9%,负面的
招商证券：一季度净利降两成，证金公司增持,负面的
集琦JQP1：一季度净利降两成，证金公司增持,负面的
招商证券：一季度净利降两成 证金公司增持,负面的
天马精化：一季度净利降两成 证金公司增持,负面的
招商证券一季度净利降两成 证金增持至4.51%,负面的
新开普一季度净利降两成 证金增持至4.51%,负面的
招商证券：一季度净利降两成 证金公司增持,负面的
胜景山河：一季度净利降两成 证金公司增持,负面的
绝味食品：复星创投拟减持不超6%股份,负面的
联创光电：复星创投拟减持不超6%股份,负面的
绝味食品复星创投拟减持不超6%股份,负面的
东方创业复星创投拟减持不超6%股份,负面的
鹏起科技：决定终止重组，4月26日复牌,负面的
亚星客车：决定终止重组，4月26日复牌,负面的
重大资产重组受挫 鹏起科技股价复牌跌停,负面的
重大资产重组受挫 智光电气股价复牌跌停,负面的
同花顺：一季报净利同比下降26.37%,负面的
国企改革：一季报净利同比下降26.37%,负面的
同花顺2018年一季度营收和净利润双降,负面的
粤泰股份2018年一季度营收和净利润双降,负面的
艾格拉斯：终止重组，4月26日复牌,负面的
罗普斯金：终止重组，4月26日复牌,负面的
暴风集团：一季报亏损2954万元,负面的
国祯环保：一季报亏损2954万元,负面的
思维列控：远望谷计划减持不超过2%股份,负面的
中山公用：远望谷计划减持不超过2%股份,负面的
招商轮船：一季度净利同比下降84%,负面的
长信100：一季度净利同比下降84%,负面的
御银股份：一季报净利大幅下滑77%,负面的
上海临港：一季报净利大幅下滑77%,负面的
浙商证券：一季报净利同比下降24.22%,负面的
南京熊猫：一季报净利同比下降24.22%,负面的
明阳电路：一季报净利1055万元，同比下滑56.87%,负面的
苏州恒久：一季报净利1055万元，同比下滑56.87%,负面的
西部牧业：一季报亏损3575万元,负面的
西王食品：一季报亏损3575万元,负面的
华东数控：一季报亏损3131万元，半年报预亏9000万元至6000万元,负面的
振东制药：一季报亏损3131万元，半年报预亏9000万元至6000万元,负面的
宁波中百收上交所监管函，要求收购方说明收购资金来源,负面的
宏源证券收上交所监管函，要求收购方说明收购资金来源,负面的
宁波中百收上交所监管函 要求收购方说明收购金来源,负面的
迅游科技收上交所监管函 要求收购方说明收购金来源,负面的
【宁波中百收上交所监管函 要求收购方说明收购资金来源】,负面的
【创维数字收上交所监管函 要求收购方说明收购资金来源】,负面的
宁波中百收上交所监管函 督促说明收购资金来源,负面的
量子高科收上交所监管函 督促说明收购资金来源,负面的
拟溢价20%要约收购宁波中百27.65%股权 监管问询太平鸟集团背后资金来源,负面的
拟溢价20%要约收购津膜科技27.65%股权 监管问询太平鸟集团背后资金来源,负面的
丰元股份：五都投资计划减持不超2%股份,负面的
任子行：五都投资计划减持不超2%股份,负面的
丰元股份：五都投资计划减持不超2%股份,负面的
煤炭B：五都投资计划减持不超2%股份,负面的
星期六：下修2017年业绩快报，由预盈转为预亏超3.5亿元,负面的
惠博普：下修2017年业绩快报，由预盈转为预亏超3.5亿元,负面的
星期六：下修2017年业绩快报 由预盈转为预亏超3.5亿,负面的
兴发集团：下修2017年业绩快报 由预盈转为预亏超3.5亿,负面的
星期六：下修2017年业绩快报 由预盈转为预亏超3.5亿元,负面的
通富微电：下修2017年业绩快报 由预盈转为预亏超3.5亿元,负面的
金隅集团：一季度亏损2亿元,负面的
六国化工：一季度亏损2亿元,负面的
瑞斯康达股东及部分董监高拟合计减持不超6.6%股份,负面的
医疗A股东及部分董监高拟合计减持不超6.6%股份,负面的
瑞斯康达股东及部分董监高拟合计减持不超6.6%股份,负面的
牧原股份股东及部分董监高拟合计减持不超6.6%股份,负面的
鹏起科技：拟终止重组,负面的
长春经开：拟终止重组,负面的
鹏起科技遭上交所二度问询  终止抛售丰越环保股权,负面的
ST鑫光遭上交所二度问询  终止抛售丰越环保股权,负面的
会稽山：发行可转债申请被否,负面的
安妮股份：发行可转债申请被否,负面的
麦捷科技：控股股东及高管拟减持不超过5.77%股份,负面的
转债B：控股股东及高管拟减持不超过5.77%股份,负面的
[公司]麦捷科技控股股东及高管拟减持不超5.77%股份,负面的
[公司]中科新材控股股东及高管拟减持不超5.77%股份,负面的
中科曙光：三位董监高拟合计减持不超过1.03%股份,负面的
*ST石化B：三位董监高拟合计减持不超过1.03%股份,负面的
厦门钨业：一季报净利同比下降77.09%,负面的
万科A：一季报净利同比下降77.09%,负面的
厦门钨业一季报净利降77% 证金入股,负面的
北玻股份一季报净利降77% 证金入股,负面的
厦门钨业：一季报净利同比下降77.09%,负面的
佛塑科技：一季报净利同比下降77.09%,负面的
厦门钨业一季报净利降77% 证金入股,负面的
中原环保一季报净利降77% 证金入股,负面的
洁美科技：股东拟减持不超过2.61%股份,负面的
消费进取：股东拟减持不超过2.61%股份,负面的
洁美科技：达晨创泰等拟减持不超2.61%股份,负面的
GC001：达晨创泰等拟减持不超2.61%股份,负面的
劲拓股份：放弃对中兴通讯方面合同违约追偿权利，已交付设备可原价收回,负面的
富奥股份：放弃对中兴通讯方面合同违约追偿权利，已交付设备可原价收回,负面的
劲拓股份：放弃对中兴通讯方面合同违约追偿权利,负面的
世名科技：放弃对中兴通讯方面合同违约追偿权利,负面的
劲拓股份：放弃对中兴通讯方面合同违约追偿权利 已交付设备可原价收回,负面的
太阳鸟：放弃对中兴通讯方面合同违约追偿权利 已交付设备可原价收回,负面的
劲拓股份：放弃对中兴通讯方面合同违约追偿权利,负面的
基金同盛：放弃对中兴通讯方面合同违约追偿权利,负面的
正元智慧：股东计划减持不超过4.5%股份,负面的
广聚能源：股东计划减持不超过4.5%股份,负面的
乐视网：公司控股子公司新乐视智家与京东签署意向性协议。此外，公司尚未取得2017年度审计报告，将延期至4月27日进行披露。截至目前，基于目前审计工作结果，公司2017年净利润亏损额可能进一步扩大，未出现账面净资产为负等导致公司不具备上市条件的情形。,负面的
漳泽电力：公司控股子公司新乐视智家与京东签署意向性协议。此外，公司尚未取得2017年度审计报告，将延期至4月27日进行披露。截至目前，基于目前审计工作结果，公司2017年净利润亏损额可能进一步扩大，未出现账面净资产为负等导致公司不具备上市条件的情形。,负面的
乐视网公告：延期披露年报 新乐视智家与京东战略合作,负面的
博迈科公告：延期披露年报 新乐视智家与京东战略合作,负面的
际华集团股东财通基金拟减持不超3%股份,负面的
元力股份股东财通基金拟减持不超3%股份,负面的
际华集团：财通基金拟减持不超3%股份,负面的
仙琚制药：财通基金拟减持不超3%股份,负面的
光启技术：一季度净利同比下降37%,负面的
供销大集：一季度净利同比下降37%,负面的
光启技术：一季度净利同比下降37%,负面的
洛阳钼业：一季度净利同比下降37%,负面的
光启技术：一季度净利同比下降37%,负面的
号百控股：一季度净利同比下降37%,负面的
凯恩股份：拟终止重组收购卓能新能源有限87%股权,负面的
互利债B：拟终止重组收购卓能新能源有限87%股权,负面的
凯恩股份：拟终止重组收购卓能新能源有限87%股权,负面的
兄弟科技：拟终止重组收购卓能新能源有限87%股权,负面的
华西证券：一季报净利同比下降17.72%,负面的
天创时尚：一季报净利同比下降17.72%,负面的
华西证券：一季度净利同比下降17.72%,负面的
丰利债B：一季度净利同比下降17.72%,负面的
[季报]华西证券一季度净利同比下降17.72%,负面的
[季报]N久吾一季度净利同比下降17.72%,负面的
圣阳股份：终止重组收购中民投旗下中民新光,负面的
申通地铁：终止重组收购中民投旗下中民新光,负面的
圣阳股份：终止重组收购中民投旗下中民新光,负面的
金轮股份：终止重组收购中民投旗下中民新光,负面的
东方精工：股东计划减持不超过2%股份,负面的
华侨城A：股东计划减持不超过2%股份,负面的
东方精工股东余文芳拟减持不超2%股份,负面的
古越龙山股东余文芳拟减持不超2%股份,负面的
东方精工股东余文芳拟减持不超2%股份,负面的
迪森股份股东余文芳拟减持不超2%股份,负面的
东方精工：余文芳拟减持2%股份,负面的
富邦股份：余文芳拟减持2%股份,负面的
温氏股份一季报：净利14亿，同比下滑4%,负面的
刚泰控股一季报：净利14亿，同比下滑4%,负面的
温氏股份：一季度净利14亿元 猪、鸡业务行情分化,负面的
江淮汽车：一季度净利14亿元 猪、鸡业务行情分化,负面的
科大讯飞：一季度扣非净利下滑46.34%,负面的
500ETF：一季度扣非净利下滑46.34%,负面的
蓝科高新：股票简称将变更为“*ST蓝科”,负面的
蓝科高新：股票简称将变更为“基金久嘉”,负面的
乐视网：股价异动，不存在应披露而未披露重大事项，新乐视智家2017年的营业收入和销售规模指标均较以前年度出现了大幅下滑,负面的
猛狮科技：股价异动，不存在应披露而未披露重大事项，新乐视智家2017年的营业收入和销售规模指标均较以前年度出现了大幅下滑,负面的
粤传媒：2017年净利润7255.12万元，同比减少61.72%,负面的
精华制药：2017年净利润7255.12万元，同比减少61.72%,负面的
联化科技：副董事长拟减持不超213万股,负面的
海天味业：副董事长拟减持不超213万股,负面的
联化科技：副董事长拟减持不超213万股,负面的
钧达股份：副董事长拟减持不超213万股,负面的
科大国创：雅弘投资计划半年内减持不超6%股份,负面的
丰元股份：雅弘投资计划半年内减持不超6%股份,负面的
科大国创：雅弘投资拟减持不超6%股份,负面的
券商B级：雅弘投资拟减持不超6%股份,负面的
皇氏集团：年报净利由2.33亿下修至5657万,负面的
中电鑫龙：年报净利由2.33亿下修至5657万,负面的
双杰电气：终止筹划重大资产重组，4月20日复牌,负面的
基金金盛：终止筹划重大资产重组，4月20日复牌,负面的
双杰电气终止筹划重大资产重组事项 20日起复牌,负面的
华力创通终止筹划重大资产重组事项 20日起复牌,负面的
双杰电气：终止重组天津东皋膜 后续或将重启收购,负面的
广和通：终止重组天津东皋膜 后续或将重启收购,负面的
台基股份：股东富华远东拟清仓减持不超过5%股份,负面的
广日股份：股东富华远东拟清仓减持不超过5%股份,负面的
台基股份股东富华远东拟清仓减持5%股份,负面的
维维股份股东富华远东拟清仓减持5%股份,负面的
台基股份股东富华远东拟清仓减持5%股份,负面的
天山股份股东富华远东拟清仓减持5%股份,负面的
台基股份股东富华远东拟清仓减持5%股份,负面的
江苏银行股东富华远东拟清仓减持5%股份,负面的
台基股份股东富华远东拟清仓减持5%股份,负面的
世纪华通股东富华远东拟清仓减持5%股份,负面的
英飞特：两股东计划合计减持不超过2.24%,负面的
杰赛科技：两股东计划合计减持不超过2.24%,负面的
英飞特两股东拟合计减持不超2.24%股份,负面的
新纶科技两股东拟合计减持不超2.24%股份,负面的
振华股份：部分董监事拟合计减持不超1.017%股份,负面的
沙隆达B：部分董监事拟合计减持不超1.017%股份,负面的
振华股份部分董监事拟合计减持不超1.017%股份,负面的
景峰医药部分董监事拟合计减持不超1.017%股份,负面的
冀东水泥一季报亏损4.86亿元,负面的
金圆股份一季报亏损4.86亿元,负面的
西部证券：年报净利下滑32.54%，一季报净利下滑10.71%,负面的
瑞福进取：年报净利下滑32.54%，一季报净利下滑10.71%,负面的
坚瑞沃能：2017年净利润修正为亏损近37亿,负面的
哈森股份：2017年净利润修正为亏损近37亿,负面的
坚瑞沃能：2017年净利润由盈利修正为亏损近37亿元,负面的
兴全300：2017年净利润由盈利修正为亏损近37亿元,负面的
坚瑞沃能：2017年净利润修正为亏损近37亿,负面的
泰晶科技：2017年净利润修正为亏损近37亿,负面的
坚瑞沃能：2017年净利润修正为亏损近37亿,负面的
申万证券B：2017年净利润修正为亏损近37亿,负面的
瀛通通讯：深圳达晨创恒等三股东拟合计减持不超过2.4%股份,负面的
长信科技：深圳达晨创恒等三股东拟合计减持不超过2.4%股份,负面的
移为通信：股东拟合计减持不超过4.3%股份,负面的
顺丰控股：股东拟合计减持不超过4.3%股份,负面的
西昌电力：预计一季报净利下滑85%,负面的
中文传媒：预计一季报净利下滑85%,负面的
英威腾：实控人拟减持不超3%股份,负面的
城地股份：实控人拟减持不超3%股份,负面的
英威腾实控人及部分董事拟合计减持不超4.16%股份,负面的
爱建集团实控人及部分董事拟合计减持不超4.16%股份,负面的
星帅尔：股东计划减持不超过2%股份,负面的
永贵电器：股东计划减持不超过2%股份,负面的
星帅尔股东新麟二期拟减持不超2%股份,负面的
湘油泵股东新麟二期拟减持不超2%股份,负面的
凯众股份：股东上汽创投拟6个月内减持不超2%股份,负面的
银禧科技：股东上汽创投拟6个月内减持不超2%股份,负面的
凯众股份股东上汽创投拟减持不超2%股份,负面的
三聚环保股东上汽创投拟减持不超2%股份,负面的
江化微：持股2.96%的原董事陈永勤计划减持不超过2%股份。,负面的
*ST烯碳：持股2.96%的原董事陈永勤计划减持不超过2%股份。,负面的
正丹股份：股东拟减持不超过6%股份,负面的
浩丰科技：股东拟减持不超过6%股份,负面的
尔康制药：因两年虚增利润约2.5亿元被罚款60万元,负面的
广联达：因两年虚增利润约2.5亿元被罚款60万元,负面的
尔康制药：涉嫌两年虚增利润约2.5亿 将遭证监会处罚,负面的
先进数通：涉嫌两年虚增利润约2.5亿 将遭证监会处罚,负面的
尔康制药虚增利润2.5亿被罚60万 质押股份已触平仓线,负面的
华测导航虚增利润2.5亿被罚60万 质押股份已触平仓线,负面的
尔康制药涉嫌虚增利润2.5亿 遭证监会警告并罚款60万元,负面的
北部湾旅涉嫌虚增利润2.5亿 遭证监会警告并罚款60万元,负面的
中兴通讯：延期披露一季报，继续停牌,负面的
招商标普金砖四国指数：延期披露一季报，继续停牌,负面的
乐视网：无法确认FF资金来源与贾跃亭未履约借款有无关系,负面的
联美控股：无法确认FF资金来源与贾跃亭未履约借款有无关系,负面的
通光线缆股东张钟拟减持不超1%股份,负面的
龙宇燃油股东张钟拟减持不超1%股份,负面的
通光线缆股东张钟拟减持不超1%股份,负面的
北信源股东张钟拟减持不超1%股份,负面的
嘉化能源：重大事项可能涉及终止本次重组,负面的
东方雨虹：重大事项可能涉及终止本次重组,负面的
嘉化能源终止重大资产重组事项,负面的
富临运业终止重大资产重组事项,负面的
厦门钨业：一季度净利润同比降77%,负面的
奥维通信：一季度净利润同比降77%,负面的
方正证券一季报：净利3.16亿，同比下滑21.81%,负面的
珍宝岛一季报：净利3.16亿，同比下滑21.81%,负面的
赣能股份：下属电厂违反环保规定，被没收电价款34.16万元,负面的
同庆800B：下属电厂违反环保规定，被没收电价款34.16万元,负面的
普利制药股东瑞康投资拟减持不超6%股份,负面的
海亮股份股东瑞康投资拟减持不超6%股份,负面的
 普利制药股东瑞康投资拟减持不超6%股份,负面的
 宁波高发股东瑞康投资拟减持不超6%股份,负面的
龙宇燃油：平安大华基金拟清仓减持5.43%股份,负面的
重组B：平安大华基金拟清仓减持5.43%股份,负面的
科林电气：嘉昊九鼎计划清仓减持8.1%股份,负面的
利达光电：嘉昊九鼎计划清仓减持8.1%股份,负面的
科林电气：嘉昊九鼎拟减持公司不超8.1%股份,负面的
维格娜丝：嘉昊九鼎拟减持公司不超8.1%股份,负面的
S佳通：2017年净利润同比下滑六成,负面的
黑牡丹：2017年净利润同比下滑六成,负面的
S佳通：2017年净利润同比下滑六成,负面的
欧菲光：2017年净利润同比下滑六成,负面的
中泰化学：浙江富丽达累计减持4127万股，计划继续减持1%股份,负面的
泰晶科技：浙江富丽达累计减持4127万股，计划继续减持1%股份,负面的
南洋股份：终止筹划重大资产重组，4月17日复牌,负面的
天弘深成：终止筹划重大资产重组，4月17日复牌,负面的
南洋股份终止筹划重大资产重组 17日起复牌,负面的
国星光电终止筹划重大资产重组 17日起复牌,负面的
南洋股份：终止筹划重大资产重组 明日复牌,负面的
天虹商场：终止筹划重大资产重组 明日复牌,负面的
南洋股份终止筹划重大资产重组 股票复牌,负面的
乐通股份终止筹划重大资产重组 股票复牌,负面的
南洋股份：终止筹划重大资产重组 明日复牌,负面的
隆平高科：终止筹划重大资产重组 明日复牌,负面的
因核心条款未谈拢 南洋股份终止收购湖北泰跃股权,负面的
因核心条款未谈拢 航天动力终止收购湖北泰跃股权,负面的
恒锋信息：中比基金拟减持不超4%股份,负面的
通宇通讯：中比基金拟减持不超4%股份,负面的
恒锋信息：中比基金拟减持不超4%股份,负面的
华宸300：中比基金拟减持不超4%股份,负面的
恒锋信息股东中比基金拟减持不超4%股份,负面的
多利优先股东中比基金拟减持不超4%股份,负面的
神火股份：下属薛湖煤矿发生安全事故，2人死亡,负面的
华纺股份：下属薛湖煤矿发生安全事故，2人死亡,负面的
神火股份：下属薛湖煤矿发生安全事故 2人死亡,负面的
融通农业：下属薛湖煤矿发生安全事故 2人死亡,负面的
神火股份：下属薛湖煤矿发生安全事故 2人死亡,负面的
华峰超纤：下属薛湖煤矿发生安全事故 2人死亡,负面的
神火股份：公司下属薛湖煤矿发生安全事故 2死3伤,负面的
湖南天雁：公司下属薛湖煤矿发生安全事故 2死3伤,负面的
晨化股份：股东中比基金拟减持不超2%股份,负面的
巨力索具：股东中比基金拟减持不超2%股份,负面的
晨化股份股东中比基金拟减持不超2%股份,负面的
南方天元股东中比基金拟减持不超2%股份,负面的
五洋停车：控股股东及实控人计划减持不超过3%股份,负面的
*ST金瑞：控股股东及实控人计划减持不超过3%股份,负面的
【五洋停车：控股股东及实控人计划减持不超过3%股份】,负面的
【辉丰股份：控股股东及实控人计划减持不超过3%股份】,负面的
五洋停车控股股东拟减持不超3%股份,负面的
三角轮胎控股股东拟减持不超3%股份,负面的
国电电力年报：净利同比下降54.81%,负面的
麦格米特年报：净利同比下降54.81%,负面的
国电电力连续7年高比例现金分红,负面的
厦门国贸连续7年高比例现金分红,负面的
国电电力年报：实现营业收入598.3亿元，同比增长2.43%；实现净利润20.6,负面的
*ST新集年报：实现营业收入598.3亿元，同比增长2.43%；实现净利润20.6,负面的
宇顺电子：拟终止收购星美影院,负面的
法兰泰克：拟终止收购星美影院,负面的
重庆百货尚未与阿里系就混改进行商谈,负面的
四方冷链尚未与阿里系就混改进行商谈,负面的
重庆百货：媒体报道不实 尚未与阿里系就混改事宜进行商谈,负面的
京天利：媒体报道不实 尚未与阿里系就混改事宜进行商谈,负面的
阿里系或入局混改？重庆百货澄清：报道与事实不符,负面的
阿里系或入局混改？新能车A澄清：报道与事实不符,负面的
阿里系或入局混改？重庆百货澄清：报道与事实不符,负面的
阿里系或入局混改？创业板EF澄清：报道与事实不符,负面的
飞乐音响公告，年报审计工作发现重大事项，2017年净利同比将下降超80%。,负面的
医药B公告，年报审计工作发现重大事项，2017年净利同比将下降超80%。,负面的
飞乐音响：2017年净利同比将下降80%以上,负面的
汇嘉时代：2017年净利同比将下降80%以上,负面的
飞乐音响业绩“爆雷”：2017年净利将同比降超80%,负面的
南方传媒业绩“爆雷”：2017年净利将同比降超80%,负面的
飞乐音响业绩“爆雷”：2017年净利将同比下降80%以上,负面的
中科电气业绩“爆雷”：2017年净利将同比下降80%以上,负面的
飞乐音响业绩“爆雷”：2017年净利将同比下降80%以上,负面的
海欣股份业绩“爆雷”：2017年净利将同比下降80%以上,负面的
飞乐音响业绩“爆雷” 股价一字跌停,负面的
基金裕泽业绩“爆雷” 股价一字跌停,负面的
坚瑞沃能公告，控股股东等人的股票质押式回购交易面临违约处置。,负面的
新大陆公告，控股股东等人的股票质押式回购交易面临违约处置。,负面的
坚瑞沃能：控股股东等人的股票质押式回购交易面临违约处置,负面的
史丹利：控股股东等人的股票质押式回购交易面临违约处置,负面的
坚瑞沃能多位股东质押股票违约 郭鸿宝或失去控股权,负面的
添富快钱多位股东质押股票违约 郭鸿宝或失去控股权,负面的
坚瑞沃能多位股东质押股票违约,负面的
隆平高科多位股东质押股票违约,负面的
泛海控股公告，终止筹划重大资产重组。,负面的
富煌钢构公告，终止筹划重大资产重组。,负面的
泛海控股：终止筹划重大资产重组 明起复牌,负面的
*ST联谊：终止筹划重大资产重组 明起复牌,负面的
泛海控股终止重组 原计划置入金融资产置出房地产,负面的
信息安B终止重组 原计划置入金融资产置出房地产,负面的
泛海控股：终止筹划重大资产重组 明起复牌,负面的
深天地A：终止筹划重大资产重组 明起复牌,负面的
泛海控股终止筹划重大资产重组 股票明日复牌,负面的
博敏电子终止筹划重大资产重组 股票明日复牌,负面的
皇庭国际公告，已就终止重组召开投资者说明会，股票4月13日复牌。,负面的
汉钟精机公告，已就终止重组召开投资者说明会，股票4月13日复牌。,负面的
资产重组失败 皇庭国际复牌一字板,负面的
资产重组失败 鼎汉技术复牌一字板,负面的
江南化工公告，控股子公司产品在运输中发生爆炸事故，导致7人死亡。,负面的
医疗B公告，控股子公司产品在运输中发生爆炸事故，导致7人死亡。,负面的
江南化工：子公司产品在运输中发生爆炸事故 7人死亡,负面的
扬农化工：子公司产品在运输中发生爆炸事故 7人死亡,负面的
江南化工：子公司产品在运输中发生爆炸事故 7人死亡,负面的
精艺股份：子公司产品在运输中发生爆炸事故 7人死亡,负面的
华东科技公告称，4.88亿股限售股4月18日解禁，占总股本的10.78%。,负面的
富祥股份公告称，4.88亿股限售股4月18日解禁，占总股本的10.78%。,负面的
海马汽车：汽车销量大幅下滑，一季度预亏超6000万元。,负面的
鹏华丰泽：汽车销量大幅下滑，一季度预亏超6000万元。,负面的
海马汽车：2018年一季度预亏6000万元至1.1亿元,负面的
山西汾酒：2018年一季度预亏6000万元至1.1亿元,负面的
海马汽车：2018年一季度预亏6000万元至1.1亿元,负面的
非周ETF：2018年一季度预亏6000万元至1.1亿元,负面的
海马汽车一季度预亏 因销量大降,负面的
劲拓股份一季度预亏 因销量大降,负面的
拓斯达公告称，兴证创投拟在3个月内减持不超391.33万股，占总股本3%。,负面的
九泰锐富公告称，兴证创投拟在3个月内减持不超391.33万股，占总股本3%。,负面的
西部黄金公告，控股股东计划未来6个月内减持不超1272万股，占总股本2%。,负面的
跨境通公告，控股股东计划未来6个月内减持不超1272万股，占总股本2%。,负面的
菲利华公告称，实控人邓家贵及其他6名股东拟3个月内减持533万股，占总股本的1.78%。,负面的
湖南黄金公告称，实控人邓家贵及其他6名股东拟3个月内减持533万股，占总股本的1.78%。,负面的
摩恩电气公告，董事长计划减持不超1.6%，此前已减持1%。,负面的
晨光文具公告，董事长计划减持不超1.6%，此前已减持1%。,负面的
华瑞股份公告称，联创投资累计减持100万股，减持比例达1%。,负面的
爱仕达公告称，联创投资累计减持100万股，减持比例达1%。,负面的
高伟达公告，遭银联科技减持1%股份，拟继续减持不超3.25%股份。,负面的
通合科技公告，遭银联科技减持1%股份，拟继续减持不超3.25%股份。,负面的
浙江龙盛公告称，两高管拟6个月内合计减持不超563万股。,负面的
国电电力公告称，两高管拟6个月内合计减持不超563万股。,负面的
光一科技大幅下修2017年业绩：净利润亏损3.8亿元,负面的
中房股份大幅下修2017年业绩：净利润亏损3.8亿元,负面的
光一科技大幅下修2017年业绩 净利润亏损3.8亿元,负面的
北巴传媒大幅下修2017年业绩 净利润亏损3.8亿元,负面的
光一科技大幅下修2017年业绩 净利润亏损3.8亿元,负面的
五洲新春大幅下修2017年业绩 净利润亏损3.8亿元,负面的
顶点软件提示风险：公司无区块链相关技术,负面的
潍柴重机提示风险：公司无区块链相关技术,负面的
快讯：顶点软件4封板 公司提醒投资者无区块链技术,负面的
快讯：五矿发展4封板 公司提醒投资者无区块链技术,负面的
新力金融：股东计划减持不超2%股份,负面的
TMT中证B：股东计划减持不超2%股份,负面的
新力金融：股东拟减持不超2%股份,负面的
*ST中川：股东拟减持不超2%股份,负面的
皇庭国际终止筹划重大资产重组事项,负面的
华升股份终止筹划重大资产重组事项,负面的
皇庭国际终止筹划重大资产重组,负面的
S佳通终止筹划重大资产重组,负面的
皇庭国际终止筹划重大资产重组,负面的
佳隆股份终止筹划重大资产重组,负面的
皇庭国际：终止重大资产重组,负面的
南山铝业：终止重大资产重组,负面的
新光药业：股东计划减持不超6%股份,负面的
华泰货币：股东计划减持不超6%股份,负面的
新光药业：股东拟减持不超6%股份,负面的
50AH：股东拟减持不超6%股份,负面的
美诺华：股东拟减持6%股份,负面的
南方永利：股东拟减持6%股份,负面的
美诺华：股东拟合计减持不超6%股份,负面的
同辉100A：股东拟合计减持不超6%股份,负面的
会稽山：股东计划减持1.97%股份,负面的
华友钴业：股东计划减持1.97%股份,负面的
深物业A：一季报业绩预减82.27%,负面的
0512R091：一季报业绩预减82.27%,负面的
金发科技：董事长涉嫌内幕交易，被证监会立案调查,负面的
盛和资源：董事长涉嫌内幕交易，被证监会立案调查,负面的
金发科技：董事长涉嫌内幕交易遭证监会立案调查,负面的
沧州明珠：董事长涉嫌内幕交易遭证监会立案调查,负面的
金发科技：董事长因涉嫌内幕交易被证监会立案调查,负面的
星宇股份：董事长因涉嫌内幕交易被证监会立案调查,负面的
【金发科技：董事长因涉嫌内幕交易被证监会立案调查】,负面的
【菲利华：董事长因涉嫌内幕交易被证监会立案调查】,负面的
超声电子：汇兑损失增加，一季报净利预降90%-99%,负面的
国恩股份：汇兑损失增加，一季报净利预降90%-99%,负面的
旺能环境：终止筹划重大资产重组，4月11日复牌,负面的
贵阳银行：终止筹划重大资产重组，4月11日复牌,负面的
旺能环境终止筹划重大资产重组 11日起复牌,负面的
海峡股份终止筹划重大资产重组 11日起复牌,负面的
旺能环境终止筹划重大资产重组 11日起复牌,负面的
深赛格B终止筹划重大资产重组 11日起复牌,负面的
光莆股份：三家股东拟3个月内合计减持不超3%股份,负面的
东旭B：三家股东拟3个月内合计减持不超3%股份,负面的
美丽生态：公司资金短缺，一亿贷款已逾期,负面的
信诚机遇：公司资金短缺，一亿贷款已逾期,负面的
三七互娱：控股股东拟减持不超过6%股份，或导致控制权发生变更,负面的
中路股份：控股股东拟减持不超过6%股份，或导致控制权发生变更,负面的
三七互娱：实控人拟减持不超6%股份 或致控制权变更,负面的
陕西金叶：实控人拟减持不超6%股份 或致控制权变更,负面的
三七互娱：实控人拟减持不超6%股份 或致控制权变更,负面的
美好置业：实控人拟减持不超6%股份 或致控制权变更,负面的
北斗星通：多名股东拟减持,负面的
海越股份：多名股东拟减持,负面的
北斗星通实控人等拟减持不超3%股份,负面的
同济科技实控人等拟减持不超3%股份,负面的
北斗星通：实控人拟减持不超3%股份,负面的
云化CWB1：实控人拟减持不超3%股份,负面的
旺能环境：终止收购博海昕能,负面的
天马科技：终止收购博海昕能,负面的
旺能环境：终止收购博海昕能 明起复牌,负面的
金鹰500B：终止收购博海昕能 明起复牌,负面的
冀东水泥：一季度预计亏损超4.5亿-5亿元,负面的
海富增利：一季度预计亏损超4.5亿-5亿元,负面的
冀东水泥：一季度预计亏损超4.5亿元,负面的
茂化实华：一季度预计亏损超4.5亿元,负面的
大洋电机：终止18亿元可转债募资计划,负面的
中国建筑：终止18亿元可转债募资计划,负面的
道道全：股东计划减持不超1.3%股份,负面的
振华股份：股东计划减持不超1.3%股份,负面的
道道全：持股5.2%股东岳阳市诚瑞投资有限公司计划在5月7日至11月7日减持不超,负面的
远东传动：持股5.2%股东岳阳市诚瑞投资有限公司计划在5月7日至11月7日减持不超,负面的
和胜股份：股东拟减持不超1%股份,负面的
新能源A：股东拟减持不超1%股份,负面的
腾信股份：控股股东部分质押股份触平仓线，占总股本的23.76%,负面的
招商轮船：控股股东部分质押股份触平仓线，占总股本的23.76%,负面的
腾信股份：控股股东部分质押股份触平仓线 占总股本的23.76%,负面的
银宝山新：控股股东部分质押股份触平仓线 占总股本的23.76%,负面的
腾信股份：控股股东质押股份触平仓线 占总股本的23.76%,负面的
丽江旅游：控股股东质押股份触平仓线 占总股本的23.76%,负面的
腾信股份控股股东部分质押股份触及平仓线,负面的
南方500控股股东部分质押股份触及平仓线,负面的
株冶集团披露一季报：亏损3212万元,负面的
天顺风能披露一季报：亏损3212万元,负面的
乐视网跌超2% 一季度预亏逾3亿元,负面的
乐山电力跌超2% 一季度预亏逾3亿元,负面的
乐视网：一季度预亏逾3亿元,负面的
深物业B：一季度预亏逾3亿元,负面的
乐视网：一季度预亏逾3亿 新乐视智家将增资不超30亿元,负面的
中国汽研：一季度预亏逾3亿 新乐视智家将增资不超30亿元,负面的
经营血崩：乐视网一季度又亏逾3亿 出路何在？,负面的
经营血崩：建信50A一季度又亏逾3亿 出路何在？,负面的
上峰水泥：子公司发生两起生产事故，3人身亡,负面的
电科院：子公司发生两起生产事故，3人身亡,负面的
上峰水泥：子公司发生两起生产事故 3人身亡,负面的
联明股份：子公司发生两起生产事故 3人身亡,负面的
上峰水泥：子公司发生两起生产事故 3人身亡,负面的
大成定增：子公司发生两起生产事故 3人身亡,负面的
上峰水泥：子公司发生两起生产事故 3人身亡,负面的
金马集团：子公司发生两起生产事故 3人身亡,负面的
温氏股份：2017年度净利67.51亿元，下滑43%,负面的
旷达科技：2017年度净利67.51亿元，下滑43%,负面的
温氏股份：2017年度净利67.51亿元 下滑43%,负面的
诺普信：2017年度净利67.51亿元 下滑43%,负面的
神雾环保：一季报预亏5500万至6000万元,负面的
中国科传：一季报预亏5500万至6000万元,负面的
易明医药：股东计划减持不超过2%股份,负面的
金科股份：股东计划减持不超过2%股份,负面的
用友网络：股东拟减持300万股-500万股,负面的
杭电股份：股东拟减持300万股-500万股,负面的
用友网络：股东拟减持300万股-500万股,负面的
金利科技：股东拟减持300万股-500万股,负面的
用友网络：股东拟减持300万股-500万股,负面的
嘉实快线：股东拟减持300万股-500万股,负面的
坚瑞沃能：一季度预计由盈转亏，亏损超3.17亿元,负面的
大亚圣象：一季度预计由盈转亏，亏损超3.17亿元,负面的
【坚瑞沃能：一季度预计由盈转亏 亏损超3.17亿元】,负面的
【招商上证消费80：一季度预计由盈转亏 亏损超3.17亿元】,负面的
湘油泵：股东计划减持不超过2.91%股份,负面的
康恩贝：股东计划减持不超过2.91%股份,负面的
湘油泵股东沈学如拟减持不超2.91%股份,负面的
西宁特钢股东沈学如拟减持不超2.91%股份,负面的
湘油泵股东沈学如拟减持不超2.91%股份,负面的
多喜爱股东沈学如拟减持不超2.91%股份,负面的
博迈科股东光大金控拟减持不超3%股份,负面的
太极股份股东光大金控拟减持不超3%股份,负面的
利尔化学：股东计划减持不超过2%股份,负面的
军工B：股东计划减持不超过2%股份,负面的
利尔化学：股东拟减持不超2%股份,负面的
广汽长丰：股东拟减持不超2%股份,负面的
利尔化学大股东计划减持  去年减持套现超3亿元,负面的
万和电气大股东计划减持  去年减持套现超3亿元,负面的
华策影视：一季报业绩预降79.17%至65.29%,负面的
城投ETF：一季报业绩预降79.17%至65.29%,负面的
华策影视Q1净利润预降7成 确认收入全网剧项目较少,负面的
美克家居Q1净利润预降7成 确认收入全网剧项目较少,负面的
科融环境：一季报预亏1118万元-1581万元,负面的
太平洋：一季报预亏1118万元-1581万元,负面的
先锋新材：一季报预亏1510万元至1050万元,负面的
灵康药业：一季报预亏1510万元至1050万元,负面的
亚盛集团：部分农作物遭受冻害,负面的
东方创业：部分农作物遭受冻害,负面的
亚盛集团：部分农作物遭受冻害,负面的
通达股份：部分农作物遭受冻害,负面的
亚盛集团：部分农作物遭受冻害 已造成一定经济损失,负面的
工商银行：部分农作物遭受冻害 已造成一定经济损失,负面的
亚盛集团：部分农作物遭受冻害,负面的
三江购物：部分农作物遭受冻害,负面的
天鹅股份：股东拟减持不超过4.07%股份,负面的
耐威科技：股东拟减持不超过4.07%股份,负面的
天鹅股份：股东拟减持不超4.07%股份,负面的
国企改A：股东拟减持不超4.07%股份,负面的
天鹅股份股东新疆古月杨拟减持不超4.07%股份,负面的
完美世界股东新疆古月杨拟减持不超4.07%股份,负面的
天鹅股份股东新疆古月杨拟减持不超4.07%股份,负面的
云意电气股东新疆古月杨拟减持不超4.07%股份,负面的
天鹅股份股东新疆古月杨拟减持不超4.07%股份,负面的
天保基建股东新疆古月杨拟减持不超4.07%股份,负面的
广和通：股东拟减持不超过2%股份,负面的
恒指ETF：股东拟减持不超过2%股份,负面的
广和通股东大连英特尔拟减持不超2%股份,负面的
寒锐钴业股东大连英特尔拟减持不超2%股份,负面的
广和通股东大连英特尔拟减持不超2%股份,负面的
凯马B股东大连英特尔拟减持不超2%股份,负面的
诚迈科技：预计一季度业绩由盈转亏 七连板后提示风险,负面的
诚志股份：预计一季度业绩由盈转亏 七连板后提示风险,负面的
诚迈科技：预计一季度业绩由盈转亏 七连板后提示风险,负面的
中国核电：预计一季度业绩由盈转亏 七连板后提示风险,负面的
诚迈科技：预计一季度业绩由盈转亏 7连板后提示风险,负面的
三泰控股：预计一季度业绩由盈转亏 7连板后提示风险,负面的
暴风集团：一季度预亏超2600万元，广告收入下滑,负面的
白云山：一季度预亏超2600万元，广告收入下滑,负面的
皮阿诺：广发信德等拟减持不超过4.91%股份,负面的
天桥起重：广发信德等拟减持不超过4.91%股份,负面的
皮阿诺：广发信德等拟减持不超过4.91%股份,负面的
华茂股份：广发信德等拟减持不超过4.91%股份,负面的
皮阿诺：广发信德等拟减持不超过4.91%股份,负面的
天成控股：广发信德等拟减持不超过4.91%股份,负面的
坚瑞沃能：多名股东拟合计减持不超过1.27%股份,负面的
万通地产：多名股东拟合计减持不超过1.27%股份,负面的
通润装备：出口美国产品占营收8.8%，“双反”调查终裁对公司带来不利影响,负面的
迪威视讯：出口美国产品占营收8.8%，“双反”调查终裁对公司带来不利影响,负面的
腾信股份终止重大资产重组事项 9日起复牌,负面的
中路股份终止重大资产重组事项 9日起复牌,负面的
腾信股份终止重大资产重组事项 9日起复牌,负面的
海天味业终止重大资产重组事项 9日起复牌,负面的
腾信股份终止重大资产重组事项 9日起复牌,负面的
台海核电终止重大资产重组事项 9日起复牌,负面的
天广中茂：股东质押股票平仓风险尚未有解决方案，4月9日复牌,负面的
钢铁B：股东质押股票平仓风险尚未有解决方案，4月9日复牌,负面的
雪莱特：终止筹划重大事项,负面的
东风科技：终止筹划重大事项,负面的
甘肃电投：平安资管计划拟减持不超过3%股份,负面的
北信源：平安资管计划拟减持不超过3%股份,负面的
甘肃电投：平安资管计划拟减持不超过3%股份,负面的
中银绒业：平安资管计划拟减持不超过3%股份,负面的
同和药业：高管拟减持不超1.44%股份,负面的
奥康国际：高管拟减持不超1.44%股份,负面的
同和药业：大股东赵鸿良拟减持不超1.44%股份,负面的
天弘添利：大股东赵鸿良拟减持不超1.44%股份,负面的
仙琚制药：一股东拟减持不超900万股,负面的
安徽合力：一股东拟减持不超900万股,负面的
仙琚制药股东拟减持不超900万股,负面的
国泰黄金股东拟减持不超900万股,负面的
仙琚制药股东金敬德拟减持不超900万股,负面的
富国500股东金敬德拟减持不超900万股,负面的
隆平高科：一高管计划减持200万股,负面的
合康新能：一高管计划减持200万股,负面的
隆平高科 ：一高管计划减持200万股，占公司总股本0.16%。,负面的
军工B ：一高管计划减持200万股，占公司总股本0.16%。,负面的
碳元科技：金沙江投资计划减持50万股,负面的
天宸股份：金沙江投资计划减持50万股,负面的
猛狮科技：控股股东部分质押股票被处置，导致被动减持,负面的
嘉实惠泽：控股股东部分质押股票被处置，导致被动减持,负面的
猛狮科技控股股东部分质押股份遭被动减持,负面的
中小300控股股东部分质押股份遭被动减持,负面的
安记食品：终止重组事项，4月4日复牌,负面的
哈药股份：终止重组事项，4月4日复牌,负面的
永泰能源：终止重组事项，4月4日复牌,负面的
海天精工：终止重组事项，4月4日复牌,负面的
司太立：两股东计划减持不超6.32%股份,负面的
得利斯：两股东计划减持不超6.32%股份,负面的
正海磁材：多名高管拟计划合计减持不超0.33%股份,负面的
新莱应材：多名高管拟计划合计减持不超0.33%股份,负面的
华宇软件：多名高管及股东拟合计减持不超0.87%股份,负面的
润达医疗：多名高管及股东拟合计减持不超0.87%股份,负面的
昆仑万维：两名高管拟计划合计减持不超过1.16%股份,负面的
南风化工：两名高管拟计划合计减持不超过1.16%股份,负面的
汇中股份：两股东拟合计减持不超1.125%股份,负面的
基金通乾：两股东拟合计减持不超1.125%股份,负面的
宇通客车年报：净利下滑22.62%,负面的
南极电商年报：净利下滑22.62%,负面的
宇通客车：拟10派5元 年报净利下滑22.62%,负面的
华西股份：拟10派5元 年报净利下滑22.62%,负面的
万盛股份：一季度净利预降50%-90%,负面的
威星智能：一季度净利预降50%-90%,负面的
津膜科技：2017年亏损6656万元,负面的
楚江新材：2017年亏损6656万元,负面的
津膜科技：2017年亏损6656万元,负面的
中小板：2017年亏损6656万元,负面的
津膜科技：2017年亏损6656万元,负面的
北信源：2017年亏损6656万元,负面的
海利生物：终止筹划发行股份购买资产事项，4月3日复牌,负面的
银泰资源：终止筹划发行股份购买资产事项，4月3日复牌,负面的
坚瑞沃能：因债务纠纷名下13个银行账户被冻结,负面的
华东电脑：因债务纠纷名下13个银行账户被冻结,负面的
坚瑞沃能：因债务纠纷名下13个银行账户被冻结,负面的
三力士：因债务纠纷名下13个银行账户被冻结,负面的
坚瑞沃能：因债务纠纷名下13个银行账户被冻结,负面的
荣晟环保：因债务纠纷名下13个银行账户被冻结,负面的
永鼎股份：终止收购北京合力股权事宜,负面的
康达尔：终止收购北京合力股权事宜,负面的
宏达股份：新华联控股计划减持4%股份,负面的
湘潭电化：新华联控股计划减持4%股份,负面的
宏达股份股东新华联控股拟减持不超4%股份,负面的
中恒电气股东新华联控股拟减持不超4%股份,负面的
南大光电：股东计划减持不超3%股份,负面的
100ETF：股东计划减持不超3%股份,负面的
南大光电股东南大资产公司拟减持不超2%股份,负面的
必康股份股东南大资产公司拟减持不超2%股份,负面的
蓝丰生化：子公司存账实不符情况金额约3亿 明日复牌,负面的
秋林集团：子公司存账实不符情况金额约3亿 明日复牌,负面的
蓝丰生化：子公司存账实不符情况金额约3亿元 明日复牌,负面的
三峡新材：子公司存账实不符情况金额约3亿元 明日复牌,负面的
蓝丰生化：子公司存账实不符情况金额约3亿元 明日复牌,负面的
GC003：子公司存账实不符情况金额约3亿元 明日复牌,负面的
蓝丰生化：子公司存在账实不符情况 涉及金额约3亿元,负面的
*ST瓦轴B：子公司存在账实不符情况 涉及金额约3亿元,负面的
久吾高科：股东拟减持不超5.613%股份,负面的
西泵股份：股东拟减持不超5.613%股份,负面的
[公司]久吾高科股东拟减持不超5.613%股份,负面的
[公司]空港股份股东拟减持不超5.613%股份,负面的
久吾高科股东青骓蹑影拟减持不超576万股,负面的
金健米业股东青骓蹑影拟减持不超576万股,负面的
海马汽车：汽车销量下滑明显，2017年亏损逾9亿元,负面的
安源煤业：汽车销量下滑明显，2017年亏损逾9亿元,负面的
海马汽车：汽车销量下滑明显 2017年净利亏损逾9亿元,负面的
蓝英装备：汽车销量下滑明显 2017年净利亏损逾9亿元,负面的
黔轮胎A：搬迁补偿协议未能履行，预计2017年亏损约2亿,负面的
国投中鲁：搬迁补偿协议未能履行，预计2017年亏损约2亿,负面的
受老厂搬迁计划调整影响 黔轮胎A2017年预亏超1.8亿,负面的
受老厂搬迁计划调整影响 华电能源2017年预亏超1.8亿,负面的
乐视网：公司已将持有的新乐视智家40.3118%股权进行质押，如若公司因无法按时偿还债务导致质押资产被依法处置，使公司不再具有实际控制权,负面的
龙建股份：公司已将持有的新乐视智家40.3118%股权进行质押，如若公司因无法按时偿还债务导致质押资产被依法处置，使公司不再具有实际控制权,负面的
坚瑞沃能自爆20亿债务违约 整体债务达221亿,负面的
南方聚利自爆20亿债务违约 整体债务达221亿,负面的
今世缘股东上海铭大拟减持不超2%,负面的
金融地B股东上海铭大拟减持不超2%,负面的
今世缘股东上海铭大拟减持不超2%股份,负面的
美康生物股东上海铭大拟减持不超2%股份,负面的
东方铁塔终止筹划重组,负面的
瑞普生物终止筹划重组,负面的
东方铁塔终止重大资产重组事项,负面的
中颖电子终止重大资产重组事项,负面的
东方铁塔终止重大资产重组事项,负面的
易基岁丰终止重大资产重组事项,负面的
东方铁塔关于终止重大资产重组的投资者说明会4月3日在全景・路演天下举行,负面的
建信优势关于终止重大资产重组的投资者说明会4月3日在全景・路演天下举行,负面的
云煤能源下修2017年业绩预告，预亏4860万元,负面的
北巴传媒下修2017年业绩预告，预亏4860万元,负面的
云煤能源：下修2017年业绩预估 预亏近5000万元,负面的
银星能源：下修2017年业绩预估 预亏近5000万元,负面的
特尔佳：终止重大资产重组，3月30日复牌,负面的
健盛集团：终止重大资产重组，3月30日复牌,负面的
特尔佳：终止筹划重大资产重组 明日复牌,负面的
中国核电：终止筹划重大资产重组 明日复牌,负面的
德展健康股东西藏锦桐拟减持不超3%股份,负面的
互联A级股东西藏锦桐拟减持不超3%股份,负面的
德展健康股东西藏锦桐拟减持不超3%股份,负面的
森特股份股东西藏锦桐拟减持不超3%股份,负面的
德展健康股东西藏锦桐计划减持不超3%股份,负面的
交通银行股东西藏锦桐计划减持不超3%股份,负面的
【德展健康：股东拟减持不超过总股本的3%】,负面的
【中国西电：股东拟减持不超过总股本的3%】,负面的
吉电股份：年报亏损3.4亿,负面的
厦门信达：年报亏损3.4亿,负面的
中原特钢：年报亏损2.5亿，一季报预亏3000万元-4000万元,负面的
华统股份：年报亏损2.5亿，一季报预亏3000万元-4000万元,负面的
赛象科技：一季报预亏1032.38万元-2071.06万元,负面的
茂业商业：一季报预亏1032.38万元-2071.06万元,负面的
两面针：年报亏损1.44亿元,负面的
证券A端：年报亏损1.44亿元,负面的
"两面针2017年亏损1.44亿元  纸品公司""贡献""9978万元",负面的
"名家汇2017年亏损1.44亿元  纸品公司""贡献""9978万元",负面的
两面针亏损1.44亿，靠出售资产“度日”,负面的
商品ETF亏损1.44亿，靠出售资产“度日”,负面的
云投生态：一季报预亏3700万元-4200万元,负面的
蓝帆医疗：一季报预亏3700万元-4200万元,负面的
中成股份：年报净利同比下滑13.4%，拟10派2.5元,负面的
三维股份：年报净利同比下滑13.4%，拟10派2.5元,负面的
卫士通股东拟减持不超6%股份,负面的
浙江仙通股东拟减持不超6%股份,负面的
卫士通股东拟减持不超6%股份,负面的
长青集团股东拟减持不超6%股份,负面的
乐视网：新乐视智家估值下调至90亿元,负面的
*ST南电B：新乐视智家估值下调至90亿元,负面的
乐视网：新乐视智家估值下调 缩水30亿元,负面的
华光股份：新乐视智家估值下调 缩水30亿元,负面的
乐视网：新乐视智家估值由120亿元下调至90亿元,负面的
*ST宏盛：新乐视智家估值由120亿元下调至90亿元,负面的
乐视网：新乐视智家估值由120亿元下调至90亿元 |新京报财讯,负面的
美盛文化：新乐视智家估值由120亿元下调至90亿元 |新京报财讯,负面的
同洲电子：一季度预亏2000万至3000万元,负面的
泰合健康：一季度预亏2000万至3000万元,负面的
长盈精密：年报净利同比下降16.49%,负面的
商品ETF：年报净利同比下降16.49%,负面的
开元股份：股东计划减持2.21%股份,负面的
中能电气：股东计划减持2.21%股份,负面的
惠达卫浴：九鼎基金拟清仓减持8.6%股份,负面的
欧普康视：九鼎基金拟清仓减持8.6%股份,负面的
惠达卫浴：九鼎基金拟清仓减持8.6%股份,负面的
国联水产：九鼎基金拟清仓减持8.6%股份,负面的
新疆浩源：涉嫌信披违法违规，遭新疆证监局立案调查,负面的
汇中股份：涉嫌信披违法违规，遭新疆证监局立案调查,负面的
新疆浩源：涉嫌信披违法违规 遭新疆证监局立案调查,负面的
山航B：涉嫌信披违法违规 遭新疆证监局立案调查,负面的
新疆浩源：涉嫌信披违法违规，遭新疆证监局立案调查。,负面的
中装建设：涉嫌信披违法违规，遭新疆证监局立案调查。,负面的
新疆浩源“抢点自查”未能过关 隐瞒关联方资金占用,负面的
500ETF“抢点自查”未能过关 隐瞒关联方资金占用,负面的
红宝丽：一季报业绩预降94.7%至73.7%,负面的
招商增荣：一季报业绩预降94.7%至73.7%,负面的
美年健康：一季报续亏9000万元-1.3亿元,负面的
亚宝药业：一季报续亏9000万元-1.3亿元,负面的
科大讯飞：年报净利同比下降10.27%,负面的
医药增强：年报净利同比下降10.27%,负面的
天广中茂：二股东及一致行动人质押的部分股份触线,负面的
华昌化工：二股东及一致行动人质押的部分股份触线,负面的
天广中茂二股东及一致人质押的大部分股份触及平仓线 29日起停牌,负面的
保千里二股东及一致人质押的大部分股份触及平仓线 29日起停牌,负面的
中国银河：年报净利同比下降22.76%,负面的
金螳螂：年报净利同比下降22.76%,负面的
中国银河：去年净利同比降2成 证金公司新晋前十股东,负面的
荣丰控股：去年净利同比降2成 证金公司新晋前十股东,负面的
中国银河2017年净利39.8亿 同比下滑两成,负面的
东百集团2017年净利39.8亿 同比下滑两成,负面的
久吾高科：股东及董事、高管拟减持6.31%股份,负面的
中国电影：股东及董事、高管拟减持6.31%股份,负面的
凯众股份：股东拟清仓减持4.59%股份,负面的
航天电子：股东拟清仓减持4.59%股份,负面的
凯众股份:持股4.59%股东上海聚磊投资中心拟清仓减持,负面的
中航电子:持股4.59%股东上海聚磊投资中心拟清仓减持,负面的
平治信息：股东拟减持不超过2.232%股份,负面的
集友股份：股东拟减持不超过2.232%股份,负面的
平治信息股东陈航拟减持不超2.232%股份,负面的
互联网A股东陈航拟减持不超2.232%股份,负面的
德新交运终止重大资产重组事项 30日复牌,负面的
九有股份终止重大资产重组事项 30日复牌,负面的
德新交运：终止重大资产重组,负面的
中国北车：终止重大资产重组,负面的
新五丰：终止发行股份及支付现金购买资产事项,负面的
华资实业：终止发行股份及支付现金购买资产事项,负面的
商业城：终止重大资产重组,负面的
中证90A：终止重大资产重组,负面的
涪陵榨菜终止发行股份购买资产事项 29日起复牌,负面的
安信货币终止发行股份购买资产事项 29日起复牌,负面的
涪陵榨菜终止收购四川两豆瓣企业,负面的
优选LOF终止收购四川两豆瓣企业,负面的
四川双马：持股5%股东北京泛信拟3个月内减持不超过3%,负面的
天顺风能：持股5%股东北京泛信拟3个月内减持不超过3%,负面的
天际股份：持股11.81%股东深圳市兴创源投资有限公司拟6个月内减持不超过1.4,负面的
丰东股份：持股11.81%股东深圳市兴创源投资有限公司拟6个月内减持不超过1.4,负面的
三利谱：预计一季报净利同比下滑40%-20%,负面的
工银500A：预计一季报净利同比下滑40%-20%,负面的
獐子岛：预计一季度亏损700万元-1100万元,负面的
印纪传媒：预计一季度亏损700万元-1100万元,负面的
獐子岛一季度预亏700万元-1100万元,负面的
罗顿发展一季度预亏700万元-1100万元,负面的
獐子岛一季度预亏700万元-1100万元,负面的
龙头ETF一季度预亏700万元-1100万元,负面的
獐子岛：预计2018年一季度亏损700万元-1100万元,负面的
天富能源：预计2018年一季度亏损700万元-1100万元,负面的
獐子岛一季度预亏700万至1100万元,负面的
摩登大道一季度预亏700万至1100万元,负面的
底播虾夷扇贝收益剧减 獐子岛一季度预亏700万元-1100万元,负面的
底播虾夷扇贝收益剧减 辽河油田一季度预亏700万元-1100万元,负面的
*ST大化B：3月30日起生产装置停产检修,负面的
*元力股份：3月30日起生产装置停产检修,负面的
当代明诚：股东及董监高拟合计减持5.68%股份,负面的
苏交科：股东及董监高拟合计减持5.68%股份,负面的
当代明诚：股东及董监高拟合计减持5.68%股份,负面的
大智慧：股东及董监高拟合计减持5.68%股份,负面的
当代明诚三股东拟合计减持不超5.68%股份,负面的
思源电气三股东拟合计减持不超5.68%股份,负面的
国元证券年报：净利同比下降14.35%,负面的
捷荣技术年报：净利同比下降14.35%,负面的
比亚迪年报一季报净利双降 老板电器老路是否会再现,负面的
德美化工年报一季报净利双降 老板电器老路是否会再现,负面的
比亚迪预计一季度业绩大幅下降 要重蹈老板电器覆辙？,负面的
诺力股份预计一季度业绩大幅下降 要重蹈老板电器覆辙？,负面的
佳讯飞鸿：股东拟6个月内减持2.19%股份,负面的
泰禾光电：股东拟6个月内减持2.19%股份,负面的
佳讯飞鸿：实控人之一王翊拟减持2.19%公司股份,负面的
深高CWB1：实控人之一王翊拟减持2.19%公司股份,负面的
佳讯飞鸿：实控人之一王翊拟减持2.19%公司股份,负面的
东方市场：实控人之一王翊拟减持2.19%公司股份,负面的
佳讯飞鸿实控人之一王翊拟减持不超1300万股,负面的
有色A实控人之一王翊拟减持不超1300万股,负面的
华电国际：年报净利同比下降87.14%,负面的
*ST斯达：年报净利同比下降87.14%,负面的
碧水源：一季度净利预降36%至48%,负面的
雪榕生物：一季度净利预降36%至48%,负面的
千山药机：股东刘祥华所持全部公司股份被冻结,负面的
山东赫达：股东刘祥华所持全部公司股份被冻结,负面的
深南股份：预计一季度出现亏损,负面的
日发精机：预计一季度出现亏损,负面的
西仪股份：预计一季度净利润同比下降56.31%-87.52%,负面的
西部矿业：预计一季度净利润同比下降56.31%-87.52%,负面的
新雷能：终止重组，3月27日复牌,负面的
鸿博股份：终止重组，3月27日复牌,负面的
山东华鹏：终止重大资产重组,负面的
S湘火炬：终止重大资产重组,负面的
山东华鹏终止筹划重大资产重组事项,负面的
重庆路桥终止筹划重大资产重组事项,负面的
山东华鹏终止筹划重大资产重组事项,负面的
新能A终止筹划重大资产重组事项,负面的
新力金融：终止重大资产重组 筹划非公开发行继续停牌,负面的
带路B：终止重大资产重组 筹划非公开发行继续停牌,负面的
春兴精工：预计一季度净利润同比下降50%-100%,负面的
新乡化纤：预计一季度净利润同比下降50%-100%,负面的
孙宏斌：不会继续投资乐视网，比较现实的选择是破产重整,负面的
孙宏斌：不会继续投资四川双马，比较现实的选择是破产重整,负面的
好利来：控股股东方面拟减持不超3.29%股份,负面的
中航飞机：控股股东方面拟减持不超3.29%股份,负面的
天安新材终止筹划重大资产重组 23日复牌,负面的
高铁B终止筹划重大资产重组 23日复牌,负面的
天安新材终止筹划重大资产重组 23日复牌,负面的
海立股份终止筹划重大资产重组 23日复牌,负面的
天安新材终止筹划重大资产重组 23日复牌,负面的
开润股份终止筹划重大资产重组 23日复牌,负面的
麦捷科技下修2017年度业绩预告及业绩快报,负面的
紫光国芯下修2017年度业绩预告及业绩快报,负面的
大连热电：去年净利同比下降75%,负面的
煤炭A基：去年净利同比下降75%,负面的
汇鸿集团：累计减持华泰证券480万股，收益8038万元,负面的
国电南自：累计减持华泰证券480万股，收益8038万元,负面的
德艺文创终止筹划重大资产重组事项 23日起复牌,负面的
德尔未来终止筹划重大资产重组事项 23日起复牌,负面的
金龙机电：控股股东部分质押股票逾期违约,负面的
锦州港：控股股东部分质押股票逾期违约,负面的
金龙机电：控股股东部分质押股票逾期违约,负面的
华远地产：控股股东部分质押股票逾期违约,负面的
华瑞股份：上海联创拟减持5.5%股份,负面的
*ST南电A：上海联创拟减持5.5%股份,负面的
华瑞股份股东联创投资拟减持不超550万股,负面的
亚宝药业股东联创投资拟减持不超550万股,负面的
华瑞股份股东联创投资拟减持不超550万股,负面的
上海临港股东联创投资拟减持不超550万股,负面的
天原集团股东东方资产管理公司拟减持不超5%股份,负面的
飞利信股东东方资产管理公司拟减持不超5%股份,负面的
天原集团股东东方资产管理公司拟减持不超5%股份,负面的
建艺集团股东东方资产管理公司拟减持不超5%股份,负面的
天原集团股东东方资产管理公司拟减持不超5%股份,负面的
民生添利股东东方资产管理公司拟减持不超5%股份,负面的
九典制药收高送转预案关注函,负面的
利群股份收高送转预案关注函,负面的
九典制药收深交所关注函：送转比例是否与业绩增长幅度相匹配,负面的
金健米业收深交所关注函：送转比例是否与业绩增长幅度相匹配,负面的
岭南股份高送转收深交所关注函,负面的
金融ETF高送转收深交所关注函,负面的
岭南股份高送转遭深交所关注,负面的
香港中小高送转遭深交所关注,负面的
[天眼]岭南股份高送转预案遭深交所关注 拟10转13派1.75元,负面的
[天眼]科远股份高送转预案遭深交所关注 拟10转13派1.75元,负面的
中成股份：公司尚未研究过涉及央企混改相关事项,负面的
景嘉微：公司尚未研究过涉及央企混改相关事项,负面的
中成股份：尚未研究过涉及央企混改的事项,负面的
建信优势：尚未研究过涉及央企混改的事项,负面的
中成股份：公司尚未研究过涉及央企混改相关事项,负面的
工银500A：公司尚未研究过涉及央企混改相关事项,负面的
中成股份：尚未研究过涉及央企混改的事项,负面的
庞大集团：尚未研究过涉及央企混改的事项,负面的
可立克澄清参股中微半导体：间接持有中微半导体约0.37%股份，持股比例极低，该投资事项对公司的整体生产经营不构成重大影响。,负面的
中远海能澄清参股中微半导体：间接持有中微半导体约0.37%股份，持股比例极低，该投资事项对公司的整体生产经营不构成重大影响。,负面的
可立克：仅持有中微半导体设备约0.37%股权,负面的
启明星辰：仅持有中微半导体设备约0.37%股权,负面的
可立克：仅持有中微半导体设备约0.37%股权,负面的
食品A：仅持有中微半导体设备约0.37%股权,负面的
新研股份公告称，终止筹划重大资产重组，股票3月22日复牌。,负面的
招商标普金砖四国指数公告称，终止筹划重大资产重组，股票3月22日复牌。,负面的
涪陵榨菜公告称，股东北京一建拟减持789万股，占总股本的0.9995%。,负面的
天顺风能公告称，股东北京一建拟减持789万股，占总股本的0.9995%。,负面的
涪陵榨菜股东北京一建拟减持789万股,负面的
润欣科技股东北京一建拟减持789万股,负面的
光启技术公告称，一致行动人股东姜照柏、姜雷累计减持684.93万股，占总股本的0.54%。,负面的
好莱客公告称，一致行动人股东姜照柏、姜雷累计减持684.93万股，占总股本的0.54%。,负面的
浙江美大公告称，持股5%以上股东徐建龙累计减持577万股，钟传良累计减持466万股。,负面的
榕基软件公告称，持股5%以上股东徐建龙累计减持577万股，钟传良累计减持466万股。,负面的
龙津药业公告称，占公司总股本43.82%的首发限售股3月26日解禁。,负面的
栋梁新材公告称，占公司总股本43.82%的首发限售股3月26日解禁。,负面的
方正证券业绩快报：净利下滑43.45%,负面的
500等权业绩快报：净利下滑43.45%,负面的
方正证券业绩快报：去年净利同比降43.45%,负面的
高新发展业绩快报：去年净利同比降43.45%,负面的
斯太尔：宁波理瑞计划清仓减持6.42%股份,负面的
赛福天：宁波理瑞计划清仓减持6.42%股份,负面的
斯太尔：宁波理瑞计划清仓减持6.42%股份,负面的
江苏银行：宁波理瑞计划清仓减持6.42%股份,负面的
斯太尔股东宁波理瑞拟清仓减持6.42%股份,负面的
上工B股股东宁波理瑞拟清仓减持6.42%股份,负面的
永吉股份：股东计划减持不超公司总股本的1%,负面的
立昂技术：股东计划减持不超公司总股本的1%,负面的
永吉股份股东圣泉实业拟减持不超1%股份,负面的
添富恒生股东圣泉实业拟减持不超1%股份,负面的
永吉股份股东圣泉实业拟减持不超1%股份,负面的
丰利债B股东圣泉实业拟减持不超1%股份,负面的
永吉股份股东圣泉实业拟减持不超1%股份,负面的
鲍斯股份股东圣泉实业拟减持不超1%股份,负面的
*ST华泽年报预亏14亿-19亿元 或暂停上市,负面的
万家380年报预亏14亿-19亿元 或暂停上市,负面的
*ST华泽年报预亏14亿-19亿元 或暂停上市,负面的
卫宁健康年报预亏14亿-19亿元 或暂停上市,负面的
*ST华泽：2017年预亏14亿元-19亿元 将因连续三年亏损被暂停上市,负面的
力生制药：2017年预亏14亿元-19亿元 将因连续三年亏损被暂停上市,负面的
红阳能源控股股东质押股份出现平仓风险,负面的
优德精密控股股东质押股份出现平仓风险,负面的
红阳能源控股股东质押股份出现平仓风险,负面的
ST亚太控股股东质押股份出现平仓风险,负面的
红阳能源：控股股东质押股份出现平仓风险,负面的
天润数娱：控股股东质押股份出现平仓风险,负面的
红阳能源控股股东质押股份出现平仓风险,负面的
华域汽车控股股东质押股份出现平仓风险,负面的
红阳能源控股股东质押股份出现平仓风险,负面的
广发医药控股股东质押股份出现平仓风险,负面的
二三四五：股东拟减持不超1%股份,负面的
同仁堂：股东拟减持不超1%股份,负面的
二三四五：股东拟减持不超1%股份,负面的
信威集团：股东拟减持不超1%股份,负面的
二三四五股东庞升东拟减持不超1%股份,负面的
北方导航股东庞升东拟减持不超1%股份,负面的
二三四五股东拟减持不超1%股份,负面的
麦迪电气股东拟减持不超1%股份,负面的
江淮汽车：去年净利同比下降62.83%,负面的
力星股份：去年净利同比下降62.83%,负面的
江淮汽车2017年年报发布：利润下滑62% 高管降薪50%,负面的
长春一东2017年年报发布：利润下滑62% 高管降薪50%,负面的
江淮汽车2017年业绩分析：营收、净利润双双下滑 SUV表现不足（图）,负面的
海欣股份2017年业绩分析：营收、净利润双双下滑 SUV表现不足（图）,负面的
九鼎投资：去年净利同比降近五成,负面的
中欧动力：去年净利同比降近五成,负面的
安凯客车2017年转亏，客车销量同比下降14%,负面的
中设集团2017年转亏，客车销量同比下降14%,负面的
安凯客车：2017年亏损2.3亿 客车销量同比降14%,负面的
国企改B：2017年亏损2.3亿 客车销量同比降14%,负面的
西部黄金：2017年净利同比下降八成,负面的
印纪传媒：2017年净利同比下降八成,负面的
西部黄金：去年净利同比下降八成,负面的
财通福享：去年净利同比下降八成,负面的
西部黄金：去年净利同比下降八成,负面的
江阴银行：去年净利同比下降八成,负面的
广生堂：一季报预计净利同比下滑20%-50%,负面的
中钢天源：一季报预计净利同比下滑20%-50%,负面的
中环股份：重组未能过会,负面的
天士力：重组未能过会,负面的
*ST上普虚增营收及利润 遭证监局责令改正并罚款40万,负面的
润邦股份虚增营收及利润 遭证监局责令改正并罚款40万,负面的
*ST上普虚增营收及利润 遭证监局责令改正并罚款40万,负面的
广州浪奇虚增营收及利润 遭证监局责令改正并罚款40万,负面的
永艺股份：股东拟半年内减持不超2.37%股份,负面的
海欣股份：股东拟半年内减持不超2.37%股份,负面的
永艺股份：高管拟减持不超2.37%股份,负面的
富森美：高管拟减持不超2.37%股份,负面的
永艺股份副总经理阮正富拟减持不超2.37%股份,负面的
添富快钱副总经理阮正富拟减持不超2.37%股份,负面的
北特科技股东谢云臣拟减持不超2%股份,负面的
邦宝益智股东谢云臣拟减持不超2%股份,负面的
北特科技股东谢云臣拟减持不超2%股份,负面的
大东南股东谢云臣拟减持不超2%股份,负面的
北特科技：股东拟减持不超2%股份,负面的
上柴B股：股东拟减持不超2%股份,负面的
北特科技股东谢云臣拟减持不超2%股份,负面的
中国中铁股东谢云臣拟减持不超2%股份,负面的
火炬电子：股东拟减持1.99%股份,负面的
有色B：股东拟减持1.99%股份,负面的
火炬电子股东罗森鹤拟减持1.99%股份,负面的
景顺食品股东罗森鹤拟减持1.99%股份,负面的
火炬电子：股东拟减持1.99%股份,负面的
润欣科技：股东拟减持1.99%股份,负面的
火炬电子：股东拟减持1.99%股份,负面的
电子城：股东拟减持1.99%股份,负面的
绿城水务：股东拟减持不超1.36%股份,负面的
中融日盈：股东拟减持不超1.36%股份,负面的
绿城水务股东温州信德拟减持不超1.36%股份,负面的
棕榈股份股东温州信德拟减持不超1.36%股份,负面的
韵达股份：2月份快递服务业务收入同比下降25.23%,负面的
*ST山水：2月份快递服务业务收入同比下降25.23%,负面的
韵达股份：2月快递业务收入同比下降25%,负面的
上药转换：2月快递业务收入同比下降25%,负面的
韵达股份：2月份公司实现快递服务业务收入4.03亿元，同比下降25.23%；完成,负面的
麦捷科技：2月份公司实现快递服务业务收入4.03亿元，同比下降25.23%；完成,负面的
大东海A ：收到深交所监管函,负面的
方正证券 ：收到深交所监管函,负面的
年报问询函牵出违规借款事项  大东海A收深交所监管函,负面的
年报问询函牵出违规借款事项  上海科技收深交所监管函,负面的
申通快递：2月快递收入同比下降27.17%,负面的
新华百货：2月快递收入同比下降27.17%,负面的
申通快递：2月份快递业务收入同比下降27%,负面的
红宇新材：2月份快递业务收入同比下降27%,负面的
梅安森2017年度扭亏为盈,负面的
熊猫金控2017年度扭亏为盈,负面的
金新农：2月份生猪销量环比下降27.84%,负面的
郴电国际：2月份生猪销量环比下降27.84%,负面的
金新农：2月份生猪销量收入环比下降45.73%,负面的
广发聚利：2月份生猪销量收入环比下降45.73%,负面的
金新农：2月份生猪销量收入环比下降45.73%,负面的
GQY视讯：2月份生猪销量收入环比下降45.73%,负面的
金新农：受农历春节假期影响，2月生猪销量合计1.4万头，收入合计1367.89万,负面的
天科股份：受农历春节假期影响，2月生猪销量合计1.4万头，收入合计1367.89万,负面的
菲达环保爆黑天鹅:海外项目大减值 去年预亏超1.65亿,负面的
博雅生物爆黑天鹅:海外项目大减值 去年预亏超1.65亿,负面的
菲达环保：2017年预亏 明日复牌,负面的
汇顶科技：2017年预亏 明日复牌,负面的
龙星化工：终止重大资产重组，3月16日复牌,负面的
中船科技：终止重大资产重组，3月16日复牌,负面的
龙星化工终止重大资产重组 16日起复牌,负面的
拓尔思终止重大资产重组 16日起复牌,负面的
寒锐钴业：三位股东拟减持不超7%股份,负面的
科斯伍德：三位股东拟减持不超7%股份,负面的
寒锐钴业：三位股东拟减持不超7%股份,负面的
江苏阳光：三位股东拟减持不超7%股份,负面的
中科新材：控股股东已承接旗下信托计划拟减持的2.51%股份,负面的
长青集团：控股股东已承接旗下信托计划拟减持的2.51%股份,负面的
塔牌集团：两股东计划减持不超过2%股份,负面的
中毅达：两股东计划减持不超过2%股份,负面的
普路通：两股东计划减持不超过2%股份,负面的
国泰进取：两股东计划减持不超过2%股份,负面的
普路通两股东拟合计减持不超2%股份,负面的
远大智能两股东拟合计减持不超2%股份,负面的
三六五网：两股东计划减持不超过总股本1.99%,负面的
华安300B：两股东计划减持不超过总股本1.99%,负面的
大金重工：控股股东减持500万股,负面的
中原内配：控股股东减持500万股,负面的
大金重工控股股东减持500万股,负面的
红利ETF控股股东减持500万股,负面的
大金重工：控股股东减持500万股,负面的
飞马国际：控股股东减持500万股,负面的
众兴菌业：多名高管拟合计减持不超297万股,负面的
浙商稳健：多名高管拟合计减持不超297万股,负面的
千山药机：逾10亿元债务到期未能清偿,负面的
恒源煤电：逾10亿元债务到期未能清偿,负面的
千山药机：逾10亿元债务到期未能清偿,负面的
弘亚数控：逾10亿元债务到期未能清偿,负面的
千山药机逾10亿元债务到期未能清偿 资金面临急剧紧张,负面的
新纶科技逾10亿元债务到期未能清偿 资金面临急剧紧张,负面的
千山药机：逾10亿元债务到期未能清偿,负面的
白云山：逾10亿元债务到期未能清偿,负面的
千山药机逾10亿元债务到期未清偿,负面的
欧比特逾10亿元债务到期未清偿,负面的
四方精创：持股5%以上股东减持1%股份,负面的
惠天热电：持股5%以上股东减持1%股份,负面的
四方精创：持股5%以上股东减持1%股份,负面的
同和药业：持股5%以上股东减持1%股份,负面的
晨鑫科技：实控人及其一致人所持公司股份全部被冻结,负面的
来伊份：实控人及其一致人所持公司股份全部被冻结,负面的
晨鑫科技：实控人及其一致人所持公司股份全部被冻结,负面的
中广核技：实控人及其一致人所持公司股份全部被冻结,负面的
晨鑫科技：实控人及其一致人所持公司股份全部被冻结,负面的
金健米业：实控人及其一致人所持公司股份全部被冻结,负面的
晨鑫科技：实控人及其一致人所持公司股份全部被冻结,负面的
烽火电子：实控人及其一致人所持公司股份全部被冻结,负面的
暴涨58%的乐视网又搞事 孙宏斌撂挑子愿赌服输？,负面的
暴涨58%的丰林集团又搞事 孙宏斌撂挑子愿赌服输？,负面的
乐视网深陷内部关联交易 孙宏斌辞去董事长职务,负面的
仰帆控股深陷内部关联交易 孙宏斌辞去董事长职务,负面的
全通教育：控股股东计划减持2%股份,负面的
中银盛利：控股股东计划减持2%股份,负面的
冰轮环境：红塔创新计划继续减持不超过2%股份,负面的
东南网架：红塔创新计划继续减持不超过2%股份,负面的
冰轮环境股东红塔创新拟减持不超2%股份,负面的
中航资本股东红塔创新拟减持不超2%股份,负面的
建研集团：终止重大资产重组事项，3月15日复牌,负面的
美的集团：终止重大资产重组事项，3月15日复牌,负面的
弘亚数控：高管计划减持135万股,负面的
信息发展：高管计划减持135万股,负面的
弘亚数控董事陈大江拟减持不超135万股,负面的
泰达股份董事陈大江拟减持不超135万股,负面的
弘亚数控董事拟减持不超135万股,负面的
平治信息董事拟减持不超135万股,负面的
弘亚数控董事陈大江拟减持不超135万股,负面的
久立特材董事陈大江拟减持不超135万股,负面的
*ST中安：控股股东所持部分股份被冻结,负面的
*科林环保：控股股东所持部分股份被冻结,负面的
仙坛股份：两股东拟清仓减持4.5%股份,负面的
博腾股份：两股东拟清仓减持4.5%股份,负面的
仙坛股份两股东拟清仓减持合计4.5%股份,负面的
中欧纯债两股东拟清仓减持合计4.5%股份,负面的
仙坛股份两股东拟清仓减持合计4.5%股份,负面的
泰晶科技两股东拟清仓减持合计4.5%股份,负面的
仙坛股份两股东拟清仓减持合计4.5%股份,负面的
徕木股份两股东拟清仓减持合计4.5%股份,负面的
激智科技股东达晨投资拟减持不超3%股份,负面的
上海天洋股东达晨投资拟减持不超3%股份,负面的
天华超净：股东减持达到总股本1%,负面的
科大讯飞：股东减持达到总股本1%,负面的
重庆燃气：终止投资合江县LNG综合利用项目,负面的
凤形股份：终止投资合江县LNG综合利用项目,负面的
重庆燃气：终止投资合江县LNG综合利用项目,负面的
Ｒ-028：终止投资合江县LNG综合利用项目,负面的
【重庆燃气：终止投资合江县LNG综合利用项目】,负面的
【欧亚集团：终止投资合江县LNG综合利用项目】,负面的
通达股份：终止非公开发行股票事项,负面的
蒙草生态：终止非公开发行股票事项,负面的
通达股份终止非公开发行股票事项,负面的
天成自控终止非公开发行股票事项,负面的
通达股份：终止非公开发行股票事项,负面的
东方国信：终止非公开发行股票事项,负面的
通达股份：终止非公开发行股票事项,负面的
苏常柴B：终止非公开发行股票事项,负面的
通达股份：终止非公开发行股票事项,负面的
南国置业：终止非公开发行股票事项,负面的
【通达股份：终止非公开发行股票事项】,负面的
【国电电力：终止非公开发行股票事项】,负面的
[公司]通达股份终止非公开发行股票事项,负面的
[公司]银河进取终止非公开发行股票事项,负面的
金刚玻璃 ：终止发行股份购买资产并撤回申请文件,负面的
中文在线 ：终止发行股份购买资产并撤回申请文件,负面的
金刚玻璃：终止重组并撤回申请文件,负面的
科华生物：终止重组并撤回申请文件,负面的
丝路视觉：股东计划减持不超过1%股份,负面的
中国神华：股东计划减持不超过1%股份,负面的
金龙机电：控股股东1290万股质押股票拟启动违约处置程序,负面的
泰尔股份：控股股东1290万股质押股票拟启动违约处置程序,负面的
金龙机电：股东1290万股质押股票拟启动违约处置程序,负面的
网金B：股东1290万股质押股票拟启动违约处置程序,负面的
广安爱众：董事长罗庆红涉嫌违纪违法被停职,负面的
依顿电子：董事长罗庆红涉嫌违纪违法被停职,负面的
广安爱众：董事长罗庆红涉嫌违纪违法被停职,负面的
巴安水务：董事长罗庆红涉嫌违纪违法被停职,负面的
晨鑫科技：实控人刘德群等涉嫌犯罪被采取强制措施,负面的
一汽富维：实控人刘德群等涉嫌犯罪被采取强制措施,负面的
晨鑫科技：实控人刘德群等涉嫌犯罪被采取强制措施,负面的
东方国信：实控人刘德群等涉嫌犯罪被采取强制措施,负面的
晨鑫科技：实控人刘德群等涉嫌犯罪被采取强制措施,负面的
数码视讯：实控人刘德群等涉嫌犯罪被采取强制措施,负面的
晨鑫科技：实控人刘德群等涉嫌犯罪被采取强制措施,负面的
宝塔实业：实控人刘德群等涉嫌犯罪被采取强制措施,负面的
晨鑫科技：实控人刘德群等涉嫌犯罪被采取强制措施,负面的
海欣食品：实控人刘德群等涉嫌犯罪被采取强制措施,负面的
八一钢铁高送转预案收上交所问询函，3月13日起停牌,负面的
中国重工高送转预案收上交所问询函，3月13日起停牌,负面的
八一钢铁净利润大增拟高送转遭上交所关注,负面的
哈森股份净利润大增拟高送转遭上交所关注,负面的
建研集团：终止重大资产重组,负面的
0509R007：终止重大资产重组,负面的
建研集团终止重大资产重组事项,负面的
招商成长终止重大资产重组事项,负面的
建研集团终止重大资产重组事项,负面的
海通证券终止重大资产重组事项,负面的
科融环境：控股股东全部持股被司法冻结,负面的
龙净环保：控股股东全部持股被司法冻结,负面的
步森股份：终止稠州银行股权转让事项，因对方无力支付剩余转让款,负面的
凯恩股份：终止稠州银行股权转让事项，因对方无力支付剩余转让款,负面的
因对方无力支付转让款，步森股份终止稠州银行股权转让,负面的
因对方无力支付转让款，益生股份终止稠州银行股权转让,负面的
交易对方筹资金困难 步森股份终止稠州银行股权转让,负面的
交易对方筹资金困难 体育B终止稠州银行股权转让,负面的
步森股份：对方无力支付剩余转让款 终止稠州银行股权转让事项,负面的
*ST华圣：对方无力支付剩余转让款 终止稠州银行股权转让事项,负面的
交易对方筹资金困难 步森股份终止稠州银行股权转让,负面的
交易对方筹资金困难 锐奇股份终止稠州银行股权转让,负面的
对方无力支付剩余转让款 步森股份终止稠州银行股权转让,负面的
对方无力支付剩余转让款 友利控股终止稠州银行股权转让,负面的
新时达：高管减持580万股,负面的
龙津药业：高管减持580万股,负面的
数据港股东钥信信息拟减持不超2%股份,负面的
中能电气股东钥信信息拟减持不超2%股份,负面的
东阳光科：重组审核暂停，3月9日复牌,负面的
高鸿股份：重组审核暂停，3月9日复牌,负面的
东阳光科重组审核被暂停 9日复牌,负面的
中国太保重组审核被暂停 9日复牌,负面的
东阳光科重组审核被暂停 9日复牌,负面的
智慧松德重组审核被暂停 9日复牌,负面的
东阳光科重组暂停审核股价重挫 标的废水排放白水河,负面的
鹏华动力重组暂停审核股价重挫 标的废水排放白水河,负面的
天顺风能：鹏华资管计划清仓减持5.02%股份,负面的
天润乳业：鹏华资管计划清仓减持5.02%股份,负面的
天顺风能：鹏华资管计划清仓减持5.02%股份,负面的
GC001：鹏华资管计划清仓减持5.02%股份,负面的
天顺风能：鹏华资管计划拟清仓减持5.02%股份,负面的
德新交运：鹏华资管计划拟清仓减持5.02%股份,负面的
天顺风能：鹏华资管计划拟清仓减持5.02%股份,负面的
新时达：鹏华资管计划拟清仓减持5.02%股份,负面的
天顺风能：鹏华资管计划拟清仓减持所持5.02%股份,负面的
栖霞建设：鹏华资管计划拟清仓减持所持5.02%股份,负面的
深振业A：终止筹划重大资产重组，3月9日复牌,负面的
贵绳股份：终止筹划重大资产重组，3月9日复牌,负面的
深振业A滑铁卢:耗半年重组终止 停牌前猛涨复牌跌停,负面的
中衡设计滑铁卢:耗半年重组终止 停牌前猛涨复牌跌停,负面的
终止重大资产重组 深振业A复牌跌停,负面的
终止重大资产重组 天域生态复牌跌停,负面的
天赐材料：股东万向创投拟清仓减持5.87%股份,负面的
国瓷材料：股东万向创投拟清仓减持5.87%股份,负面的
南京公用：减持320万股松芝股份，获利2250万元,负面的
信息安B：减持320万股松芝股份，获利2250万元,负面的
南京公用出售松芝股份股票 获利2250万元,负面的
银华消费A出售松芝股份股票 获利2250万元,负面的
南京公用出售松芝股份股票 获利2250万元,负面的
华电B股出售松芝股份股票 获利2250万元,负面的
深赤湾A：2月货物吞吐量442.6万吨，同比减少6.8%,负面的
滨化股份：2月货物吞吐量442.6万吨，同比减少6.8%,负面的
深赤湾A：2月份货物吞吐量同比降6.8%,负面的
远东传动：2月份货物吞吐量同比降6.8%,负面的
环旭电子：2月份合并营收同比下降16.75%,负面的
航天长峰：2月份合并营收同比下降16.75%,负面的
【环旭电子：2月份合并营收同比下降16.75%】,负面的
【江铃B：2月份合并营收同比下降16.75%】,负面的
太平洋：母公司2月亏损2386.66万元,负面的
中国核电：母公司2月亏损2386.66万元,负面的
太平洋证券2018年2月净利润预亏2386.66万元,负面的
吉峰农机证券2018年2月净利润预亏2386.66万元,负面的
金龙机电终止筹划发行股份购买资产事项,负面的
康强电子终止筹划发行股份购买资产事项,负面的
金龙机电终止筹划发行股份购买资产事项,负面的
集智股份终止筹划发行股份购买资产事项,负面的
金龙机电终止筹划发行股份购买资产事项,负面的
未名医药终止筹划发行股份购买资产事项,负面的
金海环境：控股股东承诺不减持公司股份,负面的
丰元股份：控股股东承诺不减持公司股份,负面的
雪榕生物 ：股东拟减持不超过公司总股本1.83%,负面的
信息安A ：股东拟减持不超过公司总股本1.83%,负面的
立昂技术：股东减持1%股份,负面的
*ST五稀：股东减持1%股份,负面的
立昂技术：股东中泽嘉盟减持1%股份 持股比例降至5%以下,负面的
渤海轮渡：股东中泽嘉盟减持1%股份 持股比例降至5%以下,负面的
立昂技术股东减持102.50万股 减持后持股比例低于5%,负面的
银华内需股东减持102.50万股 减持后持股比例低于5%,负面的
华测导航高送转前股东增持 深交所问是否存内幕交易,负面的
汉商集团高送转前股东增持 深交所问是否存内幕交易,负面的
华测导航拟10转10派2.7 深交所下发关注函要求说明合理性,负面的
西部创业拟10转10派2.7 深交所下发关注函要求说明合理性,负面的
诺普信：终止定增,负面的
乐金健康：终止定增,负面的
梅雁吉祥：股票市盈率高于行业，3月6日复牌,负面的
恒生ETF：股票市盈率高于行业，3月6日复牌,负面的
梅雁吉祥：股票复牌 对中睿欲取得控制权事项不予支持,负面的
江南化工：股票复牌 对中睿欲取得控制权事项不予支持,负面的
梅雁吉祥复牌跌超5% 董事会对举牌者说不,负面的
信质电机复牌跌超5% 董事会对举牌者说不,负面的
梅雁吉祥：股票复牌 对中睿欲取得控制权事项不予支持,负面的
达威股份：股票复牌 对中睿欲取得控制权事项不予支持,负面的
安靠智电：股东建创能鑫拟减持2.625%股份,负面的
诺德双翼：股东建创能鑫拟减持2.625%股份,负面的
安靠智电股东建创能鑫拟减持2.625%股份,负面的
南洋股份股东建创能鑫拟减持2.625%股份,负面的
安靠智电股东建创能鑫拟减持2.625%股份,负面的
园城黄金股东建创能鑫拟减持2.625%股份,负面的
安靠智电股东建创能鑫拟减持2.625%股份,负面的
欣天科技股东建创能鑫拟减持2.625%股份,负面的
安靠智电：持股5.25%股东建创能鑫拟3个月内减持2.625%股份。,负面的
渤海轮渡：持股5.25%股东建创能鑫拟3个月内减持2.625%股份。,负面的
威创股份股东国投泰康瑞福3号清仓减持公司1.789%股份,负面的
音飞储存股东国投泰康瑞福3号清仓减持公司1.789%股份,负面的
海汽集团：海南农垦拟6个月内减持不超过1.352%,负面的
长春经开：海南农垦拟6个月内减持不超过1.352%,负面的
海汽集团股东海南农垦拟减持不超1.35%股份,负面的
宝色股份股东海南农垦拟减持不超1.35%股份,负面的
海汽集团股东海南农垦拟减持不超1.35%股份,负面的
美年健康股东海南农垦拟减持不超1.35%股份,负面的
温氏股份：2月肉猪销售收入下滑38.19%,负面的
保税科技：2月肉猪销售收入下滑38.19%,负面的
温氏股份：2月商品肉猪销量及销售收入双降,负面的
晋西车轴：2月商品肉猪销量及销售收入双降,负面的
安凯客车：1-2 月累计销量同比下滑23.44%,负面的
安科生物：1-2 月累计销量同比下滑23.44%,负面的
金盾股份：绍兴公安局对已故原董事长控制公司立案,负面的
信隆健康：绍兴公安局对已故原董事长控制公司立案,负面的
金盾股份：绍兴公安局已对已故原董事长立案侦查,负面的
乔治白：绍兴公安局已对已故原董事长立案侦查,负面的
小康股份：终止收购美国电动汽车动力系统公司,负面的
大东海B：终止收购美国电动汽车动力系统公司,负面的
汇金股份控股股东、实控人拟减持不超4%股份,负面的
红旗连锁控股股东、实控人拟减持不超4%股份,负面的
智慧能源：终止发行股份购买资产，3月6日复牌,负面的
棕榈股份：终止发行股份购买资产，3月6日复牌,负面的
银星能源：终止重大资产重组,负面的
北巴传媒：终止重大资产重组,负面的
银星能源终止本次重大资产重组,负面的
厚普股份终止本次重大资产重组,负面的
银星能源：终止重大资产重组,负面的
冀东水泥：终止重大资产重组,负面的
金盾股份控股股东及其一致行动人股份被司法冻结,负面的
梦网荣信控股股东及其一致行动人股份被司法冻结,负面的
中昌数据股东拟减持不超1.67%股份,负面的
安徽合力股东拟减持不超1.67%股份,负面的
思特奇：三股东拟合计减持不超过总股本9%,负面的
东方雨虹：三股东拟合计减持不超过总股本9%,负面的
思特奇：三名股东拟合计减持不超9%股份,负面的
长青股份：三名股东拟合计减持不超9%股份,负面的
思特奇：三名股东拟合计减持不超9%股份,负面的
国投资源：三名股东拟合计减持不超9%股份,负面的
乐视网：贾跃亭所有股票质押式回购交易已触及协议约定的平仓线,负面的
恺英网络：贾跃亭所有股票质押式回购交易已触及协议约定的平仓线,负面的
乐视网：贾跃亭所有股票质押式回购交易已触及平仓线,负面的
国电电力：贾跃亭所有股票质押式回购交易已触及平仓线,负面的
云南锗业：股东拟减持不超1.18%股份,负面的
博世科：股东拟减持不超1.18%股份,负面的
云南锗业持股5%以上股东拟减持不超过770万股,负面的
苏州科达持股5%以上股东拟减持不超过770万股,负面的
中电电机：终止筹划重大资产重组，3月2日复牌,负面的
申万债券：终止筹划重大资产重组，3月2日复牌,负面的
中电电机终止筹划重大资产重组 2日复牌,负面的
转债A终止筹划重大资产重组 2日复牌,负面的
中电电机：终止筹划重大资产重组 明起复牌,负面的
麦趣尔：终止筹划重大资产重组 明起复牌,负面的
中电电机：终止筹划重大资产重组 明起复牌,负面的
金杯电工：终止筹划重大资产重组 明起复牌,负面的
韩建河山：公司迄今未在雄安新区承接业务，3月2日复牌,负面的
鹏华300：公司迄今未在雄安新区承接业务，3月2日复牌,负面的
韩建河山：在雄安无业务与资产 2日复牌,负面的
启明星辰：在雄安无业务与资产 2日复牌,负面的
韩建河山完成自查并复牌 雄安新区的建设迄今对公司经营无影响,负面的
铁汉生态完成自查并复牌 雄安新区的建设迄今对公司经营无影响,负面的
韩建河山完成自查并复牌 雄安新区的建设迄今对公司经营无影响,负面的
海富增利完成自查并复牌 雄安新区的建设迄今对公司经营无影响,负面的
万丰奥威：终止重大资产重组，3月2日复牌,负面的
百联股份：终止重大资产重组，3月2日复牌,负面的
万丰奥威终止资产重组 2日起复牌,负面的
0603R007终止资产重组 2日起复牌,负面的
万丰奥威：终止重大资产重组 明起复牌,负面的
奥普光电：终止重大资产重组 明起复牌,负面的
万丰奥威终止收购汽车行业标的 3月2日复牌,负面的
南国置业终止收购汽车行业标的 3月2日复牌,负面的
陕鼓动力：终止重组，3月2日复牌,负面的
盛运环保：终止重组，3月2日复牌,负面的
星普医科：终止重组，3月2日复牌,负面的
华安智增：终止重组，3月2日复牌,负面的
星普医科：终止重大资产重组 明日复牌,负面的
康泰生物：终止重大资产重组 明日复牌,负面的
星普医科：终止重大资产重组 明日复牌,负面的
荣科科技：终止重大资产重组 明日复牌,负面的
星普医科终止重大资产重组 股票复牌,负面的
埃斯顿终止重大资产重组 股票复牌,负面的
贝斯特：终止重大资产重组 明起复牌,负面的
中孚实业：终止重大资产重组 明起复牌,负面的
贝斯特：终止重大资产重组 明起复牌,负面的
泛海控股：终止重大资产重组 明起复牌,负面的
陕鼓动力：终止筹划重大资产重组,负面的
华菱钢铁：终止筹划重大资产重组,负面的
陕鼓动力终止筹划重大资产重组,负面的
江化微终止筹划重大资产重组,负面的
陕鼓动力终止筹划重大资产重组,负面的
新五丰终止筹划重大资产重组,负面的
陕鼓动力终止筹划重大资产重组,负面的
中创100终止筹划重大资产重组,负面的
宁波精达：终止重组，2月28日复牌,负面的
大湖股份：终止重组，2月28日复牌,负面的
宁波精达：关于终止筹划重大资产重组暨复牌的公告,负面的
苏威孚B：关于终止筹划重大资产重组暨复牌的公告,负面的
终止筹划重大资产重组并复牌 宁波精达跌停,负面的
终止筹划重大资产重组并复牌 有色B跌停,负面的
易见股份风险提示：并未从事市场所认为的区块链业务,负面的
诺安稳健风险提示：并未从事市场所认为的区块链业务,负面的
易见股份发风险提示：并未从事市场认为的区块链业务,负面的
东方雨虹发风险提示：并未从事市场认为的区块链业务,负面的
易见股份提示风险：未从事区块链业务,负面的
幸福蓝海提示风险：未从事区块链业务,负面的
易见股份提示风险：未从事区块链业务,负面的
琼民源A提示风险：未从事区块链业务,负面的
全通教育：公司董事拟减持不超过214万股,负面的
阳光股份：公司董事拟减持不超过214万股,负面的
恒通科技：股东拟清仓减持8.36%,负面的
华新B股：股东拟清仓减持8.36%,负面的
【恒通科技：股东拟清仓减持8.36%】,负面的
【山东如意：股东拟清仓减持8.36%】,负面的
恒通科技：中科燕山拟清仓减持8.36%股份,负面的
华明装备：中科燕山拟清仓减持8.36%股份,负面的
恒通科技：中科燕山拟清仓减持8.36%股份,负面的
海富增利：中科燕山拟清仓减持8.36%股份,负面的
富瀚微：股东拟减持不超过总股本2%,负面的
星网锐捷：股东拟减持不超过总股本2%,负面的
富瀚微：股东拟减持不超2.02%股份,负面的
500原料：股东拟减持不超2.02%股份,负面的
同花顺：年报净利同比下降40.11%，一季报预降20%-50%,负面的
中环股份：年报净利同比下降40.11%，一季报预降20%-50%,负面的
东方财富披露业绩快报：净利同比去年下降10.77%,负面的
京威股份披露业绩快报：净利同比去年下降10.77%,负面的
龙蟒佰利：子公司环保违法被罚款15万元,负面的
黑猫股份：子公司环保违法被罚款15万元,负面的
獐子岛业绩快报：2017年净亏损6.76亿元,负面的
*ST信联业绩快报：2017年净亏损6.76亿元,负面的
獐子岛业绩快报：2017年净亏损6.76亿元人民币。,负面的
民营ETF业绩快报：2017年净亏损6.76亿元人民币。,负面的
獐子岛业绩快报：2017年亏损6.76亿元,负面的
天保基建业绩快报：2017年亏损6.76亿元,负面的
獐子岛业绩快报：2017年亏损6.76亿元,负面的
ST宏业业绩快报：2017年亏损6.76亿元,负面的
獐子岛：因扇贝死亡去年亏损6.76亿元 净利润降949%,负面的
英洛华：因扇贝死亡去年亏损6.76亿元 净利润降949%,负面的
獐子岛业绩快报：2017亏损6.76亿 归属股东权益减少六成,负面的
蓝思科技业绩快报：2017亏损6.76亿 归属股东权益减少六成,负面的
华联股份：目前未与阿里巴巴就Rajax股权转让事项签署任何协议,负面的
天创时尚：目前未与阿里巴巴就Rajax股权转让事项签署任何协议,负面的
华联股份：饿了么未与阿里就股权转让签署任何协议,负面的
盛天网络：饿了么未与阿里就股权转让签署任何协议,负面的
华联股份：阿里巴巴对饿了么有收购意向，但目前未签署协议,负面的
华宝添益：阿里巴巴对饿了么有收购意向，但目前未签署协议,负面的
济川药业：遭控股股东的一致行动人清仓减持2.65%股份,负面的
马应龙：遭控股股东的一致行动人清仓减持2.65%股份,负面的
欧浦智网：信托公司强制卖出股份,负面的
东港股份：信托公司强制卖出股份,负面的
翔鹭钨业：股东拟减持不超3%股份,负面的
凌钢股份：股东拟减持不超3%股份,负面的
翔鹭钨业股东力奥盈辉拟减持不超3%股份,负面的
永安药业股东力奥盈辉拟减持不超3%股份,负面的
翔鹭钨业股东力奥盈辉拟减持不超3%股份,负面的
润邦股份股东力奥盈辉拟减持不超3%股份,负面的
第一创业业绩快报：净利同比下降24.73%,负面的
雅克科技业绩快报：净利同比下降24.73%,负面的
富春股份：2017年亏损1.72亿元，同比由盈转亏,负面的
广发医药：2017年亏损1.72亿元，同比由盈转亏,负面的
富春股份：2017年亏损1.72亿元 同比由盈转亏,负面的
恒生ETF：2017年亏损1.72亿元 同比由盈转亏,负面的
【富春股份：2017年亏损1.72亿元 同比由盈转亏】,负面的
【天晟新材：2017年亏损1.72亿元 同比由盈转亏】,负面的
富春股份：2017年亏损1.72亿元，同比由盈转亏,负面的
天盈B：2017年亏损1.72亿元，同比由盈转亏,负面的
海顺新材：兴创投资拟减持不超3.4208%股份,负面的
嘉实黄金：兴创投资拟减持不超3.4208%股份,负面的
海顺新材特定股东拟减持不超3.4208%股份,负面的
城投ETF特定股东拟减持不超3.4208%股份,负面的
海顺新材特定股东拟减持不超3.4208%股份,负面的
紫江企业特定股东拟减持不超3.4208%股份,负面的
海顺新材15个月总市值蒸发60亿,负面的
深高速15个月总市值蒸发60亿,负面的
洛阳钼业提示风险：钴金属价格上涨，无扩产计划,负面的
中科金财提示风险：钴金属价格上涨，无扩产计划,负面的
洛阳钼业提示风险：钴金属价格上涨，无扩产计划,负面的
祥龙电业提示风险：钴金属价格上涨，无扩产计划,负面的
【洛阳钼业提示风险：钴金属价格上涨 无扩产计划】,负面的
【新泉股份提示风险：钴金属价格上涨 无扩产计划】,负面的
江泉实业：终止筹划非公开发行股票事项，2月27日复牌,负面的
长城信息：终止筹划非公开发行股票事项，2月27日复牌,负面的
沃森生物业绩快报：2017年亏损5.35亿元,负面的
硕贝德业绩快报：2017年亏损5.35亿元,负面的
海南矿业：终止收购俄罗斯最大黄金生产商股权,负面的
华昌化工：终止收购俄罗斯最大黄金生产商股权,负面的
海南矿业：终止收购俄罗斯最大黄金生产商股权,负面的
建信50B：终止收购俄罗斯最大黄金生产商股权,负面的
温氏股份业绩快报：净利同比下降42.58%,负面的
通富微电业绩快报：净利同比下降42.58%,负面的
温氏股份业绩快报：2017年净利同比降42.58%,负面的
龙蟠科技业绩快报：2017年净利同比降42.58%,负面的
海康威视业绩增 温氏股份比亚迪业绩跌,负面的
海康威视业绩增 博创科技比亚迪业绩跌,负面的
中小创龙头业绩:海康威视增长 温氏股份比亚迪下滑,负面的
中小创龙头业绩:海康威视增长 新赛股份比亚迪下滑,负面的
章源钨业：2017年营收增近四成，净利下降33%,负面的
钢铁B：2017年营收增近四成，净利下降33%,负面的
比亚迪2017年守住新能源擂主，却无法阻止净利下滑近两成,负面的
中核钛白2017年守住新能源擂主，却无法阻止净利下滑近两成,负面的
比亚迪：2017年净利40.57亿元 同比下滑19.7%,负面的
亚星化学：2017年净利40.57亿元 同比下滑19.7%,负面的
比亚迪业绩快报：2017年净利润40.6亿元下跌两成,负面的
豪迈科技业绩快报：2017年净利润40.6亿元下跌两成,负面的
中小创三大权重股晒成绩单：比亚迪净利下降近两成,负面的
中小创三大权重股晒成绩单：太阳能净利下降近两成,负面的
易成新能：2017年亏损10.23亿元,负面的
日科化学：2017年亏损10.23亿元,负面的
易成新能：2017年净利润亏损10.23亿元,负面的
中盘ETF：2017年净利润亏损10.23亿元,负面的
易成新能：2017年净利润亏损10.23亿元,负面的
中概互联：2017年净利润亏损10.23亿元,负面的
易成新能业绩快报：2017年亏损逾10亿元,负面的
三安光电业绩快报：2017年亏损逾10亿元,负面的
富春股份业绩快报：亏损1.7亿元,负面的
*ST烯碳业绩快报：亏损1.7亿元,负面的
海普瑞业绩快报：净利同比减少52.64%,负面的
基金同益业绩快报：净利同比减少52.64%,负面的
雷科防务：收到上海浦江海关行政处罚决定书,负面的
运达科技：收到上海浦江海关行政处罚决定书,负面的
瑞康医药实控人拟转让5%股份给招商慧泽,负面的
0509R028实控人拟转让5%股份给招商慧泽,负面的
瑞康医药：实控人拟转让5%股份给招商慧泽,负面的
长生生物：实控人拟转让5%股份给招商慧泽,负面的
瑞康医药：实控人拟10.23亿元转让5%公司股份给招商慧泽,负面的
利安隆：实控人拟10.23亿元转让5%公司股份给招商慧泽,负面的
瑞康医药：实控人拟转让5%股份给招商慧泽,负面的
江苏神通：实控人拟转让5%股份给招商慧泽,负面的
绿庭投资：终止重组，2月26日召开投资者说明会,负面的
吉比特：终止重组，2月26日召开投资者说明会,负面的
绿庭投资终止重大资产重组事项,负面的
宁波建工终止重大资产重组事项,负面的
厚普股份终止筹划重大事项 2月26日开市起复牌,负面的
万通地产终止筹划重大事项 2月26日开市起复牌,负面的
厚普股份终止筹划重大事项 26日起复牌,负面的
兴业股份终止筹划重大事项 26日起复牌,负面的
厚普股份：终止筹划重大事项 26日复牌,负面的
瑞丰光电：终止筹划重大事项 26日复牌,负面的
五矿资本：子公司因违反期货和证券法规，被责令改正,负面的
阳晨B股：子公司因违反期货和证券法规，被责令改正,负面的
天山生物：股票存在被暂停上市风险,负面的
广弘控股：股票存在被暂停上市风险,负面的
春秋航空：三股东拟合计减持不超1.94%股份,负面的
通裕重工：三股东拟合计减持不超1.94%股份,负面的
春秋航空三股东拟合计减持不超1.94%股份,负面的
南方500三股东拟合计减持不超1.94%股份,负面的
利安隆：达晨系拟减持不超7%股份,负面的
邦讯技术：达晨系拟减持不超7%股份,负面的
利安隆：达晨系拟减持不超7%股份,负面的
吉比特：达晨系拟减持不超7%股份,负面的
利安隆：达晨系拟减持不超7%股份,负面的
银华800B：达晨系拟减持不超7%股份,负面的
利安隆：达晨系拟减持不超7%股份,负面的
飞乐音响：达晨系拟减持不超7%股份,负面的
【利安隆：达晨系拟减持不超7%股份】,负面的
【互联医疗：达晨系拟减持不超7%股份】,负面的
乐视网：就重整方案未形成任何实质性的方案及意向,负面的
新华联：就重整方案未形成任何实质性的方案及意向,负面的
乐视网：媒体所提“重整方案”未形成任何实质性方案及意向,负面的
利安隆：媒体所提“重整方案”未形成任何实质性方案及意向,负面的
博天环境：股东计划减持不超过总股本6%,负面的
维宏股份：股东计划减持不超过总股本6%,负面的
博天环境：股东计划减持不超过总股本6%,负面的
中兴商业：股东计划减持不超过总股本6%,负面的
海峡环保两股东拟合计减持不超4%股份,负面的
江阴银行两股东拟合计减持不超4%股份,负面的
百花村：瑞东资本累计减持1.86%股份，完成减持计划,负面的
长安汽车：瑞东资本累计减持1.86%股份，完成减持计划,负面的
百花村股东瑞东资本减持届满,负面的
场内货币股东瑞东资本减持届满,负面的
百花村股东瑞东资本减持届满,负面的
亚厦股份股东瑞东资本减持届满,负面的
百花村股东瑞东资本减持届满,负面的
大连热电股东瑞东资本减持届满,负面的
海峡环保：PPP项目废标,负面的
中超控股：PPP项目废标,负面的
梅雁吉祥因获中睿新能源及一致人举牌收问询函,负面的
HS300ETF因获中睿新能源及一致人举牌收问询函,负面的
梅雁吉祥因获中睿新能源及一致人举牌收问询函,负面的
天翔环境因获中睿新能源及一致人举牌收问询函,负面的
?梅雁吉祥获中睿新能源及一致人举牌收上交所问询函,负面的
?富国天惠获中睿新能源及一致人举牌收上交所问询函,负面的
印纪传媒：实控人已消除平仓风险 拟收购镜尚传媒,负面的
中集B：实控人已消除平仓风险 拟收购镜尚传媒,负面的
印纪传媒：实控人已消除平仓风险 拟收购镜尚传媒,负面的
星辉娱乐：实控人已消除平仓风险 拟收购镜尚传媒,负面的
印纪传媒：实控人已消除平仓风险 拟收购镜尚传媒,负面的
南大光电：实控人已消除平仓风险 拟收购镜尚传媒,负面的
印纪传媒：实控人已消除平仓风险 拟收购镜尚传媒,负面的
博腾股份：实控人已消除平仓风险 拟收购镜尚传媒,负面的
印纪传媒：实控人已消除平仓风险 拟收购镜尚传媒,负面的
阳晨B股：实控人已消除平仓风险 拟收购镜尚传媒,负面的
印纪传媒：实控人已消除平仓风险 拟收购镜尚传媒,负面的
旭光股份：实控人已消除平仓风险 拟收购镜尚传媒,负面的
顾地科技：控股股东质押股票逼近平仓线，2月23日起停牌,负面的
老白干酒：控股股东质押股票逼近平仓线，2月23日起停牌,负面的
顾地科技控股股东质押股份逼近平仓线 23日起停牌,负面的
大众公用控股股东质押股份逼近平仓线 23日起停牌,负面的
顾地科技控股股东质押股份逼近平仓线 23日起停牌,负面的
天齐锂业控股股东质押股份逼近平仓线 23日起停牌,负面的
顾地科技：控股股东3488万股股权质押逼近平仓线 股票停牌,负面的
靖远煤电：控股股东3488万股股权质押逼近平仓线 股票停牌,负面的
康达新材：下调重组募集配套资金数额为不超1.34亿元,负面的
飞科电器：下调重组募集配套资金数额为不超1.34亿元,负面的
美尚生态：暂时终止筹划重大事项，2月23日复牌,负面的
美的电器：暂时终止筹划重大事项，2月23日复牌,负面的
回天新材暂停筹划重大事项 23日起复牌,负面的
凌云B股暂停筹划重大事项 23日起复牌,负面的
正业科技：终止筹划重大事项，2月23日复牌,负面的
金莱特：终止筹划重大事项，2月23日复牌,负面的
迪威迅公告，终止筹划重大资产重组，股票2月14日复牌。,负面的
赣锋锂业公告，终止筹划重大资产重组，股票2月14日复牌。,负面的
新华制药公告，终止筹划发行A股股份购买医药制造业、化工中间体行业资产，股票复牌。,负面的
联创互联公告，终止筹划发行A股股份购买医药制造业、化工中间体行业资产，股票复牌。,负面的
新华制药：终止发行股份购买资产事项 14日复牌,负面的
华舟应急：终止发行股份购买资产事项 14日复牌,负面的
嘉应制药公告，第一大股及董事长终止筹划股份转让及投票权委托事宜，股票2月14日复牌。,负面的
中电环保公告，第一大股及董事长终止筹划股份转让及投票权委托事宜，股票2月14日复牌。,负面的
雅戈尔公告，持股12.33%股东昆仑信托拟6个月内减持不超过6%股份。,负面的
方大B公告，持股12.33%股东昆仑信托拟6个月内减持不超过6%股份。,负面的
雅戈尔股东昆仑信托拟减持不超6%股份,负面的
濮耐股份股东昆仑信托拟减持不超6%股份,负面的
瑞特股份公告，持股3.75%股东中科江南拟6个月内清仓减持3.75%股份。,负面的
德国30公告，持股3.75%股东中科江南拟6个月内清仓减持3.75%股份。,负面的
瑞特股份：股东中科江南拟清仓减持3.75%股份,负面的
成长ETF：股东中科江南拟清仓减持3.75%股份,负面的
瑞特股份股东中科江南拟清仓减持3.75%股份,负面的
元盛B股东中科江南拟清仓减持3.75%股份,负面的
瑞特股份股东中科江南拟清仓减持3.75%股份,负面的
欣旺达股东中科江南拟清仓减持3.75%股份,负面的
瑞特股份：股东中科江南拟清仓减持3.75%股份,负面的
百润股份：股东中科江南拟清仓减持3.75%股份,负面的
山东钢铁公告，公司2月13日收到报告书，平安大华于2017年2月23日增持4.9999994%股份，并在2017年8月24日至10月26日期间清仓减持。,负面的
0512R028公告，公司2月13日收到报告书，平安大华于2017年2月23日增持4.9999994%股份，并在2017年8月24日至10月26日期间清仓减持。,负面的
山东钢铁股份有限公司简式权益变动报告书,负面的
金路集团股份有限公司简式权益变动报告书,负面的
富春股份公告，股东上海力珩投资近日减持280.95万股，持股比例降至4.99998%。,负面的
天润乳业公告，股东上海力珩投资近日减持280.95万股，持股比例降至4.99998%。,负面的
高斯贝尔公告，董事马刚、副总经理胡立勤计划6个月内合计减持不超169.6万股，占公司总股本的1.01%。,负面的
上证50A公告，董事马刚、副总经理胡立勤计划6个月内合计减持不超169.6万股，占公司总股本的1.01%。,负面的
高斯贝尔：董监高拟合计减持不超1.01%股份,负面的
泰达效率：董监高拟合计减持不超1.01%股份,负面的
高斯贝尔：董监高拟合计减持不超1.01%股份,负面的
潜能恒信：董监高拟合计减持不超1.01%股份,负面的
江山欧派公告，合计持股13.12%股东周原九鼎和泰合鼎银拟6个月内清仓减持13.12%股份。,负面的
中际装备公告，合计持股13.12%股东周原九鼎和泰合鼎银拟6个月内清仓减持13.12%股份。,负面的
江山欧派公告，合计持股13.12%股东周原九鼎和泰合鼎银拟6个月内清仓减持13.,负面的
中毅达公告，合计持股13.12%股东周原九鼎和泰合鼎银拟6个月内清仓减持13.,负面的
江山欧派：两股东拟清仓减持13.12%股份,负面的
新元科技：两股东拟清仓减持13.12%股份,负面的
红墙股份：股东广东科创计划减持不超过625万股（占公司总股本比例的5%）。,负面的
洛阳玻璃：股东广东科创计划减持不超过625万股（占公司总股本比例的5%）。,负面的
红墙股份股东广东科创拟减持不超5%股份,负面的
田中精机股东广东科创拟减持不超5%股份,负面的
红墙股份：股东广东科创拟减持不超5%股份,负面的
招商成长：股东广东科创拟减持不超5%股份,负面的
恒泰实达公告，百合永生减持计划实施完毕，累计减持1.58%。,负面的
汉鼎宇佑公告，百合永生减持计划实施完毕，累计减持1.58%。,负面的
洽洽食品公告，万和投资减持计划实施完毕，累计减持1%。,负面的
中能电气公告，万和投资减持计划实施完毕，累计减持1%。,负面的
千山药机公告，股东刘祥华持有的5160万股股份被司法轮候冻结，占公司总股本的14.28%。,负面的
杰赛科技公告，股东刘祥华持有的5160万股股份被司法轮候冻结，占公司总股本的14.28%。,负面的
步森股份公告，终止推进重大资产收购事项，股票2月13日复牌。,负面的
医药800A公告，终止推进重大资产收购事项，股票2月13日复牌。,负面的
步森股份：终止重大资产收购事项 明日复牌,负面的
长青集团：终止重大资产收购事项 明日复牌,负面的
步森股份：终止推进本次重大资产收购事项 13日复牌,负面的
海康威视：终止推进本次重大资产收购事项 13日复牌,负面的
步森股份两个月八个跌停 上银新兴价值成长混合很惨,负面的
辉煌科技两个月八个跌停 上银新兴价值成长混合很惨,负面的
龙大肉食控股股东质押股份触及平仓线 13日起停牌,负面的
长盛同庆控股股东质押股份触及平仓线 13日起停牌,负面的
龙大肉食：控股股东触及平仓线 股票停牌,负面的
吉林敖东：控股股东触及平仓线 股票停牌,负面的
龙大肉食：控股股东触及平仓线 股票停牌,负面的
医疗分级：控股股东触及平仓线 股票停牌,负面的
龙大肉食控股股东质押股份触及平仓线 13日起停牌,负面的
基金金鑫控股股东质押股份触及平仓线 13日起停牌,负面的
猛狮科技公告，控股股东沪美公司、实控人之一陈乐伍质押的部分公司股份已跌破或可能跌破平仓价格，存在平仓风险，股票停牌。,负面的
东方锆业公告，控股股东沪美公司、实控人之一陈乐伍质押的部分公司股份已跌破或可能跌破平仓价格，存在平仓风险，股票停牌。,负面的
猛狮科技控股股东、实控人质押股份存在平仓风险 13日起停牌,负面的
闽东电力控股股东、实控人质押股份存在平仓风险 13日起停牌,负面的
大连电瓷：控股股东质押股份已突破平仓线，2月1日起停牌,负面的
商品ETF：控股股东质押股份已突破平仓线，2月1日起停牌,负面的
大连电瓷：控股股东质押股份已突破平仓线 明起停牌,负面的
南洋科技：控股股东质押股份已突破平仓线 明起停牌,负面的
大连电瓷：控股股东质押股份已突破预警线 明起停牌,负面的
蓝盾股份：控股股东质押股份已突破预警线 明起停牌,负面的
天夏智慧：因控股股东质押股触及或触及平仓线，2月1日起停牌,负面的
尖峰集团：因控股股东质押股触及或触及平仓线，2月1日起停牌,负面的
天夏智慧：控股股东质押股票触及平仓线 明起停牌,负面的
中航地产：控股股东质押股票触及平仓线 明起停牌,负面的
天夏智慧：控股股东质押股票触及平仓线 明起停牌,负面的
复旦复华：控股股东质押股票触及平仓线 明起停牌,负面的
天夏智慧：控股股东质押股票触及平仓线 明起停牌,负面的
欣天科技：控股股东质押股票触及平仓线 明起停牌,负面的
天夏智慧：因控股股东质押股票触及平仓线 股票停牌,负面的
GC028：因控股股东质押股票触及平仓线 股票停牌,负面的
北京利尔：控股股东决定终止筹划股权转让事宜,负面的
同有科技：控股股东决定终止筹划股权转让事宜,负面的
北京利尔控股股东终止股权转让事项,负面的
中银绒业控股股东终止股权转让事项,负面的
北京利尔：控股股东终止筹划涉及控制权变更股权转让事宜,负面的
方直科技：控股股东终止筹划涉及控制权变更股权转让事宜,负面的
北京利尔控股股东终止筹划涉及控制权变更股权转让事宜,负面的
金轮股份控股股东终止筹划涉及控制权变更股权转让事宜,负面的
鹏翎股份：股东计划减持不超1.62%股份,负面的
海特高新：股东计划减持不超1.62%股份,负面的
中富通：股东计划减持不超过总股本1.17%,负面的
天方药业：股东计划减持不超过总股本1.17%,负面的
达威股份：股东吴冬梅减持公司5%股份,负面的
RC003：股东吴冬梅减持公司5%股份,负面的
达威股份股东吴冬梅累计减持5%股份,负面的
宝钛股份股东吴冬梅累计减持5%股份,负面的
达威股份股东吴冬梅累计减持5%股份,负面的
大华农股东吴冬梅累计减持5%股份,负面的
熙菱信息股东拟减持不超4%股份,负面的
东北证券股东拟减持不超4%股份,负面的
熙菱信息：股东拟减持不超4%股份,负面的
上实发展：股东拟减持不超4%股份,负面的
千山药机：公司高管遭遇平仓被动减持157.95万股,负面的
森源电气：公司高管遭遇平仓被动减持157.95万股,负面的
千山药机：公司高管遭遇平仓被动减持158万股,负面的
锦江投资：公司高管遭遇平仓被动减持158万股,负面的
全聚德股东IDG资本拟清仓减持5.87%股份,负面的
深高速股东IDG资本拟清仓减持5.87%股份,负面的
双塔食品：下调业绩预期,负面的
太空板业：下调业绩预期,负面的
大富科技：2017年预亏4.45亿元,负面的
舜喆B：2017年预亏4.45亿元,负面的
大富科技年报预亏4.45亿元-4.5亿元,负面的
普利特年报预亏4.45亿元-4.5亿元,负面的
永吉股份：监事高翔拟减持公司不超300万股,负面的
日机密封：监事高翔拟减持公司不超300万股,负面的
永吉股份一监事拟减持不超300万股,负面的
星网锐捷一监事拟减持不超300万股,负面的
爱司凯：股东柏智方德拟减持不超2%股份,负面的
浙江鼎力：股东柏智方德拟减持不超2%股份,负面的
爱司凯：股东柏智方德拟减持不超2%股份,负面的
石大胜华：股东柏智方德拟减持不超2%股份,负面的
梦舟股份：恒鑫集团拟6个月内减持1.614%股份,负面的
武钢CWB1：恒鑫集团拟6个月内减持1.614%股份,负面的
梦舟股份股东恒鑫集团拟清仓减持,负面的
消费ETF股东恒鑫集团拟清仓减持,负面的
梦舟股份股东恒鑫集团拟清仓减持,负面的
300地产A股东恒鑫集团拟清仓减持,负面的
金隅集团：股东拟减持不超1.06亿股,负面的
宁波富邦：股东拟减持不超1.06亿股,负面的
乐视网：预计2017年亏损约116亿元,负面的
北辰实业：预计2017年亏损约116亿元,负面的
獐子岛：2017年或亏损，1月31日起停牌。,负面的
宁波高发：2017年或亏损，1月31日起停牌。,负面的
扇贝又跑了?獐子岛17年业绩预盈变为预亏逾5亿并停牌,负面的
扇贝又跑了?证通电子17年业绩预盈变为预亏逾5亿并停牌,负面的
海利得：股东万向创投拟6个月内减持不超过6%股份,负面的
豫金刚石：股东万向创投拟6个月内减持不超过6%股份,负面的
海利得股东万向创投拟减持不超6%股份,负面的
重组A股东万向创投拟减持不超6%股份,负面的
海利得股东万向创投拟减持不超6%股份,负面的
辉隆股份股东万向创投拟减持不超6%股份,负面的
海利得股东万向创投拟减持不超6%股份,负面的
建信300股东万向创投拟减持不超6%股份,负面的
海利得：万向创投拟减持不超6%公司股份,负面的
科大智能：万向创投拟减持不超6%公司股份,负面的
中飞股份股东拟减持不超2%股份,负面的
好当家股东拟减持不超2%股份,负面的
中飞股份股东拟减持不超2%股份,负面的
新黄浦股东拟减持不超2%股份,负面的
一汽夏利：预计2017年净利亏损超16亿元,负面的
陕西金叶：预计2017年净利亏损超16亿元,负面的
一汽夏利：预计2017年度净利润亏损超16亿元,负面的
伟星新材：预计2017年度净利润亏损超16亿元,负面的
天际股份：大幅下调2017年度业绩预期,负面的
燕京啤酒：大幅下调2017年度业绩预期,负面的
福建水泥预计2017年将出现亏损,负面的
金冠电气预计2017年将出现亏损,负面的
【赔本】福建水泥：预计2017年亏损1.48亿元到1.55亿元,负面的
【赔本】天盈B：预计2017年亏损1.48亿元到1.55亿元,负面的
*ST海润：2017年预计亏损23.7亿元-28.4亿元,负面的
融通农业：2017年预计亏损23.7亿元-28.4亿元,负面的
*ST海润股价跌破面值 12年来第一只,负面的
特一药业股价跌破面值 12年来第一只,负面的
*ST海润股价跌破1元 “仙股”重出江湖,负面的
创业板B股价跌破1元 “仙股”重出江湖,负面的
安凯客车：预计2017年亏损2.3亿元-2.55亿,负面的
同庆A：预计2017年亏损2.3亿元-2.55亿,负面的
预计2017年亏损2.3亿元-2.55亿 安凯客车连续2日跌停,负面的
预计2017年亏损2.3亿元-2.55亿 农尚环境连续2日跌停,负面的
安凯客车：2017年预亏2.3亿元-2.55亿元,负面的
长城影视：2017年预亏2.3亿元-2.55亿元,负面的
德豪润达2017年预亏8亿-9亿元，此前预亏1亿-1.5亿元,负面的
证券股A2017年预亏8亿-9亿元，此前预亏1亿-1.5亿元,负面的
德豪润达2017年预亏8亿-9亿元 此前预亏1亿-1.5亿元,负面的
丰利A类2017年预亏8亿-9亿元 此前预亏1亿-1.5亿元,负面的
欧菲科技：下修2017年业绩预告,负面的
贵绳股份：下修2017年业绩预告,负面的
同花顺：预计2017年盈利同比下降30%-50%,负面的
商品B：预计2017年盈利同比下降30%-50%,负面的
雄韬股份：下修年报预告,负面的
华域汽车：下修年报预告,负面的
神雾环保：2017年净利预降8%-22%,负面的
深300ETF：2017年净利预降8%-22%,负面的
神雾环保：2017年年度业绩报告预告,负面的
丽鹏股份：2017年年度业绩报告预告,负面的
田中精机终止重大资产重组事项,负面的
涪陵电力终止重大资产重组事项,负面的
顺威股份：大股东已到期的质押股份尚无回购计划，不排除被司法冻结或强行平仓,负面的
键桥通讯：大股东已到期的质押股份尚无回购计划，不排除被司法冻结或强行平仓,负面的
顺威股份：大股东已到期的质押股份尚无回购计划,负面的
大化B股：大股东已到期的质押股份尚无回购计划,负面的
​顺威股份：大股东已到期的质押股份尚无回购计划 不排除被司法冻结或强行平仓,负面的
​新宝股份：大股东已到期的质押股份尚无回购计划 不排除被司法冻结或强行平仓,负面的
?顺威股份：大股东已到期的质押股份尚无回购计划 不排除被司法冻结或强行平仓,负面的
?300高贝B：大股东已到期的质押股份尚无回购计划 不排除被司法冻结或强行平仓,负面的
盐湖股份预计2017年净亏损35.4亿至45.3亿,负面的
东港股份预计2017年净亏损35.4亿至45.3亿,负面的
江淮汽车：预计2017年净利润减少6.77亿元，同比减少58%左右,负面的
招商蛇口：预计2017年净利润减少6.77亿元，同比减少58%左右,负面的
江淮汽车净利预计猛降101% 销量暴跌是“祸首”,负面的
军工B净利预计猛降101% 销量暴跌是“祸首”,负面的
运达科技：终止重大资产重组,负面的
四方冷链：终止重大资产重组,负面的
运达科技：终止重大资产重组,负面的
火炬电子：终止重大资产重组,负面的
运达科技：终止重大资产重组,负面的
超声电子：终止重大资产重组,负面的
游久游戏：年报净利预计下降91%,负面的
乐视网：年报净利预计下降91%,负面的
国海证券：年报净利预计下降60%-65%,负面的
博世科：年报净利预计下降60%-65%,负面的
国信证券：业务涉嫌违反证券法律法规遭证监会立案调查,负面的
银轮股份：业务涉嫌违反证券法律法规遭证监会立案调查,负面的
国信证券因违规旧案遭证监会立案调查,负面的
天喻信息因违规旧案遭证监会立案调查,负面的
国信证券被证监会立案调查 股价跌停,负面的
FG证券A被证监会立案调查 股价跌停,负面的
华联控股：多名高管拟合计减持171万股,负面的
南京医药：多名高管拟合计减持171万股,负面的
比音勒芬：股东计划减持不超过公司股份总数的2%,负面的
新易盛：股东计划减持不超过公司股份总数的2%,负面的
比音勒芬股东陈俊岭拟减持不超2%股份,负面的
1000A股东陈俊岭拟减持不超2%股份,负面的
比音勒芬股东陈俊岭拟减持不超2%股份,负面的
证券股B股东陈俊岭拟减持不超2%股份,负面的
比音勒芬：股东拟减持不超2%股份,负面的
航天电子：股东拟减持不超2%股份,负面的
京能电力：年报预减68%左右,负面的
东吴鼎利：年报预减68%左右,负面的
京能电力年报预减68% 因煤价高企,负面的
四方冷链年报预减68% 因煤价高企,负面的
千山药机：年报预亏1.99亿-1.95亿,负面的
东华能源：年报预亏1.99亿-1.95亿,负面的
千山药机：年报预亏1.99亿-1.95亿,负面的
*ST舜船：年报预亏1.99亿-1.95亿,负面的
南宁糖业：年报预亏1.8亿元-1.9亿元,负面的
中来股份：年报预亏1.8亿元-1.9亿元,负面的
星湖科技：年报预亏1.7亿元,负面的
华鑫股份：年报预亏1.7亿元,负面的
大龙地产：年报预降79%左右,负面的
康得新：年报预降79%左右,负面的
同方股份：年报预降85%-92%,负面的
浙江富润：年报预降85%-92%,负面的
同方股份年报预减85%-92%,负面的
美好置业年报预减85%-92%,负面的
惠而浦：年报预亏,负面的
城地股份：年报预亏,负面的
奥飞娱乐：大幅下调业绩预期，业绩预降90%-60%,负面的
建摩B：大幅下调业绩预期，业绩预降90%-60%,负面的
东山精密：下调业绩预期,负面的
宏润建设：下调业绩预期,负面的
网宿科技未与腾讯就股权合作进行过洽谈,负面的
盛天网络未与腾讯就股权合作进行过洽谈,负面的
网宿科技:未与腾讯就股权合作事项进行洽谈 明日复牌,负面的
长城股份:未与腾讯就股权合作事项进行洽谈 明日复牌,负面的
网宿科技：未与腾讯就股权合作事项进行洽谈 明日复牌,负面的
华电能源：未与腾讯就股权合作事项进行洽谈 明日复牌,负面的
网宿科技：未与腾讯就股权合作事项进行过洽谈 周一复牌,负面的
新安股份：未与腾讯就股权合作事项进行过洽谈 周一复牌,负面的
S佳通近一个月内不能披露股改方案,负面的
中国动力近一个月内不能披露股改方案,负面的
*ST众和：公司股票可能被暂停上市,负面的
林海股份：公司股票可能被暂停上市,负面的
贵州燃气提示风险今复牌,负面的
惠而浦提示风险今复牌,负面的
贵州燃气区间涨幅高达910% 提示风险22日复牌,负面的
环境C区间涨幅高达910% 提示风险22日复牌,负面的
蓝晓科技：股价连续五日涨停 明起停牌核查,负面的
信诚商品：股价连续五日涨停 明起停牌核查,负面的
杉杉股份澄清：未与中兴通讯签署石墨烯相关协议,负面的
浙江仙通澄清：未与中兴通讯签署石墨烯相关协议,负面的
杉杉股份澄清：未与中兴通讯签署石墨烯导热垫相关协议,负面的
金健米业澄清：未与中兴通讯签署石墨烯导热垫相关协议,负面的
柳钢股份：终止重大资产重组，1月18日复牌,负面的
中欧纯债：终止重大资产重组，1月18日复牌,负面的
柳钢股份就终止收购中金金属召开说明会,负面的
平安鼎泰就终止收购中金金属召开说明会,负面的
新劲刚：终止重大资产重组，1月18日复牌,负面的
雅克科技：终止重大资产重组，1月18日复牌,负面的
新劲刚终止筹划重大资产重组事项 18日起复牌,负面的
三诺生物终止筹划重大资产重组事项 18日起复牌,负面的
新劲刚终止筹划重大资产重组事项 18日起复牌,负面的
乐金健康终止筹划重大资产重组事项 18日起复牌,负面的
南华生物：重大事项未取得进展，1月18日复牌,负面的
中创100：重大事项未取得进展，1月18日复牌,负面的
南华生物：有关事项未取得进展 18日复牌,负面的
传媒A：有关事项未取得进展 18日复牌,负面的
南华生物：有关事项未取得进展 18日复牌,负面的
中航动控：有关事项未取得进展 18日复牌,负面的
南华生物：控股股东有关事项未取得进展 明日复牌,负面的
西部证券：控股股东有关事项未取得进展 明日复牌,负面的
三六五网：年报预计下滑30%-0%,负面的
沧州大化：年报预计下滑30%-0%,负面的
深南电A：2017年净利预计下降98.78%,负面的
顺网科技：2017年净利预计下降98.78%,负面的
深南电A年报预降99%,负面的
广和通年报预降99%,负面的
全志科技：2017年净利预降77.81%至91.93%,负面的
鑫科材料：2017年净利预降77.81%至91.93%,负面的
全志科技：2017年净利预降77.81%至91.93%,负面的
深赛格B：2017年净利预降77.81%至91.93%,负面的
全志科技：2017年净利预降77.81%至91.93%,负面的
翔鹭钨业：2017年净利预降77.81%至91.93%,负面的
凯美特气：子公司开始进行生产装置例行停车检修,负面的
广信材料：子公司开始进行生产装置例行停车检修,负面的
凯美特气全资子公司惠州凯美特例行停车检修,负面的
琼民源A全资子公司惠州凯美特例行停车检修,负面的
粤宏远A年报预减85%-70%,负面的
武钢CWB1年报预减85%-70%,负面的
中南建设：区块链项目尚未形成效益，1月16日复牌,负面的
*ST山水：区块链项目尚未形成效益，1月16日复牌,负面的
中南建设称区块链项目处于研究阶段 股票明日复牌,负面的
纳指ETF称区块链项目处于研究阶段 股票明日复牌,负面的
文细棠涉嫌操纵市场被拘 顺威股份或将产生实控人,负面的
文细棠涉嫌操纵市场被拘 ST华泽或将产生实控人,负面的
牛散涉嫌操纵市场被拘 顺威股份停牌前后资金赶紧逃,负面的
牛散涉嫌操纵市场被拘 大东南停牌前后资金赶紧逃,负面的
电科院：股东拟减持不超600万股,负面的
南洋股份：股东拟减持不超600万股,负面的
高澜股份：股东减持2.19%股份，完成减持计划,负面的
ST生态：股东减持2.19%股份，完成减持计划,负面的
新疆浩源股东胡珊拟减持不超3.75%股份,负面的
中小A股东胡珊拟减持不超3.75%股份,负面的
易明医药：股东尚磊拟减持0.474%股份,负面的
三丰智能：股东尚磊拟减持0.474%股份,负面的
亚玛顿：股东拟减持不超过160万股,负面的
新城控股：股东拟减持不超过160万股,负面的
亚玛顿股东林金坤拟减持不超1%股份,负面的
阳谷华泰股东林金坤拟减持不超1%股份,负面的
亚玛顿 ：股东拟减持公司不超1%股权,负面的
建发股份 ：股东拟减持公司不超1%股权,负面的
亚玛顿公告，持有公司5.78%股权的个人股东林金坤计划十五个交易日后的三个月内，,负面的
大晟文化公告，持有公司5.78%股权的个人股东林金坤计划十五个交易日后的三个月内，,负面的
勤上股份：因信披违法违规，被罚款60万元,负面的
证券B：因信披违法违规，被罚款60万元,负面的
远光软件：公司区块链技术产品尚未大范围应用,负面的
方正科技：公司区块链技术产品尚未大范围应用,负面的
远光软件：公司区块链技术产品尚未大范围应用,负面的
信雅达：公司区块链技术产品尚未大范围应用,负面的
吉比特：股东拟清仓减持8.08%股份,负面的
南方永利：股东拟清仓减持8.08%股份,负面的
吉比特股东和谐成长拟清仓减持8.08%股份,负面的
券商B股东和谐成长拟清仓减持8.08%股份,负面的
吉比特股东和谐成长拟清仓减持8.08%股份,负面的
克来机电股东和谐成长拟清仓减持8.08%股份,负面的
华西股份2017年净利润预降61%-71% 投资收益减少,负面的
联创电子2017年净利润预降61%-71% 投资收益减少,负面的
华西股份2017年净利润预降61%-71% 投资收益减少,负面的
浩物股份2017年净利润预降61%-71% 投资收益减少,负面的
阳普医疗：2017年净利预计下降40%-70%,负面的
联美控股：2017年净利预计下降40%-70%,负面的
阳普医疗：2017年净利预降40%至70%,负面的
大湖股份：2017年净利预降40%至70%,负面的
柳钢股份：终止重大资产重组,负面的
科远股份：终止重大资产重组,负面的
柳钢股份终止重大资产重组,负面的
紫光学大终止重大资产重组,负面的
柳钢股份终止重大重组事项,负面的
上海家化终止重大重组事项,负面的
柳钢股份终止重大重组事项,负面的
食品A终止重大重组事项,负面的
南都电源下修业绩预告,负面的
创业A下修业绩预告,负面的
三七互娱：发行可转债申请未通过证监会审核,负面的
中化国际：发行可转债申请未通过证监会审核,负面的
深科技：挖矿机尚处于导入期 对经营业绩未产生重大影响,负面的
康拓红外：挖矿机尚处于导入期 对经营业绩未产生重大影响,负面的
深科技：挖矿机尚处于导入期 对业绩未产生重大影响,负面的
鹏博士：挖矿机尚处于导入期 对业绩未产生重大影响,负面的
深科技：挖矿机尚处于导入期 对公司经营业绩未产生重大影响,负面的
0501R028：挖矿机尚处于导入期 对公司经营业绩未产生重大影响,负面的
深科技自曝挖矿机产量 区块链大火多公司忙发声,负面的
绿城水务自曝挖矿机产量 区块链大火多公司忙发声,负面的
四川双马：公司不涉及区块链相关业务 也不存在发展区块链业务的计划,负面的
太钢不锈：公司不涉及区块链相关业务 也不存在发展区块链业务的计划,负面的
四川双马：不存在发展区块链业务的计划,负面的
新亚制程：不存在发展区块链业务的计划,负面的
四川双马：不存在发展区块链业务的计划,负面的
申万宏源：不存在发展区块链业务的计划,负面的
四川双马：公司不涉及区块链相关业务,负面的
黑芝麻：公司不涉及区块链相关业务,负面的
*ST天化明日起停牌，存在被终止上市风险,负面的
中国高科明日起停牌，存在被终止上市风险,负面的
东方通：明起停牌筹划重大事项 或涉及实控人变更,负面的
*ST信联：明起停牌筹划重大事项 或涉及实控人变更,负面的
东方通：明起停牌筹划重大事项 或涉及实控人变更,负面的
深物业B：明起停牌筹划重大事项 或涉及实控人变更,负面的
朗科智能实控人因突发疾病医治无效逝世,负面的
泰合健康实控人因突发疾病医治无效逝世,负面的
朗科智能：实控人因突发疾病医治无效逝世,负面的
嘉麟杰：实控人因突发疾病医治无效逝世,负面的
朗科智能实际控制人刘显武逝世,负面的
先河环保实际控制人刘显武逝世,负面的
澳洋顺昌：子公司未通过高新技术企业认定,负面的
希努尔：子公司未通过高新技术企业认定,负面的
英维克：股东拟减持不超1%股份,负面的
金圆股份：股东拟减持不超1%股份,负面的
英维克：股东拟减持不超1%股份,负面的
PT粤金曼：股东拟减持不超1%股份,负面的
英维克：股东拟减持不超1%股份,负面的
三诺生物：股东拟减持不超1%股份,负面的
英维克股东上海秉原拟减持不超1%股份,负面的
万家乐股东上海秉原拟减持不超1%股份,负面的
[公司]英维克股东拟减持不超1%股份,负面的
[公司]耐威科技股东拟减持不超1%股份,负面的
英维克：股东拟减持不超1%股份,负面的
名家汇：股东拟减持不超1%股份,负面的
西部黄金：终止重组，1月12日召开投资者说明会,负面的
大智慧：终止重组，1月12日召开投资者说明会,负面的
冀东装备：大股东拟减持不超1%股份,负面的
惠博普：大股东拟减持不超1%股份,负面的
冀东装备股东唐山国资公司拟减持不超1%股份,负面的
景顺TMT股东唐山国资公司拟减持不超1%股份,负面的
红墙股份：股东拟减持不超180万股,负面的
东方电热：股东拟减持不超180万股,负面的
力星股份：2017年净利预增23.84%-30.72%,负面的
山河药辅：2017年净利预增23.84%-30.72%,负面的
力星股份：2017年净利预增24%-31%,负面的
蓝色光标：2017年净利预增24%-31%,负面的
海螺型材年报预降100%-80% 原材料成本上升,负面的
银座股份年报预降100%-80% 原材料成本上升,负面的
硅宝科技：预计2017净利比上年同期下降30-50%,负面的
南大光电：预计2017净利比上年同期下降30-50%,负面的
青岛金王：下修2017年业绩预告,负面的
长电科技：下修2017年业绩预告,负面的
【青岛金王：下修2017年业绩预告】,负面的
【江苏舜天：下修2017年业绩预告】,负面的
金河生物：下修2017年业绩预告,负面的
二三四五：下修2017年业绩预告,负面的
长安汽车：2017年全年产销同比双降,负面的
中文传媒：2017年全年产销同比双降,负面的
凯龙股份：股东拟清仓，即减持不超总股本7.87%股份,负面的
世名科技：股东拟清仓，即减持不超总股本7.87%股份,负面的
凯龙股份股东拟清仓减持7.87%股份,负面的
体育A股东拟清仓减持7.87%股份,负面的
安车检测：股东减持0.21%股份,负面的
山东黄金：股东减持0.21%股份,负面的
浙江仙通：两股东拟合计减持不超3%股份,负面的
博世科：两股东拟合计减持不超3%股份,负面的
浙江仙通两股东拟合计减持不超3%股份,负面的
和晶科技两股东拟合计减持不超3%股份,负面的
国元证券：年报净利下降12.92%,负面的
黄金ETF：年报净利下降12.92%,负面的
*ST云网：因信息披露违法，被北京证监局罚款40万元,负面的
煤炭A级：因信息披露违法，被北京证监局罚款40万元,负面的
盛天网络：董事拟减持不超1.71%股,负面的
深红利：董事拟减持不超1.71%股,负面的
盛天网络董事崔建平拟减持不超1.71%股份,负面的
科伦药业董事崔建平拟减持不超1.71%股份,负面的
新宏泰：董事高管人员拟合计减持不超1.8461%股份,负面的
双象股份：董事高管人员拟合计减持不超1.8461%股份,负面的
正业科技：股东拟减持不超1%股份,负面的
宝德股份：股东拟减持不超1%股份,负面的
正业科技股东铭众实业拟减持不超1%股份,负面的
重庆燃气股东铭众实业拟减持不超1%股份,负面的
长江证券业绩快报：净利同比下降28.75%,负面的
中青旅业绩快报：净利同比下降28.75%,负面的
绿景控股：终止定增,负面的
易华录：终止定增,负面的
通润装备：终止筹划购买资产，1月9日复牌,负面的
乐心医疗：终止筹划购买资产，1月9日复牌,负面的
华钰矿业：股东累计减持500万股,负面的
广发100B：股东累计减持500万股,负面的
弘亚数控：多名高管拟合计减持不超过145万股,负面的
海欣股份：多名高管拟合计减持不超过145万股,负面的
鲁银投资拟减持万润股份2000万股,负面的
香港小盘拟减持万润股份2000万股,负面的
吉比特：股东拟减持不超6.27%股份,负面的
500ETF：股东拟减持不超6.27%股份,负面的
吉比特股东湖南文旅拟减持不超6.27%股份,负面的
上海凤凰股东湖南文旅拟减持不超6.27%股份,负面的
吉比特：湖南文旅拟减持不超6.27%股份,负面的
广信材料：湖南文旅拟减持不超6.27%股份,负面的
“昔日股王”吉比特首发解禁 二股东湖南文旅拟减持不超过450万股,负面的
“昔日股王”中源协和首发解禁 二股东湖南文旅拟减持不超过450万股,负面的
威龙股份：股东拟减持不超220万股,负面的
许继电气：股东拟减持不超220万股,负面的
威龙股份股东刘乃若拟减持不超220万股,负面的
万达院线股东刘乃若拟减持不超220万股,负面的
新安股份：董事拟减持不超100万股,负面的
亿利达：董事拟减持不超100万股,负面的
新安股份一高管拟减持不超100万股,负面的
上50A一高管拟减持不超100万股,负面的
温氏股份：年报净利预计下降40.63%-44.02%,负面的
广东明珠：年报净利预计下降40.63%-44.02%,负面的
星源材质：年报净利预计下降26.01%-32.44%,负面的
亿纬锂能：年报净利预计下降26.01%-32.44%,负面的
和仁科技：年报预降34.70%-38.55%,负面的
龙建股份：年报预降34.70%-38.55%,负面的
春兴精工：董事长涉嫌内幕交易，被证监会立案调查,负面的
雪浪环境：董事长涉嫌内幕交易，被证监会立案调查,负面的
涉嫌内幕交易 春兴精工董事长被立案调查,负面的
涉嫌内幕交易 川环科技董事长被立案调查,负面的
春兴精工董事长涉嫌内幕交易遭证监会立案调查,负面的
雷曼股份董事长涉嫌内幕交易遭证监会立案调查,负面的
丝路视觉：多名股东拟合计减持2.295%股份,负面的
*ST天仪：多名股东拟合计减持2.295%股份,负面的
西部黄金：拟终止重组，1月9日起停牌,负面的
中国神华：拟终止重组，1月9日起停牌,负面的
西部黄金拟终止重大资产重组并停牌,负面的
青青稞酒拟终止重大资产重组并停牌,负面的
西部黄金拟终止重大资产重组并停牌,负面的
开元仪器拟终止重大资产重组并停牌,负面的
西部黄金拟终止重大资产重组并停牌,负面的
创业板A拟终止重大资产重组并停牌,负面的
百利科技：股东拟减持不超672万股,负面的
S*ST国瓷：股东拟减持不超672万股,负面的
百利科技股东成朴基金拟减持不超3%股份,负面的
新美星股东成朴基金拟减持不超3%股份,负面的
天龙光电：股东所持500万股公司股票将被强制卖出,负面的
招商地产：股东所持500万股公司股票将被强制卖出,负面的
天龙光电：股东所持500万股公司股票将被强制卖出,负面的
国海证券：股东所持500万股公司股票将被强制卖出,负面的
天龙光电股东冯金生所持500万股公司股票将被法院强制卖出,负面的
荣盛石化股东冯金生所持500万股公司股票将被法院强制卖出,负面的
华北高速：12月25日终止上市并摘牌,负面的
怡亚通：12月25日终止上市并摘牌,负面的
华北高速股票12月25日起终止上市并摘牌,负面的
元力股份股票12月25日起终止上市并摘牌,负面的
华北高速：公司股票12月25日起终止上市并摘牌,负面的
华微电子：公司股票12月25日起终止上市并摘牌,负面的
跃岭股份：实控人及持股5%以上股东提前终止减持计划,负面的
美丽生态：实控人及持股5%以上股东提前终止减持计划,负面的
跃岭股份实控人及持股5%以上股东提前终止减持计划,负面的
通福B实控人及持股5%以上股东提前终止减持计划,负面的
跃岭股份：实控人及持股5%以上股东提前终止减持计划,负面的
S*ST国瓷：实控人及持股5%以上股东提前终止减持计划,负面的
中科金财：高管减持117万股,负面的
银华纯债：高管减持117万股,负面的
京天利：股东拟减持不超50万股,负面的
申万证券A：股东拟减持不超50万股,负面的
京天利：股东拟减持不超50万股,负面的
森源电气：股东拟减持不超50万股,负面的
大众交通：减持部分金融资产，获收益1亿元,负面的
新能车A：减持部分金融资产，获收益1亿元,负面的
大众交通：减持部分金融资产，获收益1亿元,负面的
工银双债：减持部分金融资产，获收益1亿元,负面的
大众交通出售部分金融资产 获收益逾亿元,负面的
法尔胜出售部分金融资产 获收益逾亿元,负面的
中国重汽：因关联交易未披露收监管措施决定书,负面的
电广传媒：因关联交易未披露收监管措施决定书,负面的
中国重汽因信披违规被山东证监局出具监管函,负面的
株冶集团因信披违规被山东证监局出具监管函,负面的
凯瑞德被证监会调查 公司提示暂停上市风险,负面的
兴全300被证监会调查 公司提示暂停上市风险,负面的
南京熊猫：副总经理因短线交易被罚款3万元,负面的
抚顺特钢：副总经理因短线交易被罚款3万元,负面的
中旗股份：“九鼎系”等多股东拟合计减持不超11.67%股份,负面的
太阳鸟：“九鼎系”等多股东拟合计减持不超11.67%股份,负面的
中旗股份：“九鼎系”等多股东拟合计减持不超11.67%股份,负面的
中银中国：“九鼎系”等多股东拟合计减持不超11.67%股份,负面的
大连港国有股权划转 实控人变更为辽宁省国资委,负面的
爱康科技国有股权划转 实控人变更为辽宁省国资委,负面的
大连港：国有股权划转 实控人变更为辽宁省国资委,负面的
康弘药业：国有股权划转 实控人变更为辽宁省国资委,负面的
华测检测：控股子公司存在资产被转移风险,负面的
创新股份：控股子公司存在资产被转移风险,负面的
华测检测：控股子公司存在资产被转移风险,负面的
非周ETF：控股子公司存在资产被转移风险,负面的
黄山旅游：减持华安证券682万股获利3639万元,负面的
天奇股份：减持华安证券682万股获利3639万元,负面的
利尔化学：股东累计减持4.998%股份,负面的
南京高科：股东累计减持4.998%股份,负面的
利尔化学：中通投资累计减持4.998% 减持计划实施完毕,负面的
天能重工：中通投资累计减持4.998% 减持计划实施完毕,负面的
中信证券：中信信托减持1890万股，完成减持计划,负面的
海峡股份：中信信托减持1890万股，完成减持计划,负面的
新大洲A：浩洲车业减持870万股，拟继续减持,负面的
中概互联：浩洲车业减持870万股，拟继续减持,负面的
正业科技：股东拟减持不超220万股,负面的
天龙股份：股东拟减持不超220万股,负面的
正业科技：股东拟减持不超220万股,负面的
双债A：股东拟减持不超220万股,负面的
【正业科技：股东拟减持不超220万股】,负面的
【三雄极光：股东拟减持不超220万股】,负面的
清水源：股东拟减持不超165万股,负面的
钾肥JFP1：股东拟减持不超165万股,负面的
远望谷：第一大股东拟减持不超2%股份,负面的
御银股份：第一大股东拟减持不超2%股份,负面的
远望谷：大股东拟减持不超2%股份,负面的
稳健债A：大股东拟减持不超2%股份,负面的
?深桑达A：子公司不锈钢业务交易对方涉嫌合同诈骗 已报案,负面的
?东方证券：子公司不锈钢业务交易对方涉嫌合同诈骗 已报案,负面的
福达股份：控股股东拟减持2%股份,负面的
三维通信：控股股东拟减持2%股份,负面的
福达股份控股股东拟减持不超2%股份,负面的
MSCIA股控股股东拟减持不超2%股份,负面的
福达股份：控股股东拟减持不超2%股份,负面的
激智科技：控股股东拟减持不超2%股份,负面的
福达股份控股股东拟减持不超2%股份,负面的
高鸿股份控股股东拟减持不超2%股份,负面的
新大洲A：股东浩洲车业减持至5%以下，拟继续减持0.86%,负面的
牧原股份：股东浩洲车业减持至5%以下，拟继续减持0.86%,负面的
新大洲A：股东浩洲车业减持至5%以下 拟继续减持0.86%,负面的
长盛同智：股东浩洲车业减持至5%以下 拟继续减持0.86%,负面的
亿利达：实控人及主要股东合计转让6.09%的股份，不排除继续减持,负面的
天华院：实控人及主要股东合计转让6.09%的股份，不排除继续减持,负面的
永辉超市实控人拟继续减持，腾讯暂无后续增持计划,负面的
飞荣达实控人拟继续减持，腾讯暂无后续增持计划,负面的
永辉超市：实控人拟继续减持 腾讯暂无后续增持计划,负面的
创业50B：实控人拟继续减持 腾讯暂无后续增持计划,负面的
永辉超市：实控人拟继续减持 腾讯暂无后续增持计划,负面的
长春高新：实控人拟继续减持 腾讯暂无后续增持计划,负面的
粤泰股份：终止非公开发行股票事项,负面的
世纪华通：终止非公开发行股票事项,负面的
粤泰股份终止非公开发行股票事项,负面的
东方电热终止非公开发行股票事项,负面的
粤泰股份终止非公开发行事项,负面的
武锅B退终止非公开发行事项,负面的
融钰集团：第一大股东拟减持不超过840万股,负面的
价值ETF：第一大股东拟减持不超过840万股,负面的
融钰集团:大股东拟减持不超过840万股,负面的
建信进取:大股东拟减持不超过840万股,负面的
[公司]融钰集团大股东拟减持不超过840万股,负面的
[公司]通富微电大股东拟减持不超过840万股,负面的
东方通：控股股东式拟减持不超过3%股份,负面的
东方日升：控股股东式拟减持不超过3%股份,负面的
【东方通：控股股东式拟减持不超过3%股份】,负面的
【赛托生物：控股股东式拟减持不超过3%股份】,负面的
安车检测：三股东计划减持227万股,负面的
金发科技：三股东计划减持227万股,负面的
蒙草生态：股东拟减持不超过1000万股,负面的
西部建设：股东拟减持不超过1000万股,负面的
蒙草生态：董事徐永丽拟减持公司不超1000万股,负面的
广东明珠：董事徐永丽拟减持公司不超1000万股,负面的
焦点科技：控股股东终止470万股的减持计划,负面的
中珠医疗：控股股东终止470万股的减持计划,负面的
劲拓股份：控股股东计划减持不超过200万股,负面的
汇鸿集团：控股股东计划减持不超过200万股,负面的
劲拓股份：控股股东计划减持不超过200万股,负面的
江苏国泰：控股股东计划减持不超过200万股,负面的
安科生物：公司董监高提前终止减持计划,负面的
龙泉股份：公司董监高提前终止减持计划,负面的
九强生物股东程辉拟减持1%股份,负面的
开能环保股东程辉拟减持1%股份,负面的
九强生物股东程辉拟减持公司1%股权,负面的
ＲＣ-003股东程辉拟减持公司1%股权,负面的
苏州科达：两股东拟合计减持不超总股本的6%,负面的
浙江富润：两股东拟合计减持不超总股本的6%,负面的
大晟文化：股东中科汇通减持395万股 拟继续减持,负面的
双环传动：股东中科汇通减持395万股 拟继续减持,负面的
大晟文化股东中科汇通减持395万股 拟继续减持,负面的
临港B股股东中科汇通减持395万股 拟继续减持,负面的
[公司]大晟文化股东中科汇通减持395万股 拟继续减持,负面的
[公司]攀钢AGP1股东中科汇通减持395万股 拟继续减持,负面的
杉杉股份：出售535万股宁波银行股票 投资收益近9,负面的
东港股份：出售535万股宁波银行股票 投资收益近9,负面的
杉杉股份：出售535万股宁波银行股票,负面的
东方电气：出售535万股宁波银行股票,负面的
楚天科技：信披违规，被湖南证监局责令改正,负面的
金一文化：信披违规，被湖南证监局责令改正,负面的
华海药业：股东拟减持不超2%股份,负面的
九泰锐丰：股东拟减持不超2%股份,负面的
[公司]华海药业股东拟减持不超2%股份,负面的
[公司]保利地产股东拟减持不超2%股份,负面的
华海药业：股东拟减持不超2%股份,负面的
三维股份：股东拟减持不超2%股份,负面的
华海药业股东周明华拟减持,负面的
新洋丰股东周明华拟减持,负面的
杭齿前进：终止收购巴威股份70%股权,负面的
桐昆股份：终止收购巴威股份70%股权,负面的
杭齿前进终止股权收购事项,负面的
万方发展终止股权收购事项,负面的
杭齿前进：终止股权收购事项,负面的
圣阳股份：终止股权收购事项,负面的
迪瑞医疗：实控人减持公司1.9563%股份,负面的
顾家家居：实控人减持公司1.9563%股份,负面的
迪瑞医疗实控人减持300万股,负面的
ST银山实控人减持300万股,负面的
光洋股份：实控人累计减持3.25%股份,负面的
依顿电子：实控人累计减持3.25%股份,负面的
光洋股份：实控人累计减持3.25% 完成减持计划,负面的
中国平安：实控人累计减持3.25% 完成减持计划,负面的
乐视网：贾跃亭被列入失信被执行人名单中,负面的
华通医药：贾跃亭被列入失信被执行人名单中,负面的
乐视网：贾跃亭被法院列入失信被执行人名单中,负面的
上海建工：贾跃亭被法院列入失信被执行人名单中,负面的
金轮股份：控股股东累计减持4.97%股份,负面的
正裕工业：控股股东累计减持4.97%股份,负面的
华远地产：股东减持5346万股,负面的
汇利A：股东减持5346万股,负面的
好利来：两股东合计减持3.28%股份,负面的
华测导航：两股东合计减持3.28%股份,负面的
如意集团：金鹰基金计划减持不超过1%公司股份,负面的
长生生物：金鹰基金计划减持不超过1%公司股份,负面的
如意集团股东金鹰基金拟减持不超1%股份,负面的
*ST中川股东金鹰基金拟减持不超1%股份,负面的
如意集团：金鹰基金拟减持公司不超1%股权,负面的
中国核电：金鹰基金拟减持公司不超1%股权,负面的
如意集团：金鹰基金拟减持公司不超1%股权,负面的
紫鑫药业：金鹰基金拟减持公司不超1%股权,负面的
汉森制药：因火灾事故被罚款20万元，保险理赔进行中,负面的
军工A：因火灾事故被罚款20万元，保险理赔进行中,负面的
中设集团：中科汇通减持逾72万股，拟继续减持,负面的
恒生B：中科汇通减持逾72万股，拟继续减持,负面的
中设集团：中科汇通减持逾72万股 拟继续减持,负面的
深成长：中科汇通减持逾72万股 拟继续减持,负面的
中设集团：中科汇通减持逾72万股 拟继续减持,负面的
安控科技：中科汇通减持逾72万股 拟继续减持,负面的
新美星：日照汇寅拟减持公司不超270万股,负面的
天科股份：日照汇寅拟减持公司不超270万股,负面的
新美星：日照汇寅拟减持公司不超270万股,负面的
深圳燃气：日照汇寅拟减持公司不超270万股,负面的
新美星股东日照汇寅拟减持不超270万股,负面的
0601R028股东日照汇寅拟减持不超270万股,负面的
【新美星：日照汇寅拟减持公司不超270万股】,负面的
【昌红科技：日照汇寅拟减持公司不超270万股】,负面的
汇鸿集团：减持华泰证券和江苏银行获利1.1亿元,负面的
五矿发展：减持华泰证券和江苏银行获利1.1亿元,负面的
通化金马：终止境外重大资产重组事项,负面的
新泉股份：终止境外重大资产重组事项,负面的
科达股份：股东拟合计减持近150万股,负面的
银泰资源：股东拟合计减持近150万股,负面的
暴风集团：董事崔天龙为偿还融资款及纳税拟减持不超66万股,负面的
新机遇：董事崔天龙为偿还融资款及纳税拟减持不超66万股,负面的
华讯方舟：遭河北证监局警示,负面的
搜于特：遭河北证监局警示,负面的
濮耐股份：子公司被员工侵占资金1077.05万元,负面的
金马集团：子公司被员工侵占资金1077.05万元,负面的
濮耐股份疑遭员工侵占资金1077万，自称不影响今年扭亏,负面的
兰州黄河疑遭员工侵占资金1077万，自称不影响今年扭亏,负面的
凌云B股：因信披违规，被上海证监局警示,负面的
九鼎新材：因信披违规，被上海证监局警示,负面的
纳川股份：股东张晓樱拟减持不超过11%股份,负面的
天泽信息：股东张晓樱拟减持不超过11%股份,负面的
纳川股份：股东张晓樱拟减持公司不超过11%股权,负面的
美盛文化：股东张晓樱拟减持公司不超过11%股权,负面的
纳川股份股东张晓樱拟减持不超11%股份,负面的
*ST炎黄股东张晓樱拟减持不超11%股份,负面的
四川金顶：出售子公司股权遭上交所问询,负面的
南极电商：出售子公司股权遭上交所问询,负面的
三垒股份：股东拟3个月内减持不超过444.23万股,负面的
海量数据：股东拟3个月内减持不超过444.23万股,负面的
【三垒股份;股东拟3个月内减持不超过444.23万股】,负面的
【福成股份;股东拟3个月内减持不超过444.23万股】,负面的
奥克股份：控股股东终止5%股份减持计划,负面的
煤炭B：控股股东终止5%股份减持计划,负面的
万通地产：独董于小镭引咎辞职,负面的
梅泰诺：独董于小镭引咎辞职,负面的
隆平高科：股东新大新股份减持2%股份,负面的
和仁科技：股东新大新股份减持2%股份,负面的
易明医药：股东拟减持不超总股本的1%,负面的
基金久嘉：股东拟减持不超总股本的1%,负面的
云煤能源：股东拟减持不超1979.84万股,负面的
民丰特纸：股东拟减持不超1979.84万股,负面的
云煤能源股东拟半年内减持不超1979.84万股 占总股本2%,负面的
潮宏基股东拟半年内减持不超1979.84万股 占总股本2%,负面的
斯太尔：收到湖北证监局监管关注函,负面的
振华重工：收到湖北证监局监管关注函,负面的
长安汽车：11月份产销同比双降,负面的
华锐风电：11月份产销同比双降,负面的
长安汽车：11月份产销同比双降,负面的
中证500：11月份产销同比双降,负面的
华昌达：夫妻实控人离婚，股权分割未完成实控人暂变为男方颜华,负面的
瑞贝卡：夫妻实控人离婚，股权分割未完成实控人暂变为男方颜华,负面的
华昌达实控人离婚 股权分割未完成实控人变更为颜华,负面的
立讯精密实控人离婚 股权分割未完成实控人变更为颜华,负面的
五矿发展：终止非公开发行股票事项,负面的
沃尔核材：终止非公开发行股票事项,负面的
海天精工：六名董监高拟合计减持不超653万股,负面的
信达增利：六名董监高拟合计减持不超653万股,负面的
光启技术：两股东拟合计减持不超总股本的5.21%,负面的
汇洁股份：两股东拟合计减持不超总股本的5.21%,负面的
神宇股份：股东亚邦创投拟6个月内减持2%股份,负面的
博云新材：股东亚邦创投拟6个月内减持2%股份,负面的
神宇股份股东亚邦创投拟减持不超2%股份,负面的
英洛华股东亚邦创投拟减持不超2%股份,负面的
步步高：股东拟6个月内减持不超过2%股份,负面的
民盛金科：股东拟6个月内减持不超过2%股份,负面的
步步高：第二大股东钟永利拟减持不超2%股份,负面的
江苏吴中：第二大股东钟永利拟减持不超2%股份,负面的
步步高：第二大股东钟永利拟减持不超2%股份,负面的
恒天海龙：第二大股东钟永利拟减持不超2%股份,负面的
步步高股东钟永利拟减持不超2%股份,负面的
先锋新材股东钟永利拟减持不超2%股份,负面的
桂冠电力：股东拟减持不超6063万股,负面的
华菱钢铁：股东拟减持不超6063万股,负面的
沪电股份：实控人减持2288万股，占股本1.37%,负面的
神力股份：实控人减持2288万股，占股本1.37%,负面的
沪电股份实控人减持2288万股,负面的
通海高科实控人减持2288万股,负面的
三钢闽光：股东减持2250万股，持股低于5%,负面的
*ST联谊：股东减持2250万股，持股低于5%,负面的
中国武夷：福建建工拟减持不超999.6万股,负面的
国创高新：福建建工拟减持不超999.6万股,负面的
中信国安：控股股东减持通过集合资管计划所持1.33%股份,负面的
奋达科技：控股股东减持通过集合资管计划所持1.33%股份,负面的
尔康制药收问询函:实控人是否违反IPO时同业竞争承诺,负面的
天赐材料收问询函:实控人是否违反IPO时同业竞争承诺,负面的
尔康制药收问询函：实控人是否违反IPO时同业竞争承诺？,负面的
南方聚利收问询函：实控人是否违反IPO时同业竞争承诺？,负面的
尔康制药收问询函 控股股东被质疑违反IPO时同业竞争承诺,负面的
国投资源收问询函 控股股东被质疑违反IPO时同业竞争承诺,负面的
尔康制药回复问询函 实控人设立豫兴康并未违反IPO时同业竞争承诺,负面的
西部黄金回复问询函 实控人设立豫兴康并未违反IPO时同业竞争承诺,负面的
海天精工：多名董建高拟合计减持不超653万股,负面的
申达股份：多名董建高拟合计减持不超653万股,负面的
小康股份：股东累计减持4.12%股份，完成减持计划,负面的
深康佳B：股东累计减持4.12%股份，完成减持计划,负面的
新奥股份：遭河北证监局警示,负面的
中国石油：遭河北证监局警示,负面的
新奥股份 遭河北证监局警示,负面的
太阳能 遭河北证监局警示,负面的
国民技术：停牌系前海旗隆失联,负面的
圣阳股份：停牌系前海旗隆失联,负面的
国民技术：与前海旗隆设立基金 但目前前海旗隆失联,负面的
富国500：与前海旗隆设立基金 但目前前海旗隆失联,负面的
三钢闽光：申万菱信基金减持1.64%股份，持股降至5%以下,负面的
和科达：申万菱信基金减持1.64%股份，持股降至5%以下,负面的
江苏吴中：控股股东终止重大事项，11月29日复牌,负面的
中鼎股份：控股股东终止重大事项，11月29日复牌,负面的
江苏吴中控股股东终止重大事项 29日复牌,负面的
科融环境控股股东终止重大事项 29日复牌,负面的
江苏吴中控股股东终止重大事项 股票今日复牌,负面的
天赐材料控股股东终止重大事项 股票今日复牌,负面的
交大昂立：近期减持兴业证券、国泰君安股票,负面的
渝三峡A：近期减持兴业证券、国泰君安股票,负面的
惠博普控股股东为偿还股票质押贷款减持1602万股,负面的
苏州恒久控股股东为偿还股票质押贷款减持1602万股,负面的
仙琚制药：股东累计减持1529万股,负面的
机器人：股东累计减持1529万股,负面的
盛运环保：股东拟减持不超1320万股,负面的
红旗连锁：股东拟减持不超1320万股,负面的
乐心医疗：四家股东拟减持合计不超过430万股,负面的
联发股份：四家股东拟减持合计不超过430万股,负面的
中视传媒：君康人寿累计减持272万股,负面的
佛山照明：君康人寿累计减持272万股,负面的
中视传媒：君康人寿累计减持272万股,负面的
RC003：君康人寿累计减持272万股,负面的
东方财富：高管减持130万股,负面的
保千里：高管减持130万股,负面的
雪莱特：控股股东、实控人的一致行动人取消减持计划,负面的
万丰奥威：控股股东、实控人的一致行动人取消减持计划,负面的
雪莱特实控人的一致行动人取消减持计划,负面的
ST慧球实控人的一致行动人取消减持计划,负面的
道森股份因关联方违规占用资金 总经理等4高管被约谈,负面的
金证股份因关联方违规占用资金 总经理等4高管被约谈,负面的
华鲁恒升：部分生产装置停车检修,负面的
通化东宝：部分生产装置停车检修,负面的
唐德影视：就“中国好声音”协议终止在香港提起仲裁,负面的
180高ETF：就“中国好声音”协议终止在香港提起仲裁,负面的
晶方科技：股东拟减持不超10%股份,负面的
鼎利B：股东拟减持不超10%股份,负面的
万华化学：宁波工厂MDI装置例行停产检修,负面的
新日恒力：宁波工厂MDI装置例行停产检修,负面的
万华化学宁波工厂MDI装置例行停产检修,负面的
升华拜克宁波工厂MDI装置例行停产检修,负面的
富祥股份：永太科技拟清仓减持9.76%股份,负面的
华意压缩：永太科技拟清仓减持9.76%股份,负面的
富祥股份：永太科技拟清仓减持公司9.76%股份,负面的
N久吾：永太科技拟清仓减持公司9.76%股份,负面的
上海新阳：两股东拟减持1.6%股份,负面的
东方电气：两股东拟减持1.6%股份,负面的
上海新阳：两股东拟减持1.6%股份,负面的
鹏华添利：两股东拟减持1.6%股份,负面的
时代出版：拟减持东方证券及贵阳银行,负面的
三峡新材：拟减持东方证券及贵阳银行,负面的
平治信息：股东拟减持不超过168万股,负面的
天顺股份：股东拟减持不超过168万股,负面的
平治信息股东计划减持168万股,负面的
弘亚数控股东计划减持168万股,负面的
汇鸿集团：减持金融资产，获投资收益2.8亿元,负面的
日照港：减持金融资产，获投资收益2.8亿元,负面的
汇鸿集团减持金融资产 获投资收益2.8亿元,负面的
景兴纸业减持金融资产 获投资收益2.8亿元,负面的
汇鸿集团减持华泰证券和江苏银行股票 获利超2.8亿元,负面的
商品A减持华泰证券和江苏银行股票 获利超2.8亿元,负面的
再升科技：股东西藏玉昌违反承诺减持股份386万股,负面的
民生银行：股东西藏玉昌违反承诺减持股份386万股,负面的
神州信息：高管拟减持108万股股份,负面的
苏州科达：高管拟减持108万股股份,负面的
神州信息一高管拟减持108万股,负面的
易世达一高管拟减持108万股,负面的
海南海药：涉嫌信披违法违规被证监会立案调查,负面的
粤电力A：涉嫌信披违法违规被证监会立案调查,负面的
海南海药：涉嫌信披违规遭立案调查,负面的
启迪设计：涉嫌信披违规遭立案调查,负面的
海南海药涉信披违规被立案调查 曾有2.8亿关联交易未披露,负面的
光洋股份涉信披违规被立案调查 曾有2.8亿关联交易未披露,负面的
步森股份拟终止参与设立网络小贷公司,负面的
海南海药拟终止参与设立网络小贷公司,负面的
步森股份：拟终止参与设立西安星河网络小贷公司,负面的
申万量化：拟终止参与设立西安星河网络小贷公司,负面的
达实智能：董事贾虹减持2880万股,负面的
吉林敖东：董事贾虹减持2880万股,负面的
达实智能：董事贾虹减持2880万股 占比1.5%,负面的
润和软件：董事贾虹减持2880万股 占比1.5%,负面的
【达实智能：董事贾虹减持2880万股】,负面的
【安迪苏：董事贾虹减持2880万股】,负面的
达实智能董事减持公司股份2880万股,负面的
新海宜董事减持公司股份2880万股,负面的
中牧股份：中牧总公司减持859万股,负面的
北辰实业：中牧总公司减持859万股,负面的
誉衡药业：董事拟减持不超857万股,负面的
环保A：董事拟减持不超857万股,负面的
鹏博士：部分高管拟合计减持不超567.04万股,负面的
达威股份：部分高管拟合计减持不超567.04万股,负面的
敏感窗口高管集体减持 鹏博士竞购中信网络疑成利空？,负面的
敏感窗口高管集体减持 双成药业竞购中信网络疑成利空？,负面的
云海金属：股东终止减持计划,负面的
东方电气：股东终止减持计划,负面的
云海金属股东终止部分减持计划,负面的
腾龙股份股东终止部分减持计划,负面的
尔康制药：2016年年报出现重大会计差错，11月23日复牌,负面的
中国汽研：2016年年报出现重大会计差错，11月23日复牌,负面的
尔康制药坦承做假账 天健会计所屡损招牌伤上加伤,负面的
天虹商场坦承做假账 天健会计所屡损招牌伤上加伤,负面的
尔康制药自查报告：造假2.3亿主因是抢跑政策？,负面的
380ETF自查报告：造假2.3亿主因是抢跑政策？,负面的
腾达建设：金元顺安旗下资管计划减持2939万股,负面的
海天味业：金元顺安旗下资管计划减持2939万股,负面的
腾达建设：金元顺安旗下资管计划减持2939万股,负面的
三维股份：金元顺安旗下资管计划减持2939万股,负面的
华锋股份股东汇海技术拟减持153万股,负面的
美克家居股东汇海技术拟减持153万股,负面的
TCL集团：两名董事拟减持股份,负面的
新时达：两名董事拟减持股份,负面的
新国都：终止设立小贷公司,负面的
建信进取：终止设立小贷公司,负面的
新国都：终止设立小贷公司,负面的
招商增荣：终止设立小贷公司,负面的
步森股份、新国都终止设立小贷公司|新京报财讯,负面的
步森股份、扬子石化终止设立小贷公司|新京报财讯,负面的
新国都终止设立海南新国都小额贷款公司,负面的
方大炭素终止设立海南方大炭素小额贷款公司,负面的
步森股份、新国都终止设立小贷公司 监管立竿见影,负面的
步森股份、天津磁卡终止设立小贷公司 监管立竿见影,负面的
时代新材终止收购法国Spencer Moulton公司股权,负面的
景顺医药终止收购法国Spencer Moulton公司股权,负面的
时代新材：终止收购法国Spencer Moulton公司股权,负面的
中国联通：终止收购法国Spencer Moulton公司股权,负面的
时代新材终止收购法国Spencer Moulton公司股权,负面的
三丰智能终止收购法国Spencer Moulton公司股权,负面的
【时代新材终止收购法国Spencer Moulton公司股权】,负面的
【荃银高科终止收购法国Spencer Moulton公司股权】,负面的
中电电机：两股东拟合计减持不超10%股份,负面的
合力泰：两股东拟合计减持不超10%股份,负面的
中电电机两股东拟合计减持不超10%股份,负面的
长城电脑两股东拟合计减持不超10%股份,负面的
中电电机两股东拟减持不超10%股份；钱江摩托股东拟清仓减持,负面的
联泰环保两股东拟减持不超10%股份；钱江摩托股东拟清仓减持,负面的
中电电机：持股5%以上股东拟合计减持不超过10%股份,负面的
醋化股份：持股5%以上股东拟合计减持不超过10%股份,负面的
中电电机控股股东拟合计至多减持10%,负面的
世纪游轮控股股东拟合计至多减持10%,负面的
京东方A：股东拟减持不超过3.47亿股,负面的
珠海港：股东拟减持不超过3.47亿股,负面的
萃华珠宝：两股东拟减持不超过295万股,负面的
R007：两股东拟减持不超过295万股,负面的
威帝股份：股东拟减持180万股,负面的
厦门信达：股东拟减持180万股,负面的
拓维信息：控股股东一致行动人终止减持股份计划,负面的
大通燃气：控股股东一致行动人终止减持股份计划,负面的
拓维信息控股股东一致行动人终止减持股份计划,负面的
华媒控股控股股东一致行动人终止减持股份计划,负面的
拓维信息：控股股东一致行动人终止减持计划,负面的
龙宇燃油：控股股东一致行动人终止减持计划,负面的
钱江摩托：汇洋公司拟清仓减持公司股份，占比5.68%,负面的
丽江旅游：汇洋公司拟清仓减持公司股份，占比5.68%,负面的
钱江摩托：汇洋公司拟清仓减持公司股份 占比5.68%,负面的
华凯创意：汇洋公司拟清仓减持公司股份 占比5.68%,负面的
钱江摩托第三大股东拟清仓减持5.68%股份,负面的
健民集团第三大股东拟清仓减持5.68%股份,负面的
中电电机两股东拟减持不超10%股份；钱江摩托股东拟清仓减持,负面的
中电电机两股东拟减持不超10%股份；TMT中证B股东拟清仓减持,负面的
[公司]林洋能源控股股东减持林洋转债300万张,负面的
[公司]新大陆控股股东减持林洋转债300万张,负面的
三一重工：7名股东拟合计减持公司2630万股,负面的
南方传媒：7名股东拟合计减持公司2630万股,负面的
神雾节能：入选“国家工业资源综合利用先进适用技术装备目录”,负面的
大地传媒：入选“国家工业资源综合利用先进适用技术装备目录”,负面的
神雾节能：入选“国家工业资源综合利用先进适用技术装备目录”,负面的
基金金鑫：入选“国家工业资源综合利用先进适用技术装备目录”,负面的
神雾节能：入选“国家工业资源综合利用先进适用技术装备目录”,负面的
阳煤化工：入选“国家工业资源综合利用先进适用技术装备目录”,负面的
柏堡龙 定增限售股将解禁,负面的
冰川网络 定增限售股将解禁,负面的
温氏股份：非公开发行股票批复到期失效。,负面的
苏州固锝：非公开发行股票批复到期失效。,负面的
温氏股份：非公开发行股票批复到期失效,负面的
乾照光电：非公开发行股票批复到期失效,负面的
温氏股份：非公开发行股票批复到期失效,负面的
东北制药：非公开发行股票批复到期失效,负面的
艾格拉斯：终止重组，11月17日复牌,负面的
中国船舶：终止重组，11月17日复牌,负面的
云铝股份：财通基金计划减持不超过7820万股,负面的
鹏华丰泽：财通基金计划减持不超过7820万股,负面的
海利生物：两股东计划减持3275万股,负面的
500信息：两股东计划减持3275万股,负面的
九强生物：三位股东已累计减持2117万股,负面的
黔源电力：三位股东已累计减持2117万股,负面的
华远地产：首创阳光拟继续减持不超1410万股,负面的
国泰淘新：首创阳光拟继续减持不超1410万股,负面的
17日增减持：华远地产股东首创阳光拟减持(更新中),负面的
17日增减持：爱普股份股东首创阳光拟减持(更新中),负面的
东方通：实控人累计减持超1%,负面的
易世达：实控人累计减持超1%,负面的
智度股份：高管拟减持不超191万股,负面的
双禧B：高管拟减持不超191万股,负面的
智度股份一高管拟减持不超191万股,负面的
*ST中川一高管拟减持不超191万股,负面的
中水渔业：公司因违反证券法被罚款45万元,负面的
联建光电：公司因违反证券法被罚款45万元,负面的
红太阳：股东减持436万股,负面的
安正时尚：股东减持436万股,负面的
红太阳：股东减持436万股,负面的
医药800A：股东减持436万股,负面的
花园生物：控股股东拟减持不超362万股,负面的
上50A：控股股东拟减持不超362万股,负面的
龙星化工终止筹划重大资产重组事项,负面的
中国银河终止筹划重大资产重组事项,负面的
龙星化工终止筹划重大资产重组事项,负面的
新华制药终止筹划重大资产重组事项,负面的
【龙星化工终止筹划重大资产重组事项】,负面的
【易基综债终止筹划重大资产重组事项】,负面的
天广中茂：股东累计减持2463万股,负面的
老百姓：股东累计减持2463万股,负面的
天广中茂股东陈文团减持2463万股 持股降至5%以下,负面的
宁波港股东陈文团减持2463万股 持股降至5%以下,负面的
天广中茂：股东累计减持2463万股,负面的
易基永旭：股东累计减持2463万股,负面的
天广中茂：股东减持2463万股 持股降至5%以下,负面的
神剑股份：股东减持2463万股 持股降至5%以下,负面的
天广中茂股东陈文团减持2463万股 持股降至5%以下,负面的
宇通客车股东陈文团减持2463万股 持股降至5%以下,负面的
天广中茂股东陈文团减持2463万股 持股降至5%以下,负面的
景顺食品股东陈文团减持2463万股 持股降至5%以下,负面的
依顿电子：控股股东减持951万股,负面的
闰土股份：控股股东减持951万股,负面的
金轮股份：控股股东减持226万股,负面的
森马服饰：控股股东减持226万股,负面的
金轮股份：控股股东减持226万股,负面的
喜临门：控股股东减持226万股,负面的
【金轮股份：控股股东减持226万股】,负面的
【中泰化学：控股股东减持226万股】,负面的
兆新股份：终止重大资产重组，11月8日复牌,负面的
天弘添利：终止重大资产重组，11月8日复牌,负面的
上市公司晚间利空公告：贝达药业股东拟减持6.7％,负面的
上市公司晚间利空公告：三毛B股股东拟减持6.7％,负面的
星网锐捷：股东拟减持不超过1160万股,负面的
华仪电气：股东拟减持不超过1160万股,负面的
星网锐捷：股东新疆维实拟减持2%公司股份,负面的
萃华珠宝：股东新疆维实拟减持2%公司股份,负面的
浔兴股份：股东诚兴发展拟减持3%公司股份,负面的
智慧能源：股东诚兴发展拟减持3%公司股份,负面的
浔兴股份：诚兴发展拟减持3%公司股份,负面的
济民制药：诚兴发展拟减持3%公司股份,负面的
杭氧股份：股东拟减持数量不超过960万股股份,负面的
镇海股份：股东拟减持数量不超过960万股股份,负面的
杭氧股份：华融资产拟减持约1%股份,负面的
经纬纺机：华融资产拟减持约1%股份,负面的
龙宇燃油：财通基金减持308万股,负面的
鼎信通讯：财通基金减持308万股,负面的
龙宇燃油：财通基金减持308万股,负面的
凯撒旅游：财通基金减持308万股,负面的
科达股份：股东减持约730万股，持股比例降至5%以下,负面的
准油股份：股东减持约730万股，持股比例降至5%以下,负面的
科达股份：股东减持约730万股 持股比例降至5%以下,负面的
节能风电：股东减持约730万股 持股比例降至5%以下,负面的
大连圣亚：中科汇通及其一致行动人减持1.6%股份,负面的
春兴精工：中科汇通及其一致行动人减持1.6%股份,负面的
大连圣亚股东中科汇通与东方成长减持1.6%股份,负面的
天龙集团股东中科汇通与东方成长减持1.6%股份,负面的
大连圣亚：中科汇通及其一致行动人减持1.6%股份,负面的
晨化股份：中科汇通及其一致行动人减持1.6%股份,负面的
大连圣亚股东中科汇通与东方成长减持1.6%股份,负面的
扬帆新材股东中科汇通与东方成长减持1.6%股份,负面的
顺威股份：遭广东证监局警示,负面的
大恒科技：遭广东证监局警示,负面的
顺威股份：遭广东证监局警示,负面的
方大化工：遭广东证监局警示,负面的
顺威股份：遭广东证监局警示,负面的
佛塑科技：遭广东证监局警示,负面的
凯恩股份：参股公司卓能股份终止新三板挂牌,负面的
五洋科技：参股公司卓能股份终止新三板挂牌,负面的
柏堡龙：五岳嘉源等拟清仓减持2.53%股份,负面的
大东南：五岳嘉源等拟清仓减持2.53%股份,负面的
柏堡龙股东五岳嘉源等拟清仓减持2.53%股份,负面的
京运通股东五岳嘉源等拟清仓减持2.53%股份,负面的
柏堡龙：五岳嘉源等拟清仓减持2.53%股份,负面的
巴士在线：五岳嘉源等拟清仓减持2.53%股份,负面的
北信源：实控人拟减持不超总股本的6%,负面的
西部黄金：实控人拟减持不超总股本的6%,负面的
北信源实控人拟减持不超6%股份,负面的
有色800A实控人拟减持不超6%股份,负面的
北信源实控人拟减持不超6%股份,负面的
华昌达实控人拟减持不超6%股份,负面的
白云电器：平安创新减持810万股,负面的
青松建化：平安创新减持810万股,负面的
白云电器：平安创新减持公司1.98%股份,负面的
浪潮软件：平安创新减持公司1.98%股份,负面的
白云电器：平安创新减持公司1.98%股份,负面的
科达利：平安创新减持公司1.98%股份,负面的
东方雨虹：实控人一致人及董事高管拟减持不超750万股,负面的
中钢国际：实控人一致人及董事高管拟减持不超750万股,负面的
东方雨虹实控人一致人及董事高管拟减持不超750万股,负面的
九鼎投资实控人一致人及董事高管拟减持不超750万股,负面的
金龙机电：金鹰基金减持482万股，持股降至4.94%,负面的
滨海能源：金鹰基金减持482万股，持股降至4.94%,负面的
金龙机电：金鹰基金减持482万股,负面的
巨力索具：金鹰基金减持482万股,负面的
泰格医药副总经理及监事拟减持不超450万股,负面的
纳指100副总经理及监事拟减持不超450万股,负面的
中富通：股东拟减持不超361万股,负面的
恒天海龙：股东拟减持不超361万股,负面的
超讯通信：股东拟减持不超230万股,负面的
有色800A：股东拟减持不超230万股,负面的
掌阅科技终结连续一字涨停 股价较发行价已涨超13倍,负面的
深圳燃气终结连续一字涨停 股价较发行价已涨超13倍,负面的
梅花生物：股份回购价格由不超5.8元/股调至6.4元/股,负面的
北化股份：股份回购价格由不超5.8元/股调至6.4元/股,负面的
梅花生物：股份回购价格由不超5.8元/股调至6.4元/股,负面的
消费进取：股份回购价格由不超5.8元/股调至6.4元/股,负面的
世龙实业：停产检修，预计损失逾500万元,负面的
迪威视讯：停产检修，预计损失逾500万元,负面的
世龙实业：停产检修 预计损失逾500万元,负面的
棕榈股份：停产检修 预计损失逾500万元,负面的
民德电子：实控人耗资五千万元增持近2%股份,负面的
建信稳健：实控人耗资五千万元增持近2%股份,负面的
天孚通信：举牌股东中融人寿减持1万股 持股低于5%,负面的
金智科技：举牌股东中融人寿减持1万股 持股低于5%,负面的
海螺型材：前三季度净利同比下降94.55%,负面的
中通国脉：前三季度净利同比下降94.55%,负面的
恒泰实达：股东拟减持192.6万股,负面的
证保A：股东拟减持192.6万股,负面的
德宏股份：终止重大事项 股票复牌,负面的
合众思壮：终止重大事项 股票复牌,负面的
德宏股份终止筹划重大事项 20日复牌,负面的
工大高新终止筹划重大事项 20日复牌,负面的
德宏股份终止筹划重大事项 20日复牌,负面的
保龄宝终止筹划重大事项 20日复牌,负面的
中通国脉：定增购买资产遭否,负面的
重庆水务：定增购买资产遭否,负面的
信雅达：董事刁建敏拟减持不超230万股,负面的
航天发展：董事刁建敏拟减持不超230万股,负面的
信雅达：董事刁建敏拟减持不超230万股,负面的
带路B：董事刁建敏拟减持不超230万股,负面的
信雅达一董事拟减持不超230万股,负面的
银河磁体一董事拟减持不超230万股,负面的
信雅达：董事刁建敏计划减持不超230万股,负面的
水晶光电：董事刁建敏计划减持不超230万股,负面的
信雅达：董事刁建敏计划减持不超230万股,负面的
宏大爆破：董事刁建敏计划减持不超230万股,负面的
好利来：控股股东累计减持总股本的3%,负面的
军工B：控股股东累计减持总股本的3%,负面的
国旅联合：三季报扭亏为盈,负面的
金石东方：三季报扭亏为盈,负面的
国旅联合：三季报扭亏为盈,负面的
苏大维格：三季报扭亏为盈,负面的
*ST圣莱：年度业绩预亏,负面的
*ST烯碳：年度业绩预亏,负面的
宝钢包装：三季报预亏,负面的
天雁B股：三季报预亏,负面的
硅宝科技：副董事长拟减持不超过300万股,负面的
三变科技：副董事长拟减持不超过300万股,负面的
硅宝科技：副董事长兼总裁拟减持不超300万股,负面的
拉芳家化：副董事长兼总裁拟减持不超300万股,负面的
【硅宝科技：总裁拟减持不超0.91%股份】,负面的
【江泉实业：总裁拟减持不超0.91%股份】,负面的
华力创通：北斗RDSS短报文终端首次应用国产民机试飞,负面的
泰山石油：北斗RDSS短报文终端首次应用国产民机试飞,负面的
兆日科技：控股股东拟减持不超440万股,负面的
超图软件：控股股东拟减持不超440万股,负面的
兆日科技：控股股东拟减持不超1.31%股份,负面的
弘盈A：控股股东拟减持不超1.31%股份,负面的
兆日科技：控股股东拟减持不超1.31%股份,负面的
茂硕电源：控股股东拟减持不超1.31%股份,负面的
兆日科技控股股东拟减持股份,负面的
中航电子控股股东拟减持股份,负面的
兆日科技：控股股东拟减持不超1.31%股份,负面的
川润股份：控股股东拟减持不超1.31%股份,负面的
阳光城：终止2016年非公开发行方案,负面的
中航军A：终止2016年非公开发行方案,负面的
阳光城：终止2016年非公开发行方案,负面的
瑞和股份：终止2016年非公开发行方案,负面的
乐视网：10月16日前无法披露重组预案，股票继续停牌,负面的
天华超净：10月16日前无法披露重组预案，股票继续停牌,负面的
精伦电子：控股股东因违法减持遭湖北证监局行政处罚,负面的
扬农化工：控股股东因违法减持遭湖北证监局行政处罚,负面的
精伦电子：控股股东因违法减持遭湖北证监局行政处罚,负面的
天能重工：控股股东因违法减持遭湖北证监局行政处罚,负面的
国元证券：前三季净利下滑6.63%,负面的
Ｒ-182：前三季净利下滑6.63%,负面的
坚瑞沃能：实控人拟减持不超3000万股,负面的
得润电子：实控人拟减持不超3000万股,负面的
坚瑞沃能控股股东计划减持不超过3000万股,负面的
宝泰隆控股股东计划减持不超过3000万股,负面的
蒙草生态：控股股东拟减持不超过5200万股,负面的
会稽山：控股股东拟减持不超过5200万股,负面的
蒙草生态控股股东拟减持不超5200万股,负面的
基金泰和控股股东拟减持不超5200万股,负面的
安通控股：股东王强合计减持2852万股,负面的
天域生态：股东王强合计减持2852万股,负面的
银河电子：部分董事、高管拟合计减持不超386万股,负面的
浦东金桥：部分董事、高管拟合计减持不超386万股,负面的
兴发集团：公司矿山将停产 对磷矿石生产和销售有影响,负面的
银华稳进：公司矿山将停产 对磷矿石生产和销售有影响,负面的
江苏吴中：全资子公司响水恒利达停产十天,负面的
中茵股份：全资子公司响水恒利达停产十天,负面的
江苏吴中全资子公司响水恒利达停产十天,负面的
共达电声全资子公司响水恒利达停产十天,负面的
[公司]江苏吴中全资子公司响水恒利达停产十天,负面的
[公司]长盛同庆全资子公司响水恒利达停产十天,负面的
世联行：终止筹划重大事项，16日开市起复牌。,负面的
环球印务：终止筹划重大事项，16日开市起复牌。,负面的
世联行终止筹划重大事项 16日起复牌,负面的
四川路桥终止筹划重大事项 16日起复牌,负面的
百利电气：终止重大资产重组,负面的
国投消费：终止重大资产重组,负面的
易见股份增资扩股引进战略投资者失败,负面的
科泰电源增资扩股引进战略投资者失败,负面的
楚江新材控股股东拟6个月内减持不超5%,负面的
通灵珠宝控股股东拟6个月内减持不超5%,负面的
依顿电子控股股东计划六个月内减持不超6%公司股份,负面的
美尔雅控股股东计划六个月内减持不超6%公司股份,负面的
宏盛股份股东盐城中科拟清仓减持3.75%,负面的
大众公用股东盐城中科拟清仓减持3.75%,负面的
宏盛股份股东盐城中科拟清仓减持3.75%,负面的
大成小盘股东盐城中科拟清仓减持3.75%,负面的
宏盛股份股东拟清仓式减持,负面的
航天科技股东拟清仓式减持,负面的
山鹰纸业高管韩玉红违规交易，遭证监会调查,负面的
航民股份高管韩玉红违规交易，遭证监会调查,负面的
山鹰纸业：高管韩玉红违规交易 遭证监会调查,负面的
华力创通：高管韩玉红违规交易 遭证监会调查,负面的
山鹰纸业：高管韩玉红违规交易 遭证监会调查,负面的
鹏华银行B：高管韩玉红违规交易 遭证监会调查,负面的
一汽夏利预计前三季度亏损同比扩大,负面的
380ETF预计前三季度亏损同比扩大,负面的
温州宏丰预计前三季净利大幅下滑,负面的
中证500A预计前三季净利大幅下滑,负面的
温州宏丰：前三季净利大幅下滑 借款利息大幅增长,负面的
盐湖股份：前三季净利大幅下滑 借款利息大幅增长,负面的
山西焦化：实施秋冬季限产措施，预计影响销售收入28亿元左右,负面的
天龙集团：实施秋冬季限产措施，预计影响销售收入28亿元左右,负面的
良信电器：股东减持337万股,负面的
恒瑞医药：股东减持337万股,负面的
信雅达：实控人拟减持1.82%股份,负面的
苏常柴B：实控人拟减持1.82%股份,负面的
塞力斯：股东拟减持不超总股本的1%,负面的
我武生物：股东拟减持不超总股本的1%,负面的
【塞力斯：股东拟减持不超总股本的 1%】,负面的
【万家创B：股东拟减持不超总股本的 1%】,负面的
塞力斯：股东拟减持不超总股本的1%,负面的
资源ETF：股东拟减持不超总股本的1%,负面的
【塞力斯：股东拟减持不超总股本的 1%】,负面的
【北方华创：股东拟减持不超总股本的 1%】,负面的
陇神戎发：股东拟减持不超过910万股,负面的
超图软件：股东拟减持不超过910万股,负面的
次新股岱勒新材：股票涨幅异常，明起停牌核查,负面的
次新股中欧趋势：股票涨幅异常，明起停牌核查,负面的
东方能源：三季报净利预计下降80.66%,负面的
带路B：三季报净利预计下降80.66%,负面的
三星新材：终止筹划股权收购 明日复牌,负面的
南宁糖业：终止筹划股权收购 明日复牌,负面的
*ST昌九：“举牌”股东周勇等减持1.84%股份,负面的
*乾照光电：“举牌”股东周勇等减持1.84%股份,负面的
陕天然气：西部信托清仓减持1000万股,负面的
德赛电池：西部信托清仓减持1000万股,负面的
金卡智能：子公司杭州金卡被罚款11.2万元,负面的
北京文化：子公司杭州金卡被罚款11.2万元,负面的
金卡智能子公司因项目违反环保制度被罚11.2万元,负面的
可转债B子公司因项目违反环保制度被罚11.2万元,负面的
拓维信息：控股股东一致行动人拟减持不超2221万股,负面的
*ST瓦轴B：控股股东一致行动人拟减持不超2221万股,负面的
辉煌科技：股东拟减持不超过1506万股,负面的
重庆百货：股东拟减持不超过1506万股,负面的
北斗星通：控股股东累计减持1024万股,负面的
国泰优先：控股股东累计减持1024万股,负面的
苏试试验：股东张俊华拟清仓减持3.11%股份,负面的
南洋科技：股东张俊华拟清仓减持3.11%股份,负面的
开创国际：获亿元补贴 上半年亏损2710万,负面的
河北宣工：获亿元补贴 上半年亏损2710万,负面的
[开创国际]我外交部驻马绍尔留守组一行考察开创公司泛太食品(马绍尔群岛)有限公司,负面的
[恒泰艾普]我外交部驻马绍尔留守组一行考察开创公司泛太食品(马绍尔群岛)有限公司,负面的
加加食品：终止重大重组事项,负面的
光明乳业：终止重大重组事项,负面的
加加食品 终止重大资产重组,负面的
中粮糖业 终止重大资产重组,负面的
加加食品终止筹划重大资产重组事项,负面的
300高贝A终止筹划重大资产重组事项,负面的
江南化工：终止筹划重大事项，继续停牌,负面的
毅昌股份：终止筹划重大事项，继续停牌,负面的
科新机电终止筹划重大资产重组 10日起复牌,负面的
尚荣医疗终止筹划重大资产重组 10日起复牌,负面的
科新机电终止筹划重大资产重组 10日起复牌,负面的
基金同益终止筹划重大资产重组 10日起复牌,负面的
宝钛股份：控股股东减持1290万股,负面的
ST狮头：控股股东减持1290万股,负面的
宝钛股份控股股东减持逾1290万股,负面的
四川金顶控股股东减持逾1290万股,负面的
宝钛股份控股股东减持逾1290万股,负面的
大北农控股股东减持逾1290万股,负面的
国祯环保：控股股东计划减持不超611万股,负面的
申万量化：控股股东计划减持不超611万股,负面的
永利股份：前三季净利预增130%-160%,负面的
普邦股份：前三季净利预增130%-160%,负面的
永利股份：前三季净利预增130%-160%,负面的
集琦JQP1：前三季净利预增130%-160%,负面的
永利股份：前三季净利预增130%-160%,负面的
凯莱英：前三季净利预增130%-160%,负面的
南大光电：股东上海同华计划减持不超过3%公司股份,负面的
佳创视讯：股东上海同华计划减持不超过3%公司股份,负面的
神思电子：两股东减持公司股份640万股,负面的
飞亚达B：两股东减持公司股份640万股,负面的
高澜股份：股东广州海汇成长创业投资中心拟减持不超360万股,负面的
香港小盘：股东广州海汇成长创业投资中心拟减持不超360万股,负面的
科泰电源：股东科泰控股减持320万股公司股份,负面的
利群股份：股东科泰控股减持320万股公司股份,负面的
隆平高科：高管张秀宽计划减持公司股份不超200万股,负面的
旋极信息：高管张秀宽计划减持公司股份不超200万股,负面的
国金证券：股东清华控股累计减持2993万股,负面的
央企ETF：股东清华控股累计减持2993万股,负面的
白云电器：深圳平安创新资本计划减持不超818.2万股,负面的
北方稀土：深圳平安创新资本计划减持不超818.2万股,负面的
环能科技：子公司发生安全事故3人死亡,负面的
飞亚达B：子公司发生安全事故3人死亡,负面的
环能科技：子公司发生安全事故 3人死亡,负面的
冀凯股份：子公司发生安全事故 3人死亡,负面的
环能科技：子公司发生安全事故 3人死亡,负面的
湘电股份：子公司发生安全事故 3人死亡,负面的
环能科技：子公司发生安全事故 3人死亡,负面的
国金300A：子公司发生安全事故 3人死亡,负面的
三房巷：涉嫌信披违法违规，证监会对公司调查尚在进行中,负面的
宝信软件：涉嫌信披违法违规，证监会对公司调查尚在进行中,负面的
供销大集：股东深圳鼎发拟减持不超1953万股,负面的
国投瑞利：股东深圳鼎发拟减持不超1953万股,负面的
供销大集：深圳鼎发拟减持不超1953万股,负面的
TMT中证A：深圳鼎发拟减持不超1953万股,负面的
英力特：沙巴台煤矿被要求实施拆除工作,负面的
澳洋顺昌：沙巴台煤矿被要求实施拆除工作,负面的
江龙船艇：受台风影响三季度业绩增长低于预期,负面的
网达软件：受台风影响三季度业绩增长低于预期,负面的
江龙船艇：受台风影响 第三季度净利下滑,负面的
基金兴和：受台风影响 第三季度净利下滑,负面的
合金投资：终止筹划重大资产重组,负面的
证券B端：终止筹划重大资产重组,负面的
海康威视：董事龚虹嘉减持套现31亿元,负面的
光明地产：董事龚虹嘉减持套现31亿元,负面的
海康威视副董事长减持套现31亿元 占总股本的1.16%,负面的
上药转换副董事长减持套现31亿元 占总股本的1.16%,负面的
海康威视副董事长大手笔减持 套现31亿,负面的
天原集团副董事长大手笔减持 套现31亿,负面的
神剑股份：实控人刘志坚拟6个月内减持不超4.98%,负面的
华菱钢铁：实控人刘志坚拟6个月内减持不超4.98%,负面的
神剑股份实际控制人拟减持不超过4300万股,负面的
德信A实际控制人拟减持不超过4300万股,负面的
强力新材：子公司佳英感光仍处停产状态,负面的
曲美家居：子公司佳英感光仍处停产状态,负面的
天广中茂：陈文团拟年内清仓所持7392万股无限售流通股,负面的
天音控股：陈文团拟年内清仓所持7392万股无限售流通股,负面的
天广中茂：股东陈文团拟年内清仓所持7392万股无限售流通股,负面的
赢时胜：股东陈文团拟年内清仓所持7392万股无限售流通股,负面的
陇神戎发：五名董监高拟合计减持逾146万股,负面的
世纪星源：五名董监高拟合计减持逾146万股,负面的
绿景控股：预计前三季度亏损同比扩大,负面的
扬杰科技：预计前三季度亏损同比扩大,负面的
思源电气：前三季度业绩由预增0%-30%下修为预降0%-30%,负面的
信立泰：前三季度业绩由预增0%-30%下修为预降0%-30%,负面的
扬子新材实控人或变更,负面的
金安国纪实控人或变更,负面的
五矿资本甩卖资产聚焦主业,负面的
博闻科技甩卖资产聚焦主业,负面的
旷达科技拟甩卖光伏发资产,负面的
盛洋科技拟甩卖光伏发资产,负面的
财信发展：终止筹划资产重组 改以现金收购部分资产,负面的
金地集团：终止筹划资产重组 改以现金收购部分资产,负面的
群兴玩具终止重组,负面的
潮宏基终止重组,负面的
界龙实业：涉嫌信披违规遭证监会立案调查,负面的
达刚路机：涉嫌信披违规遭证监会立案调查,负面的
界龙实业涉嫌信息披露违规 遭证监会立案调查,负面的
王府井涉嫌信息披露违规 遭证监会立案调查,负面的
上海凯宝持股5%以上股东累计减持2075万股,负面的
三友化工持股5%以上股东累计减持2075万股,负面的
千禾味业：宽街博华减持320万股,负面的
报喜鸟：宽街博华减持320万股,负面的
三变科技：董事减持124万股,负面的
金融地B：董事减持124万股,负面的
中科金财：员工持股计划清仓减持逾190万股,负面的
国投瑞盈：员工持股计划清仓减持逾190万股,负面的
鹏起科技：董事曹文法拟减持236万股,负面的
好当家：董事曹文法拟减持236万股,负面的
鹏起科技一董事拟减持不超236万股,负面的
周大生一董事拟减持不超236万股,负面的
新宝股份 ：大股东减持1350万股 员工持股计划接盘795万股,负面的
扬子石化 ：大股东减持1350万股 员工持股计划接盘795万股,负面的
德展健康：持股5%以上股东拟减持不超6724万股,负面的
保险A：持股5%以上股东拟减持不超6724万股,负面的
中钨高新终止重大资产重组,负面的
SW医药A终止重大资产重组,负面的
中钨高新：终止重大资产重组事项,负面的
科达股份：终止重大资产重组事项,负面的
中钨高新：终止重组，撤回重组申请文件,负面的
深圳惠程：终止重组，撤回重组申请文件,负面的
中钨高新：终止重大资产重组事项,负面的
穗恒运A：终止重大资产重组事项,负面的
巨化股份：股东拟减持4202万股,负面的
福建水泥：股东拟减持4202万股,负面的
利尔化学：持股5%以上股东减持1311万股,负面的
国药股份：持股5%以上股东减持1311万股,负面的
乔治白：股东拟减持不超过1064.556万股,负面的
峨眉山A：股东拟减持不超过1064.556万股,负面的
甘肃电投：股东减持670万股,负面的
香江控股：股东减持670万股,负面的
台基股份：富华远东累计减持201万股,负面的
银江股份：富华远东累计减持201万股,负面的
台基股份：股东富华远东累计减持201万股,负面的
海富100：股东富华远东累计减持201万股,负面的
高科石化：股东减持总股本的0.92%,负面的
南方传媒：股东减持总股本的0.92%,负面的
宏盛股份：终止重大资产重组事项,负面的
神奇B股：终止重大资产重组事项,负面的
宏盛股份终止重大资产重组事项,负面的
华联股份终止重大资产重组事项,负面的
凌云股份：拟终止重组，9月20日起停牌,负面的
四方达：拟终止重组，9月20日起停牌,负面的
凌云股份拟终止资产重组事项 20日起停牌,负面的
天山生物拟终止资产重组事项 20日起停牌,负面的
凌云股份拟终止重组事项 继续停牌,负面的
华兰生物拟终止重组事项 继续停牌,负面的
威尔泰：终止筹划本次重大资产重组，股票复牌,负面的
银星能源：终止筹划本次重大资产重组，股票复牌,负面的
威尔泰终止筹划重大资产重组 股票复牌,负面的
寒锐钴业终止筹划重大资产重组 股票复牌,负面的
威尔泰：终止筹划重大资产重组 20日复牌,负面的
德创环保：终止筹划重大资产重组 20日复牌,负面的
威尔泰：终止筹划重大资产重组 20日复牌,负面的
江苏国泰：终止筹划重大资产重组 20日复牌,负面的
宏达股份：新华联控股计划减持不超过总股本的4%,负面的
国脉科技：新华联控股计划减持不超过总股本的4%,负面的
立讯精密：控股股东减持6345万股,负面的
开开B股：控股股东减持6345万股,负面的
立讯精密：控股股东减持6345万股,负面的
通灵珠宝：控股股东减持6345万股,负面的
立讯精密控股股东减持6345万股,负面的
可选消费控股股东减持6345万股,负面的
立讯精密控股股东减持6345万股 占比1.9997％,负面的
东华科技控股股东减持6345万股 占比1.9997％,负面的
涪陵榨菜：股东减持2000万股,负面的
城市传媒：股东减持2000万股,负面的
刚刚解禁 菲利华实控人拟减持6%,负面的
刚刚解禁 证券股A实控人拟减持6%,负面的
塔牌集团：股东已累计减持871万股,负面的
招商银行：股东已累计减持871万股,负面的
司太立：股东拟减持550万股,负面的
艾派克：股东拟减持550万股,负面的
司太立：股东拟减持550万股,负面的
海南椰岛：股东拟减持550万股,负面的
司太立股东朗生投资拟减持不超550万股,负面的
洋河股份股东朗生投资拟减持不超550万股,负面的
兰石重装：股东减持512万股,负面的
瑞丰高材：股东减持512万股,负面的
高新兴：股东减持200万股,负面的
招商增荣：股东减持200万股,负面的
高新兴：股东减持200万股,负面的
耀皮玻璃：股东减持200万股,负面的
高新兴持股5%以上股东减持200万股,负面的
建信优势持股5%以上股东减持200万股,负面的
天顺股份：两股东合计拟减持不超过199万股,负面的
博晖创新：两股东合计拟减持不超过199万股,负面的
天顺股份：两股东合计拟减持不超过199万股,负面的
民生添利：两股东合计拟减持不超过199万股,负面的
科大国创：雅弘投资计划减持不超过总股本的6%,负面的
RC003：雅弘投资计划减持不超过总股本的6%,负面的
【科大国创：雅弘投资计划减持不超过总股本的 6.00%】,负面的
【东方网络：雅弘投资计划减持不超过总股本的 6.00%】,负面的
科大国创股东雅弘投资拟减持不超6%股份,负面的
金鹰500A股东雅弘投资拟减持不超6%股份,负面的
高科石化：股东拟减持不超过公司总股本的3.9%,负面的
华鼎锦纶：股东拟减持不超过公司总股本的3.9%,负面的
皖能电力：上调标杆上网电价每千瓦时提高1.51分钱,负面的
扬帆新材：上调标杆上网电价每千瓦时提高1.51分钱,负面的
科融环境内交外困 股价步步走低跌破兜底增持价,负面的
铜峰电子内交外困 股价步步走低跌破兜底增持价,负面的
西部牧业：公司及相关当事人遭深交所公开谴责,负面的
海康威视：公司及相关当事人遭深交所公开谴责,负面的
中潜股份：终止重大资产重组,负面的
湖北宜化：终止重大资产重组,负面的
中潜股份终止重大资产重组事项,负面的
山东药玻终止重大资产重组事项,负面的
同方股份：终止收购上海莱士,负面的
江苏索普：终止收购上海莱士,负面的
同方股份终止收购上海莱士股权,负面的
中创100终止收购上海莱士股权,负面的
东港股份持股5%以上股东终止减持股份计划,负面的
新澳股份持股5%以上股东终止减持股份计划,负面的
网宿科技：实控人减持总股本的1.241%,负面的
湖北广电：实控人减持总股本的1.241%,负面的
腾龙股份：蒋依琳拟受让股份后，可能减持总股本的5%,负面的
N久吾：蒋依琳拟受让股份后，可能减持总股本的5%,负面的
腾龙股份：蒋依琳拟再受让股份后 或减持总股本的5%,负面的
龙江交通：蒋依琳拟再受让股份后 或减持总股本的5%,负面的
腾龙股份股东蒋依琳或减持不超5%股份,负面的
麦迪科技股东蒋依琳或减持不超5%股份,负面的
高伟达：银联科技拟减持不超4.257%股份,负面的
中兵红箭：银联科技拟减持不超4.257%股份,负面的
高伟达股东银联科技拟减持不超4.257%股份,负面的
安靠智电股东银联科技拟减持不超4.257%股份,负面的
高伟达股东银联科技拟减持不超4.257%股份,负面的
宝信B股东银联科技拟减持不超4.257%股份,负面的
高伟达股东银联科技拟减持不超4.257%股份,负面的
0513R007股东银联科技拟减持不超4.257%股份,负面的
友阿股份：国君资管减持1529万股，持股降至4.99%,负面的
光明地产：国君资管减持1529万股，持股降至4.99%,负面的
友阿股份：国君资管减持1529万股 持股降至5%以下,负面的
券商A级：国君资管减持1529万股 持股降至5%以下,负面的
中材国际：持股5%以上股东减持877万股,负面的
*ST达曼：持股5%以上股东减持877万股,负面的
广信股份：股东拟减持630万股,负面的
长盛同庆：股东拟减持630万股,负面的
广信股份：股东拟减持630万股,负面的
天虹商场：股东拟减持630万股,负面的
富邦股份：股东拟清仓减持300万股,负面的
通策医疗：股东拟清仓减持300万股,负面的
达实智能：黄天朗已减持106万股,负面的
盘江股份：黄天朗已减持106万股,负面的
万达电影：预计无法于10月3日前披露重组预案，继续停牌,负面的
南国置业：预计无法于10月3日前披露重组预案，继续停牌,负面的
奥马电器：终止重组9月14日复牌,负面的
振华科技：终止重组9月14日复牌,负面的
终止重组成利好？ 奥马电器复牌涨停,负面的
终止重组成利好？ 达实智能复牌涨停,负面的
奥马电器：终止筹划重大重组 明日复牌,负面的
福建水泥：终止筹划重大重组 明日复牌,负面的
合肥百货澄清：与腾讯合作传闻不属实,负面的
香江控股澄清：与腾讯合作传闻不属实,负面的
嘉凯城：股东拟减持1700万股,负面的
万盛股份：股东拟减持1700万股,负面的
嘉凯城：股东浙江国大集团拟减持公司股份,负面的
仙琚制药：股东浙江国大集团拟减持公司股份,负面的
航天发展：副总经理拟减持不超1420万股,负面的
国中水务：副总经理拟减持不超1420万股,负面的
航天发展高管拟减持不超1420万股,负面的
平安银行高管拟减持不超1420万股,负面的
露天煤业：霍煤集团累计减持1079万股,负面的
广誉远：霍煤集团累计减持1079万股,负面的
光洋股份：实际控制人累计减持1062万股,负面的
莱美药业：实际控制人累计减持1062万股,负面的
东华测试：控股股东及一致行动人计划减持不超过690万股,负面的
益盛药业：控股股东及一致行动人计划减持不超过690万股,负面的
东华测试：控股股东及一致行动人拟减持股份,负面的
龙力生物：控股股东及一致行动人拟减持股份,负面的
东华测试：控股股东及一致行动人拟减持股份,负面的
胜景山河：控股股东及一致行动人拟减持股份,负面的
东华测试：控股股东及一致行动人拟减持股份,负面的
深华发A：控股股东及一致行动人拟减持股份,负面的
东华测试：控股股东及一致行动人拟减持股份,负面的
盛运环保：控股股东及一致行动人拟减持股份,负面的
金新农：控股股东减持380万股,负面的
拓尔思：控股股东减持380万股,负面的
天龙光电：公司股票可能被暂停上市,负面的
美的电器：公司股票可能被暂停上市,负面的
爱尔眼科：董事及副总合计减持逾1018万股,负面的
金地集团：董事及副总合计减持逾1018万股,负面的
好利来：股东拟减持不超公司总股本的6%,负面的
金融ETF：股东拟减持不超公司总股本的6%,负面的
好利来控股股东及持股5%以上股东拟减持不超6%股份,负面的
三聚环保控股股东及持股5%以上股东拟减持不超6%股份,负面的
中能电气遭股东沈玮减持1.83%股份,负面的
中国武夷遭股东沈玮减持1.83%股份,负面的
幸福蓝海：股东拟减持372万股,负面的
信威集团：股东拟减持372万股,负面的
科华恒盛：公司高管拟减持139万股,负面的
劲嘉股份：公司高管拟减持139万股,负面的
威帝股份：两高管拟减持不超108万股,负面的
南方天元：两高管拟减持不超108万股,负面的
博云新材：控股股东内斗升级，被其股东要求解散,负面的
国信证券：控股股东内斗升级，被其股东要求解散,负面的
晚间利空公告：*ST众和涉嫌信息披露违法违规 ,负面的
晚间利空公告：游久游戏涉嫌信息披露违法违规 ,负面的
*ST众和：涉嫌信息披露违法违规 被证监会立案调查,负面的
哈投股份：涉嫌信息披露违法违规 被证监会立案调查,负面的
*ST众和：涉嫌信披违规 遭证监会立案调查,负面的
欧普照明：涉嫌信披违规 遭证监会立案调查,负面的
*ST众和涉嫌信披违法违规遭证监会立案调查,负面的
安控科技涉嫌信披违法违规遭证监会立案调查,负面的
一汽夏利：1-8月汽车销量大幅下滑,负面的
盛天网络：1-8月汽车销量大幅下滑,负面的
ST云维：延期回复问询函 股票继续停牌,负面的
大智慧：延期回复问询函 股票继续停牌,负面的
中科电气：控股股东减持公司3.33%股份,负面的
开尔新材：控股股东减持公司3.33%股份,负面的
中科电气控股股东被动减持通过资管计划持有的3.33%股份,负面的
工商银行控股股东被动减持通过资管计划持有的3.33%股份,负面的
骅威文化遭股东减持,负面的
酒A遭股东减持,负面的
韶钢松山：韶关钢铁已减持救市时增持的770万股股份,负面的
黄山胶囊：韶关钢铁已减持救市时增持的770万股股份,负面的
恒华科技：股东减持589万股,负面的
富国500：股东减持589万股,负面的
东方通：控股股东拟减持554万股,负面的
基金科瑞：控股股东拟减持554万股,负面的
国农科技：仍在被证监会调查,负面的
腾达建设：仍在被证监会调查,负面的
证通电子股东财通基金管理有限公司拟减持不超6%股份；,负面的
改革A股东财通基金管理有限公司拟减持不超6%股份；,负面的
证通电子股东拟减持至多31180716股,负面的
*ST烯碳股东拟减持至多31180716股,负面的
汤臣倍健：控股股东、公司高管等合计减持475万股,负面的
*ST常林：控股股东、公司高管等合计减持475万股,负面的
西部创业终止筹划重大资产重组,负面的
华电B股终止筹划重大资产重组,负面的
西部创业终止收购境界实业股权 外延式扩张暂遇阻,负面的
大禹节水终止收购境界实业股权 外延式扩张暂遇阻,负面的
九鼎投资全资子公司昆吾九鼎、西藏昆吾、苏州昆吾近日分别收到证监会下属机构出具警示函的行政监管措施决定书。,负面的
曲美家居全资子公司昆吾九鼎、西藏昆吾、苏州昆吾近日分别收到证监会下属机构出具警示函的行政监管措施决定书。,负面的
九鼎投资在管基金两参股公司获IPO批文,负面的
招商蛇口在管基金两参股公司获IPO批文,负面的
金路集团：子公司涉嫌实施价格垄断协议 将遭罚款1021.4万元,负面的
深证100：子公司涉嫌实施价格垄断协议 将遭罚款1021.4万元,负面的
金路集团子公司涉嫌实施价格垄断协议 将遭罚款1021万元,负面的
天润数娱子公司涉嫌实施价格垄断协议 将遭罚款1021万元,负面的
长安汽车：前8月产销双降五成,负面的
景嘉微：前8月产销双降五成,负面的
兆易创新因12亿重大合同收上交所问询函,负面的
金陵饭店因12亿重大合同收上交所问询函,负面的
宝馨科技：股东拟减持1100万股,负面的
园城黄金：股东拟减持1100万股,负面的
宝馨科技：广讯公司拟减持1.99%股份,负面的
招商上证消费80：广讯公司拟减持1.99%股份,负面的
博腾股份：股东Qing Shao减持500万股,负面的
新宏泰：股东Qing Shao减持500万股,负面的
广信材料：两股东拟合计减持不超7.95%股份,负面的
光大证券：两股东拟合计减持不超7.95%股份,负面的
广信材料：两股东拟合计减持不超7.95%股份,负面的
海富增利：两股东拟合计减持不超7.95%股份,负面的
广信材料两股东拟合计减持不超7.95%股份,负面的
银华锐进两股东拟合计减持不超7.95%股份,负面的
长航凤凰：控股股东终止股权转让事项,负面的
猛狮科技：控股股东终止股权转让事项,负面的
长航凤凰：控股股东终止股权转让,负面的
星徽精密：控股股东终止股权转让,负面的
股权转让筹划8个月终止 长航凤凰易主失败,负面的
股权转让筹划8个月终止 基金金盛易主失败,负面的
天龙光电：若今年继续亏损，股票或被暂停上市,负面的
锦旅B股：若今年继续亏损，股票或被暂停上市,负面的
宁波富达：子公司诉讼被驳回，计提减值将影响净利,负面的
亿晶光电：子公司诉讼被驳回，计提减值将影响净利,负面的
宁波富达：子公司诉讼请求被驳回 计提资产减值将影响今年净利,负面的
杭州解百：子公司诉讼请求被驳回 计提资产减值将影响今年净利,负面的
宁波富达：子公司诉讼请求被驳回 计提资产减值将影响今年净利,负面的
广发睿吉：子公司诉讼请求被驳回 计提资产减值将影响今年净利,负面的
三维丝：因内部控制存在严重缺陷被责令改正,负面的
湖南天雁：因内部控制存在严重缺陷被责令改正,负面的
申科股份：因涉嫌信披违法违规被证监会调查,负面的
柏堡龙：因涉嫌信披违法违规被证监会调查,负面的
申科股份涉嫌信披违法违规 公司及公司实控人等遭立案调查,负面的
百联B股涉嫌信披违法违规 公司及公司实控人等遭立案调查,负面的
申科股份：涉嫌信披违规 公司及实控人等遭立案调查,负面的
均胜电子：涉嫌信披违规 公司及实控人等遭立案调查,负面的
*ST宏盛：终止筹划重大资产重组 明起复牌,负面的
*德艺文创：终止筹划重大资产重组 明起复牌,负面的
*ST宏盛：终止筹划重大资产重组 明起复牌,负面的
*盐津铺子：终止筹划重大资产重组 明起复牌,负面的
*ST宏盛：终止筹划重大资产重组 明起复牌,负面的
*大连友谊：终止筹划重大资产重组 明起复牌,负面的
*ST宏盛：终止筹划重大资产重组 明起复牌,负面的
*南京银行：终止筹划重大资产重组 明起复牌,负面的
海利得：股东万向创投减持1960万股,负面的
大连热电：股东万向创投减持1960万股,负面的
海利得遭股东万向创投减持1960万股,负面的
国防A遭股东万向创投减持1960万股,负面的
海利得遭股东万向创投减持1960万股,负面的
开开实业遭股东万向创投减持1960万股,负面的
交大昂立：股东减持1168万股,负面的
通化东宝：股东减持1168万股,负面的
交大昂立大股东减持1168万股,负面的
华锐风电大股东减持1168万股,负面的
交大昂立大股东新南洋减持1168万股,负面的
阿胶EJC1大股东新南洋减持1168万股,负面的
交大昂立大股东新南洋减持1168万股,负面的
中国汽研大股东新南洋减持1168万股,负面的
乔治白：股东傅翼减持473万股,负面的
万向德农：股东傅翼减持473万股,负面的
百利科技：股东减持445万股,负面的
*ST哈慈：股东减持445万股,负面的
金轮股份：控股股东累计减持443万股,负面的
绿城水务：控股股东累计减持443万股,负面的
安琪酵母：股东减持358万股,负面的
四维图新：股东减持358万股,负面的
保千里公告，汇丰银行深圳分行、平安银行深圳分行分别向深圳市中院申请诉前财产保全，公司及下属公司部分资金及房产被银行冻结。,负面的
保千里公告，汇丰银行深圳分行、金融行业深圳分行分别向深圳市中院申请诉前财产保全，公司及下属公司部分资金及房产被银行冻结。,负面的
洪汇新材股东许端平计划减持不超过100万股。,负面的
华瑞股份股东许端平计划减持不超过100万股。,负面的
洪汇新材：股东许端平计划减持不超过100万股,负面的
湖北广电：股东许端平计划减持不超过100万股,负面的
洪汇新材股东许端平计划减持不超过100万股。,负面的
美国消费股东许端平计划减持不超过100万股。,负面的
洪汇新材：股东许端平计划减持不超过100万股,负面的
中证地产：股东许端平计划减持不超过100万股,负面的
氯碱化工：因信披违法遭上海证监局警示,负面的
昊华能源：因信披违法遭上海证监局警示,负面的
四方股份：公司及下属子公司目前在雄安新区没有资产,负面的
德联集团：公司及下属子公司目前在雄安新区没有资产,负面的
华通医药终止非公开发行股票,负面的
银亿股份终止非公开发行股票,负面的
华通医药：终止非公开发行股票,负面的
基金通乾：终止非公开发行股票,负面的
华通医药：终止非公开发行股票,负面的
吉艾科技：终止非公开发行股票,负面的
纳川股份：短期内无法完成收购星恒电源 股票复牌,负面的
金自天正：短期内无法完成收购星恒电源 股票复牌,负面的
奥瑞金非公开发行股票批复到期失效,负面的
潞安环能非公开发行股票批复到期失效,负面的
奥瑞金非公开发行股票批复到期失效,负面的
鲁西化工非公开发行股票批复到期失效,负面的
奥瑞金非公开发行股票批复到期失效,负面的
新大洲A非公开发行股票批复到期失效,负面的
广汇物流终止重组前员工持股计划,负面的
嘉化能源终止重组前员工持股计划,负面的
广汇物流终止重组前员工持股计划,负面的
祁连山终止重组前员工持股计划,负面的
广汇物流终止重组前员工持股计划,负面的
海马汽车终止重组前员工持股计划,负面的
丹邦科技 ：控股股东缩减减持计划 拟减持2191万股,负面的
真视通 ：控股股东缩减减持计划 拟减持2191万股,负面的
新文化股东盛文蕾计划减持不超703万股,负面的
广晟有色股东盛文蕾计划减持不超703万股,负面的
顺发恒业：股东清仓减持696万股,负面的
上海石化：股东清仓减持696万股,负面的
通光线缆：股东拟减持不超337.5万股,负面的
创兴资源：股东拟减持不超337.5万股,负面的
凤形股份股东计划减持不超176万股,负面的
九泰泰富股东计划减持不超176万股,负面的
凤形股份股东计划减持不超176万股,负面的
深300ETF股东计划减持不超176万股,负面的
德美化工：瑞奇投资拟减持不超过500万股,负面的
500等权：瑞奇投资拟减持不超过500万股,负面的
德美化工：瑞奇投资拟减持不超过500万股,负面的
广信材料：瑞奇投资拟减持不超过500万股,负面的
中报]德美化工股东瑞奇投资拟减持不超过500万股,负面的
中报]创力集团股东瑞奇投资拟减持不超过500万股,负面的
道氏技术：股东累计减持428万股,负面的
九鼎新材：股东累计减持428万股,负面的
同方股份半年报下降一倍,负面的
盛天网络半年报下降一倍,负面的
*ST昌鱼半年报亏损,负面的
*新乡化纤半年报亏损,负面的
*ST昌鱼半年报亏损,负面的
*德邦货币半年报亏损,负面的
房产结转项目减少 雅戈尔半年报下降三成,负面的
房产结转项目减少 中航三鑫半年报下降三成,负面的
房产结转项目减少 雅戈尔半年报下降三成,负面的
房产结转项目减少 碧水源半年报下降三成,负面的
北大荒半年报下降一成,负面的
上汽集团半年报下降一成,负面的
全聚德：终止收购汤城小厨,负面的
工银增利：终止收购汤城小厨,负面的
润欣科技股东欣胜投资拟减持不超3%股份,负面的
证券股B股东欣胜投资拟减持不超3%股份,负面的
润欣科技股东欣胜投资拟减持不超3%股份,负面的
中航重机股东欣胜投资拟减持不超3%股份,负面的
乐凯新材董监高拟合计减持不超1.37%股份,负面的
益生股份董监高拟合计减持不超1.37%股份,负面的
乐凯新材董监高拟合计减持不超1.37%股份,负面的
金安国纪董监高拟合计减持不超1.37%股份,负面的
乐凯新材：取得专利证书,负面的
广州发展：取得专利证书,负面的
深华发A：终止重大资产重组，8月25日复牌,负面的
华昌达：终止重大资产重组，8月25日复牌,负面的
深华发A：终止重大资产重组 25日复牌,负面的
神州易桥：终止重大资产重组 25日复牌,负面的
深华发A终止重大资产重组 25日复牌,负面的
江河集团终止重大资产重组 25日复牌,负面的
上市公司晚间利空公告：深华发A终止重大资产重组,负面的
上市公司晚间利空公告：金融街终止重大资产重组,负面的
利德曼控股股东终止筹划调整股权结构事项 25日起复牌,负面的
500沪市ETF控股股东终止筹划调整股权结构事项 25日起复牌,负面的
利德曼控股股东终止筹划调整股权结构事项 25日起复牌,负面的
金融地B控股股东终止筹划调整股权结构事项 25日起复牌,负面的
利德曼：终止筹划调整股权结构事项 25日开市起复牌,负面的
江中药业：终止筹划调整股权结构事项 25日开市起复牌,负面的
焦点科技：控股股东、实际控制人拟减持不超总股本2%,负面的
0509R007：控股股东、实际控制人拟减持不超总股本2%,负面的
信雅达股东春秋科技拟减持不超400万股,负面的
华立股份股东春秋科技拟减持不超400万股,负面的
信雅达股东春秋科技拟减持不超400万股,负面的
武汉凡谷股东春秋科技拟减持不超400万股,负面的
正海磁材：董事高管拟批量减持不超190万股,负面的
光库科技：董事高管拟批量减持不超190万股,负面的
吉林森工副总经理刘波因行贿罪被刑事拘留,负面的
基金汉盛副总经理刘波因行贿罪被刑事拘留,负面的
闰土股份六名股东拟合计减持不超1984万股,负面的
精锻科技六名股东拟合计减持不超1984万股,负面的
闰土股份六名股东拟合计减持不超1984万股,负面的
0512R028六名股东拟合计减持不超1984万股,负面的
陕西金叶申请暂时中止重组审核,负面的
科达股份申请暂时中止重组审核,负面的
三晖电气：终止筹划重大事项 股票复牌,负面的
信质电机：终止筹划重大事项 股票复牌,负面的
三晖电气终止筹划重大事项 23日起复牌,负面的
上海建工终止筹划重大事项 23日起复牌,负面的
正海磁材：不存在应披露而未披露的信息 高管拟减持,负面的
酒A：不存在应披露而未披露的信息 高管拟减持,负面的
拓维信息：原拟非公开发行股票募资不超14.77亿元，用于“K12智慧教育云平台”项目。鉴于近期再融资政策、资本市场环境等因素发生变化，公司无法在批文有效期内完成非公开发行事项，决定终止此次发行。公司将筹集资金，陆续对此次募投项目进行投入。,负面的
长荣股份：原拟非公开发行股票募资不超14.77亿元，用于“K12智慧教育云平台”项目。鉴于近期再融资政策、资本市场环境等因素发生变化，公司无法在批文有效期内完成非公开发行事项，决定终止此次发行。公司将筹集资金，陆续对此次募投项目进行投入。,负面的
拓维信息：终止非公开发行股票,负面的
渤海轮渡：终止非公开发行股票,负面的
拓维信息：终止非公开发行股票,负面的
中证500：终止非公开发行股票,负面的
昌红科技：终止重组8月18日复牌,负面的
景顺资源：终止重组8月18日复牌,负面的
好利来：终止筹划重大资产重组，股票复牌,负面的
国投创B：终止筹划重大资产重组，股票复牌,负面的
麦捷科技：公司信披等方面存在问题 遭深圳证监局责令整改,负面的
慈星股份：公司信披等方面存在问题 遭深圳证监局责令整改,负面的
麦捷科技信披等方面存在问题 遭深圳证监局责令整改,负面的
科大智能信披等方面存在问题 遭深圳证监局责令整改,负面的
麦捷科技信披等方面存在问题 遭深圳证监局责令整改,负面的
东方网力信披等方面存在问题 遭深圳证监局责令整改,负面的
格力电器董事受深交所公开谴责处分,负面的
南宁百货董事受深交所公开谴责处分,负面的
上海凯宝：股东、董事及高管拟减持不超2680万股 占比2.51%,负面的
广发聚利：股东、董事及高管拟减持不超2680万股 占比2.51%,负面的
大华股份：实控人拟减持不超2890万股 占比1%,负面的
金运激光：实控人拟减持不超2890万股 占比1%,负面的
增收不增利 兰石重装半年报下降三成,负面的
增收不增利 金发拉比半年报下降三成,负面的
增收不增利 兰石重装半年报下降三成,负面的
增收不增利 三毛B股半年报下降三成,负面的
赛升药业上半年净利同比降两成 证金公司新晋第五大股东,负面的
深红利上半年净利同比降两成 证金公司新晋第五大股东,负面的
赛升药业上半年净利同比降两成 证金公司新晋第五大股东,负面的
赣锋锂业上半年净利同比降两成 证金公司新晋第五大股东,负面的
上海家化半年报下降四成,负面的
新疆城建半年报下降四成,负面的
上海家化半年报下降四成,负面的
太极集团半年报下降四成,负面的
沧州大化提示主要产品价格变动等风险,负面的
浔兴股份提示主要产品价格变动等风险,负面的
沧州大化：提示主要产品价格变动及相关风险,负面的
利尔化学：提示主要产品价格变动及相关风险,负面的
沧州大化：TDI价格大幅上涨 存原材料价格上升等风险,负面的
新能源A：TDI价格大幅上涨 存原材料价格上升等风险,负面的
仟源医药非公开发行股票未获证监会发审委审核通过,负面的
青岛双星非公开发行股票未获证监会发审委审核通过,负面的
仟源医药非公开发行股票未获证监会发审委审核通过,负面的
乐金健康非公开发行股票未获证监会发审委审核通过,负面的
西部证券上半年净利润同比下降25.7%,负面的
上海物贸上半年净利润同比下降25.7%,负面的
西部证券上半年净利润同比下降25.7%,负面的
金莱特上半年净利润同比下降25.7%,负面的
西部证券上半年净利4.37亿，同比下滑25.7% |新京报财讯,负面的
浦东金桥上半年净利4.37亿，同比下滑25.7% |新京报财讯,负面的
营收净利双降、评级下调，“后刘祝时代”，西部证券的“大投行+大资管”战略还能持续吗？,负面的
营收净利双降、评级下调，“后刘祝时代”，三环集团的“大投行+大资管”战略还能持续吗？,负面的
风范股份股东范立义拟减持不超3%股份,负面的
一带一B股东范立义拟减持不超3%股份,负面的
露天煤业：股东拟减持不超过1634万股,负面的
荣之联：股东拟减持不超过1634万股,负面的
西部资源：实控人收到证监会行政处罚决定书,负面的
天晟新材：实控人收到证监会行政处罚决定书,负面的
西部资源实控人阙文彬收到证监会行政处罚决定书,负面的
瑞贝卡实控人阙文彬收到证监会行政处罚决定书,负面的
中泰化学3.39亿股解禁来袭，参与股东账面盈利翻倍,负面的
乾照光电3.39亿股解禁来袭，参与股东账面盈利翻倍,负面的
中国铝业称目前没有将中国稀土注入公司计划,负面的
七匹狼称目前没有将中国稀土注入公司计划,负面的
尔康制药涉嫌信披违法违规遭证监会立案稽查,负面的
大众B股涉嫌信披违法违规遭证监会立案稽查,负面的
尔康制药涉嫌信披违法违规 被证监会立案稽查,负面的
紫光国芯涉嫌信披违法违规 被证监会立案稽查,负面的
尔康制药涉嫌信披违法违规遭证监会立案稽查,负面的
中国医药涉嫌信披违法违规遭证监会立案稽查,负面的
尔康制药涉嫌信披违法违规遭证监会立案稽查,负面的
神宇股份涉嫌信披违法违规遭证监会立案稽查,负面的
华昌达终止重大资产重组事项 10日起复牌,负面的
安徽水利终止重大资产重组事项 10日起复牌,负面的
山西焦化重组未获证监会通过,负面的
基金兴和重组未获证监会通过,负面的
安阳钢铁半年报下降七成 社保基金退出,负面的
华夏银行半年报下降七成 社保基金退出,负面的
安阳钢铁上半年净利同比降超7成 社保退出前十大股东,负面的
大成小盘上半年净利同比降超7成 社保退出前十大股东,负面的
吴通控股遭股东谭思亮减持2490万股,负面的
H股ETF遭股东谭思亮减持2490万股,负面的
吴通控股遭股东谭思亮减持2490万股,负面的
中材国际遭股东谭思亮减持2490万股,负面的
滨化股份两高管拟减持,负面的
双翼B两高管拟减持,负面的
滨化股份两高管拟减持,负面的
创业板50两高管拟减持,负面的
先河环保实控人及总经理拟合计减持不超630万股,负面的
机电B股实控人及总经理拟合计减持不超630万股,负面的
先河环保实控人及总经理拟合计减持不超630万股,负面的
林州重机实控人及总经理拟合计减持不超630万股,负面的
先河环保：控股股东及董事拟合计减持不超630万股,负面的
东方明珠：控股股东及董事拟合计减持不超630万股,负面的
先河环保：控股股东及董事拟合计减持不超630万股,负面的
海信电器：控股股东及董事拟合计减持不超630万股,负面的
中材国际持股5%以上股东石河子中天拟减持,负面的
中概互联持股5%以上股东石河子中天拟减持,负面的
中国核建股东中国信达拟减持,负面的
吉林敖东股东中国信达拟减持,负面的
中国核建股东中国信达拟减持,负面的
东山精密股东中国信达拟减持,负面的
神火股份下属新庄煤矿暂时停产,负面的
川环科技下属新庄煤矿暂时停产,负面的
神火股份下属新庄煤矿停产,负面的
山东地矿下属新庄煤矿停产,负面的
神火股份遭股东惠众投资减持,负面的
军工B遭股东惠众投资减持,负面的
神火股份遭股东惠众投资减持,负面的
嘉应制药遭股东惠众投资减持,负面的
麦格米特终止筹划重大事项7日复牌,负面的
亚夏汽车终止筹划重大事项7日复牌,负面的
中国神华两露天矿暂停减产 净利减少30亿元,负面的
三夫户外两露天矿暂停减产 净利减少30亿元,负面的
长江传媒：因信息披露违规被出示警示函,负面的
秀强股份：因信息披露违规被出示警示函,负面的
利尔化学股东中通投资拟减持不超2621万股,负面的
天士力股东中通投资拟减持不超2621万股,负面的
利尔化学股东中通投资拟减持不超2621万股,负面的
赤峰黄金股东中通投资拟减持不超2621万股,负面的
西水股份股东新时代证券拟减持529万股,负面的
恒指ETF股东新时代证券拟减持529万股,负面的
西水股份：新时代证券拟清仓减持529万股,负面的
国际实业：新时代证券拟清仓减持529万股,负面的
华菱星马：终止重组8月7日召开投资者说明会,负面的
中小ETF：终止重组8月7日召开投资者说明会,负面的
爱康科技终止发行股份购买资产事项,负面的
Ｒ-003终止发行股份购买资产事项,负面的
中兵红箭收到证监会调查通知书,负面的
三湘印象收到证监会调查通知书,负面的
中兵红箭收到证监会调查通知书,负面的
华达科技收到证监会调查通知书,负面的
永东股份股东东方富海计划减持不超2%股份,负面的
雅本化学股东东方富海计划减持不超2%股份,负面的
欧浦智网股东黄锐焯拟减持,负面的
安迪苏股东黄锐焯拟减持,负面的
昆药集团原董事袁平东拟减持,负面的
大东南原董事袁平东拟减持,负面的
昆药集团原董事袁平东拟减持,负面的
苏试试验原董事袁平东拟减持,负面的
中粮地产31亿定增方案到期失效,负面的
金圆股份31亿定增方案到期失效,负面的
奥特佳终止重大资产重组事项并撤回申请文件,负面的
华域汽车终止重大资产重组事项并撤回申请文件,负面的
石英股份高管仇冰拟减持.,负面的
安正时尚高管仇冰拟减持.,负面的
石英股份高管仇冰拟减持,负面的
全指能源高管仇冰拟减持,负面的
华讯方舟终止筹划收购军工资产,负面的
*ST烯碳终止筹划收购军工资产,负面的
华讯方舟终止筹划重大事项 8月1日复牌,负面的
鄂尔多斯终止筹划重大事项 8月1日复牌,负面的
国信证券：上半年净利润19.93亿元，同比下降9.28%,负面的
海越股份：上半年净利润19.93亿元，同比下降9.28%,负面的
拓邦股份：多位高管拟合计减持150万股,负面的
上海三毛：多位高管拟合计减持150万股,负面的
楚江新材：大股东拟半年内减持不超5%,负面的
180ETF：大股东拟半年内减持不超5%,负面的
楚江新材中报高送转伴随减持,负面的
金冠电气中报高送转伴随减持,负面的
一拖股份 净利预降70%-90%,负面的
福建高速 净利预降70%-90%,负面的
S佳通：上半年净利预减60%至80%,负面的
江铃汽车：上半年净利预减60%至80%,负面的
万通地产：上半年净利润同比下滑80.69%,负面的
全通教育：上半年净利润同比下滑80.69%,负面的
乐视网：贾跃亭所持公司股份被全部冻结,负面的
东阳光科：贾跃亭所持公司股份被全部冻结,负面的
保税科技半年报预亏 子公司证券投资浮亏,负面的
大立科技半年报预亏 子公司证券投资浮亏,负面的
保税科技半年报预亏 子公司证券投资浮亏,负面的
大成小盘半年报预亏 子公司证券投资浮亏,负面的
奥克股份控股股东减持1.767%股份,负面的
大东海B控股股东减持1.767%股份,负面的
奥克股份控股股东减持1.767%股份,负面的
昇兴股份控股股东减持1.767%股份,负面的
洲际油气：控股股东所持全部6.65亿股股份被司法冻结,负面的
易基综债：控股股东所持全部6.65亿股股份被司法冻结,负面的
中航高科股东国管中心拟减持2.23%股份,负面的
*ST韶钢股东国管中心拟减持2.23%股份,负面的
福安药业股东GP计划清仓减持6.65%股份,负面的
万家乐股东GP计划清仓减持6.65%股份,负面的
雪峰科技高管张成君拟减持,负面的
东方集团高管张成君拟减持,负面的
雪峰科技高管张成君拟减持,负面的
神奇B股高管张成君拟减持,负面的
山东金泰：大股东因违规减持被出示警示函,负面的
*ST川化：大股东因违规减持被出示警示函,负面的
美锦能源终止重大资产重组事项,负面的
小康ETF终止重大资产重组事项,负面的
美锦能源终止重大资产重组事项,负面的
海南海药终止重大资产重组事项,负面的
维维股份股东拟减持不超6%股份,负面的
隆基机械股东拟减持不超6%股份,负面的
江铃汽车上半年业绩下降两成,负面的
万润科技上半年业绩下降两成,负面的
江铃汽车上半年业绩下降两成,负面的
高鸿股份上半年业绩下降两成,负面的
云南能投：云天化集团在计划减持期间未实施减持,负面的
安彩高科：云天化集团在计划减持期间未实施减持,负面的
洲际油气大股东质押股票被平仓拟减持3.83%,负面的
安徽合力大股东质押股票被平仓拟减持3.83%,负面的
洲际油气：控股股东股票质押被强制平仓 拟减持3.83%股票,负面的
西山煤电：控股股东股票质押被强制平仓 拟减持3.83%股票,负面的
暴跌——洲际油气（600759）质押股份被平仓抛售,负面的
暴跌——银华800A（600759）质押股份被平仓抛售,负面的
洲际油气因股票质押被强制平仓 控股股东拟被动减持,负面的
中铁工业因股票质押被强制平仓 控股股东拟被动减持,负面的
大股东爆仓被要求平仓  洲际油气或成股权质押强平第一股,负面的
大股东爆仓被要求平仓  鲁西化工或成股权质押强平第一股,负面的
双成药业终止筹划重大资产重组 25日起复牌,负面的
金马集团终止筹划重大资产重组 25日起复牌,负面的
双成药业终止筹划重大资产重组 25日起复牌,负面的
一拖股份终止筹划重大资产重组 25日起复牌,负面的
德尔未来终止非公开发行股票事项,负面的
宏辉果蔬终止非公开发行股票事项,负面的
德尔未来终止非公开发行股票事项,负面的
万里股份终止非公开发行股票事项,负面的
雪榕生物股东诸焕诚拟减持不超209.59万股,负面的
太阳电缆股东诸焕诚拟减持不超209.59万股,负面的
高乐股份：拟3.6亿元收购异度信息53.25%股权,负面的
北京利尔：拟3.6亿元收购异度信息53.25%股权,负面的
金科股份实控人拟引入的一致行动人逾期未履约持股,负面的
银华锐进实控人拟引入的一致行动人逾期未履约持股,负面的
五矿发展：对媒体报道所述“合并”事宜不知情,负面的
ST慧球：对媒体报道所述“合并”事宜不知情,负面的
欣龙控股：控股股东质押股份触及警戒线,负面的
江海股份：控股股东质押股份触及警戒线,负面的
北特科技：三位股东拟合计减持逾5%股份,负面的
友阿股份：三位股东拟合计减持逾5%股份,负面的
北特科技：三位股东拟合计减持逾5%股份,负面的
资源A：三位股东拟合计减持逾5%股份,负面的
中来股份股东江小伟计划减持不超585万股,负面的
恒信移动股东江小伟计划减持不超585万股,负面的
海汽集团：海南农垦计划减持不超572.75万股,负面的
综艺股份：海南农垦计划减持不超572.75万股,负面的
海汽集团：海南农垦计划减持不超572.75万股,负面的
*ST金瑞：海南农垦计划减持不超572.75万股,负面的
姚记扑克控股股东减持近90万股公司股份,负面的
ＲＣ-003控股股东减持近90万股公司股份,负面的
姚记扑克控股股东减持近90万股公司股份,负面的
新野纺织控股股东减持近90万股公司股份,负面的
姚记扑克控股股东减持近90万股公司股份,负面的
奇正藏药控股股东减持近90万股公司股份,负面的
银河生物控股股东质押股票触及平仓 18日起停牌,负面的
裕兴股份控股股东质押股票触及平仓 18日起停牌,负面的
银河生物控股股东质押股票触及平仓 18日起停牌,负面的
国债ETF控股股东质押股票触及平仓 18日起停牌,负面的
贵人鸟：弘智投资减持525万股,负面的
亿阳信通：弘智投资减持525万股,负面的
贵人鸟：弘智投资减持525万股,负面的
露笑科技：弘智投资减持525万股,负面的
诚志股份：子公司因环保问题被责令停产整治及罚款,负面的
信诚深度：子公司因环保问题被责令停产整治及罚款,负面的
诚志股份子公司因环保问题被责令停产整治并罚款4.19万元,负面的
当代东方子公司因环保问题被责令停产整治并罚款4.19万元,负面的
当代明诚：终止非公开发行A股股票事项,负面的
朗科智能：终止非公开发行A股股票事项,负面的
深康佳A：29亿元出售康侨佳城置业公司49%股权遭中小股东否决,负面的
凯龙股份：29亿元出售康侨佳城置业公司49%股权遭中小股东否决,负面的
深康佳A：29亿挂牌出售康侨佳城49%股权事项遭中小股东否决,负面的
华凯创意：29亿挂牌出售康侨佳城49%股权事项遭中小股东否决,负面的
健盛集团上半年净利润下降14%,负面的
明家联合上半年净利润下降14%,负面的
龙宇燃油：因信披违规被上海证监局给予警示,负面的
宝莫股份：因信披违规被上海证监局给予警示,负面的
鱼跃医疗董事长涉内幕交易被调查,负面的
中安消董事长涉内幕交易被调查,负面的
新奥股份股东转让9.7%公司股份,负面的
凤凰光学股东转让9.7%公司股份,负面的
新奥股份：股东建银基金转让9.7%公司股份,负面的
华宝添益：股东建银基金转让9.7%公司股份,负面的
华电重工：海上升压站电缆爆燃 1人失联,负面的
恒锋工具：海上升压站电缆爆燃 1人失联,负面的
亚威股份董事长误操作构成短线交易及违规减持,负面的
金亚科技董事长误操作构成短线交易及违规减持,负面的
亚威股份董事长误操作构成短线交易及违规减持,负面的
广发聚利董事长误操作构成短线交易及违规减持,负面的
万科A称未与雄安新区签署任何合作协议,负面的
景峰医药称未与雄安新区签署任何合作协议,负面的
万科：目前未与雄安签署任何合作协议 万科A涨逾5%,负面的
万科：目前未与雄安签署任何合作协议 三维丝涨逾5%,负面的
东方网络终止重大资产重组,负面的
浙江东方终止重大资产重组,负面的
森源电气终止筹划重大资产重组 12日起复牌,负面的
康普顿终止筹划重大资产重组 12日起复牌,负面的
森源电气终止筹划重大资产重组 12日起复牌,负面的
泸天化终止筹划重大资产重组 12日起复牌,负面的
朗科智能终止收购君天恒讯并复牌,负面的
国泰淘新终止收购君天恒讯并复牌,负面的
朗科智能：终止收购君天恒讯并复牌 逾期未回应重组问询函,负面的
ST生化：终止收购君天恒讯并复牌 逾期未回应重组问询函,负面的
蓝丰生化终止筹划发行股份购买资产事项,负面的
霞客环保终止筹划发行股份购买资产事项,负面的
长盈精密股东任项生拟减持不超过24.5万股，占公司总股本比例不超过0.03%,负面的
*ST华信股东任项生拟减持不超过24.5万股，占公司总股本比例不超过0.03%,负面的
科华恒盛实控人拟减持不超100万股,负面的
名家汇实控人拟减持不超100万股,负面的
乐视网董事长贾跃亭辞去所有职务,负面的
同洲电子董事长贾跃亭辞去所有职务,负面的
*ST华泽遭证监会行政处罚 原董事长王涛终身市场禁入,负面的
丝路视觉遭证监会行政处罚 原董事长王涛终身市场禁入,负面的
*ST华泽：遭证监会行政处罚 王涛将被采取终身证券市场禁入措施,负面的
士兰微：遭证监会行政处罚 王涛将被采取终身证券市场禁入措施,负面的
新都退：公司将于7月7日被深交所摘牌,负面的
环保A端：公司将于7月7日被深交所摘牌,负面的
海达股份遭股东谢先兴减持5%股份,负面的
江铃B遭股东谢先兴减持5%股份,负面的
海达股份遭股东谢先兴减持5%股份,负面的
江南水务遭股东谢先兴减持5%股份,负面的
东方钽业上半年预计亏损8500万元-1.1亿元,负面的
PT南洋上半年预计亏损8500万元-1.1亿元,负面的
东方钽业上半年预计亏损8500万元-1.1亿元,负面的
南宁百货上半年预计亏损8500万元-1.1亿元,负面的
中水渔业：业绩承诺方因犯罪无法补偿约6000万业绩缺口,负面的
0513R007：业绩承诺方因犯罪无法补偿约6000万业绩缺口,负面的
横店东磁：终止收购兆晶股份股权,负面的
丽珠B：终止收购兆晶股份股权,负面的
爱司凯六股东拟合计减持不超6%公司股份,负面的
华峰氨纶六股东拟合计减持不超6%公司股份,负面的
爱司凯六大股东拟合计减持不超6%股份,负面的
深圳燃气六大股东拟合计减持不超6%股份,负面的
贾跃亭所持乐视网部分股票被冻结,负面的
贾跃亭所持阳煤化工部分股票被冻结,负面的
三房巷遭证监会立案调查,负面的
阿胶EJC1遭证监会立案调查,负面的
三房巷涉信披违规遭立案调查 未披露违规占用资金10亿元,负面的
300ETF涉信披违规遭立案调查 未披露违规占用资金10亿元,负面的
襄阳轴承信披违规遭湖北证监局警示,负面的
纳尔股份信披违规遭湖北证监局警示,负面的
襄阳轴承信披违规遭湖北证监局警示,负面的
金贵银业信披违规遭湖北证监局警示,负面的
襄阳轴承信披违规遭湖北证监局警示,负面的
宁夏建材信披违规遭湖北证监局警示,负面的
川金诺：深圳昊天减持34万股 持股降至4.99%,负面的
大名城B：深圳昊天减持34万股 持股降至4.99%,负面的
海汽集团股东计划减持不超316万股,负面的
金河生物股东计划减持不超316万股,负面的
海汽集团股东计划减持不超316万股,负面的
华夏银行股东计划减持不超316万股,负面的
新宏泰股东计划减持不超225万股,负面的
三维工程股东计划减持不超225万股,负面的
新宏泰股东计划减持不超225万股,负面的
山东高速股东计划减持不超225万股,负面的
宏辉果蔬拟终止重组 5日起复牌,负面的
券商B拟终止重组 5日起复牌,负面的
停牌两周即宣告失败 宏辉果蔬重组被指太草率,负面的
停牌两周即宣告失败 亚翔集成重组被指太草率,负面的
红太阳：红太阳集团减持1116万股,负面的
金路集团：金路集团集团减持1116万股,负面的
华鹏飞遭控股股东减持1050万股,负面的
南京高科遭控股股东减持1050万股,负面的
华鹏飞遭控股股东减持1050万股,负面的
长虹CWB1遭控股股东减持1050万股,负面的
华鹏飞：控股股东减持1050万股套现超亿元,负面的
江阴银行：控股股东减持1050万股套现超亿元,负面的
金科股份终止重大收购,负面的
龙洲股份终止重大收购,负面的
孙宏斌第5次举牌后停牌的金科股份：终止筹划资产重组,负面的
孙宏斌第5次举牌后停牌的S*ST国瓷：终止筹划资产重组,负面的
ST景谷：终止筹划重大事项7月4日复牌,负面的
吉艾科技：终止筹划重大事项7月4日复牌,负面的
中鼎股份：终止重组继续停牌,负面的
长盛同庆：终止重组继续停牌,负面的
迪安诊断遭控股股东减持1.51%股份,负面的
洪城水业遭控股股东减持1.51%股份,负面的
顺网科技控股股东计划减持不超1350万股,负面的
株冶集团控股股东计划减持不超1350万股,负面的
华远地产：首创阳光累计减持2345.2万股,负面的
国企ETF：首创阳光累计减持2345.2万股,负面的
特力A大股东拟减持不超2%；,负面的
华发股份大股东拟减持不超2%；,负面的
股价刚涨就公告 特力A大股东减持之心决绝,负面的
股价刚涨就公告 中路股份大股东减持之心决绝,负面的
航天电器：终止重组7月3日召开投资者说明会,负面的
永清环保：终止重组7月3日召开投资者说明会,负面的
天龙集团：终止重组6月30日复牌,负面的
招商地产：终止重组6月30日复牌,负面的
赛为智能副董事长计划减持400万股,负面的
楚江新材副董事长计划减持400万股,负面的
赛为智能副董事长计划减持400万股,负面的
亿利洁能副董事长计划减持400万股,负面的
中航重机：股东转让股份或受减持新规影响,负面的
安信信托：股东转让股份或受减持新规影响,负面的
中航重机：股东转让股份或受减持新规影响,负面的
常熟汽饰：股东转让股份或受减持新规影响,负面的
天玑科技遭实控人减持543万股,负面的
黄金ETF遭实控人减持543万股,负面的
长方集团终止筹划重大事项 29日起复牌,负面的
歌力思终止筹划重大事项 29日起复牌,负面的
长方集团终止筹划重大事项 29日起复牌,负面的
利众B终止筹划重大事项 29日起复牌,负面的
惠博普遭控股股东减持2%股份,负面的
齐峰新材遭控股股东减持2%股份,负面的
惠博普控股股东减持2%股份套现超亿元偿还质押贷款,负面的
西部矿业控股股东减持2%股份套现超亿元偿还质押贷款,负面的
万达信息终止实施重大资产重组 29日起复牌,负面的
赣粤CWB1终止实施重大资产重组 29日起复牌,负面的
红旗连锁：控股股东曹世如、股东四川三新前总经理徐健遭警告和罚款,负面的
上海沪工：控股股东曹世如、股东四川三新前总经理徐健遭警告和罚款,负面的
红旗连锁：控股股东曹世如违规减持 被罚600万元,负面的
*ST皇台：控股股东曹世如违规减持 被罚600万元,负面的
九阳股份：因募投项目已获注自有资金终止定增,负面的
国轩高科：因募投项目已获注自有资金终止定增,负面的
扩产项目不差钱？ 九阳股份终止5.1亿元定增事项,负面的
扩产项目不差钱？ 元祖股份终止5.1亿元定增事项,负面的
庞大集团部分高管计划减持562.5万股,负面的
0504R007部分高管计划减持562.5万股,负面的
庞大集团部分高管计划减持562.5万股,负面的
广生堂部分高管计划减持562.5万股,负面的
庞大集团部分高管计划减持562.5万股,负面的
道恩股份部分高管计划减持562.5万股,负面的
精达股份：重组标的公司实控人决定终止重组,负面的
博信股份：重组标的公司实控人决定终止重组,负面的
精达股份：重组标的实控人决定终止交易,负面的
广电电气：重组标的实控人决定终止交易,负面的
*ST华泽：股票存在被实施暂停上市风险,负面的
今天国际：股票存在被实施暂停上市风险,负面的
龙大肉食股东伊藤忠中国计划减持不超3%股份,负面的
长信100股东伊藤忠中国计划减持不超3%股份,负面的
龙大肉食股东伊藤忠中国计划减持不超3%股份,负面的
楚天高速股东伊藤忠中国计划减持不超3%股份,负面的
华钰矿业股东计划减持不超2110万股,负面的
人民网股东计划减持不超2110万股,负面的
宏发股份股东累计减持4.75%公司股份,负面的
银华鑫盛股东累计减持4.75%公司股份,负面的
宏发股份股东累计减持4.75%公司股份,负面的
亚宝药业股东累计减持4.75%公司股份,负面的
海联讯遭二股东减持670万股,负面的
宝泰隆遭二股东减持670万股,负面的
海联讯第二大股东减持670万股,负面的
聚隆科技第二大股东减持670万股,负面的
飞天诚信控股股东计划减持不超750万股,负面的
天和防务控股股东计划减持不超750万股,负面的
飞天诚信控股股东计划减持不超750万股,负面的
改革A控股股东计划减持不超750万股,负面的
飞天诚信：实控人黄煜计划减持不超750万股,负面的
星星科技：实控人黄煜计划减持不超750万股,负面的
飞天诚信：实控人黄煜计划减持不超750万股,负面的
东音股份：实控人黄煜计划减持不超750万股,负面的
海波重科股东科华银赛计划减持不超102万股,负面的
久之洋股东科华银赛计划减持不超102万股,负面的
海波重科股东拟减持102万股公司股份,负面的
曙光股份股东拟减持102万股公司股份,负面的
建投能源副董事长韩国照涉嫌严重违纪,负面的
雅克科技副董事长韩国照涉嫌严重违纪,负面的
建投能源：副董事长韩国照涉嫌严重违纪 正接受组织审查,负面的
博时睿利：副董事长韩国照涉嫌严重违纪 正接受组织审查,负面的
涉嫌严重违纪 建投能源副董事长韩国照接受组织审查,负面的
涉嫌严重违纪 基金景福副董事长韩国照接受组织审查,负面的
*ST运盛：董事长张力等三高层辞职,负面的
*众合科技：董事长张力等三高层辞职,负面的
天汽模：暂未参与特斯拉在中国建厂事宜,负面的
海鸥卫浴：暂未参与特斯拉在中国建厂事宜,负面的
天汽模：未获知特斯拉中国建厂的具体进度,负面的
同丰B：未获知特斯拉中国建厂的具体进度,负面的
天和防务股东拟减持480万股公司股份,负面的
富控互动股东拟减持480万股公司股份,负面的
时代出版：中科大资产计划减持不超500万股,负面的
九安医疗：中科大资产计划减持不超500万股,负面的
时代出版：中科大资产计划减持不超500万股,负面的
益盛药业：中科大资产计划减持不超500万股,负面的
海联讯遭股东减持650万股公司股份,负面的
500原料遭股东减持650万股公司股份,负面的
终止资产重组 积成电子连续两日跌停,负面的
终止资产重组 联发股份连续两日跌停,负面的
桂林三金：总裁拟减持不超148万股,负面的
康恩贝：总裁拟减持不超148万股,负面的
龙蟒佰利：多位高管计划6个月内合计减持2.23%股份,负面的
朗姿股份：多位高管计划6个月内合计减持2.23%股份,负面的
龙蟒佰利：多位高管计划6个月内合计减持2.23%股份,负面的
*ST石化A：多位高管计划6个月内合计减持2.23%股份,负面的
*ST海润：股东杨怀进所持全部公司股份被司法冻结。,负面的
中药C：股东杨怀进所持全部公司股份被司法冻结。,负面的
掌趣科技：终止筹划重大事项，6月21日复牌,负面的
富通昭和：终止筹划重大事项，6月21日复牌,负面的
6月21日停复牌：掌趣科技终止重大资产重组事项6月21日起复牌,负面的
6月21日停复牌：福能股份终止重大资产重组事项6月21日起复牌,负面的
联络互动：因收购方案已调整不再构成重组，6月21日复牌,负面的
嘉实恒生：因收购方案已调整不再构成重组，6月21日复牌,负面的
*ST云网：未来三个月内不筹划资产重组等重大事项,负面的
市北B股：未来三个月内不筹划资产重组等重大事项,负面的
*ST云网：未来三个月内不筹划资产重组等重大事项,负面的
鲁阳节能：未来三个月内不筹划资产重组等重大事项,负面的
应流股份：交易对方提议终止重大资产重组，21日起停牌,负面的
广发添利：交易对方提议终止重大资产重组，21日起停牌,负面的
鲁信创投：子公司累计减持通裕重工2069.37万股,负面的
大西洋：子公司累计减持通裕重工2069.37万股,负面的
鲁信创投：子公司累计减持通裕重工2069.37万股,负面的
大洋电机：子公司累计减持通裕重工2069.37万股,负面的
百利科技：第三大股东计划减持672万股，占比3%,负面的
兰花科创：第三大股东计划减持672万股，占比3%,负面的
百利科技：第三大股东计划减持672万股占比3%,负面的
申万证券A：第三大股东计划减持672万股占比3%,负面的
信雅达：大股东计划减持不超800万股,负面的
中水渔业：大股东计划减持不超800万股,负面的
信雅达：大股东计划减持不超800万股,负面的
汇中股份：大股东计划减持不超800万股,负面的
电科院股东拟减持600万股公司股份,负面的
金盾股份股东拟减持600万股公司股份,负面的
雅戈尔：昆仑信托计划减持不超6%股份,负面的
大千生态：昆仑信托计划减持不超6%股份,负面的
雅戈尔：昆仑信托计划减持不超6%股份,负面的
鲁银投资：昆仑信托计划减持不超6%股份,负面的
广汽集团：董事长及副总经理拟减持不超13.67万股,负面的
天弘深成：董事长及副总经理拟减持不超13.67万股,负面的
南大光电股东计划减持不超过3%公司股份,负面的
江山股份股东计划减持不超过3%公司股份,负面的
金圆股份：股东计划减持不超920万股,负面的
京新药业：股东计划减持不超920万股,负面的
金圆股份：股东计划减持不超920万股,负面的
升达林业：股东计划减持不超920万股,负面的
塔牌集团：大股东拟减持2684万股，占总股本3%,负面的
会畅通讯：大股东拟减持2684万股，占总股本3%,负面的
塔牌集团：大股东拟6个月内减持不超3%股份,负面的
锡业股份：大股东拟6个月内减持不超3%股份,负面的
北斗星通：大股东拟减持至多2051万股，占总股本4%,负面的
中欧强债：大股东拟减持至多2051万股，占总股本4%,负面的
合力泰：实控人的一致行动人计划减持不超过总股本2.9%,负面的
金桥B股：实控人的一致行动人计划减持不超过总股本2.9%,负面的
合力泰：实控人一致行动人拟减持至多2.9%公司股份,负面的
顺发恒业：实控人一致行动人拟减持至多2.9%公司股份,负面的
合力泰实控人一致行动人拟减持至多2.9%公司股份,负面的
安洁科技实控人一致行动人拟减持至多2.9%公司股份,负面的
合力泰：实控人一致行动人拟3个月内减持不超2.9%股份,负面的
精华制药：实控人一致行动人拟3个月内减持不超2.9%股份,负面的
口子窖：公司监事计划减持不超过100万股,负面的
*ST佳电：公司监事计划减持不超过100万股,负面的
口子窖：监事拟减持不超100万股,负面的
森马服饰：监事拟减持不超100万股,负面的
申通地铁拟终止重组,负面的
中科云网拟终止重组,负面的
申通地铁拟终止重组,负面的
中国铝业拟终止重组,负面的
申通地铁终止重组 轨交上盖物业资产未能注入,负面的
柳钢股份终止重组 轨交上盖物业资产未能注入,负面的
上市公司晚间利空公告：申通地铁终止资产重组,负面的
上市公司晚间利空公告：太极集团终止资产重组,负面的
共达电声：控股股东所持807.05万股公司股份被司法冻结,负面的
新劲刚：控股股东所持807.05万股公司股份被司法冻结,负面的
通裕重工股东减持940.78万股公司股份,负面的
银华鑫瑞股东减持940.78万股公司股份,负面的
通裕重工股东减持940.78万股公司股份,负面的
转债A股东减持940.78万股公司股份,负面的
通裕重工股东减持940.78万股公司股份,负面的
大东海A股东减持940.78万股公司股份,负面的
口子窖：股东高盛拟清仓减持4093.74万股,负面的
中证500：股东高盛拟清仓减持4093.74万股,负面的
口子窖：股东高盛拟清仓减持4093.74万股 占比6.82%,负面的
神思电子：股东高盛拟清仓减持4093.74万股 占比6.82%,负面的
朗玛信息股东计划减持200万股公司股份,负面的
三圣股份股东计划减持200万股公司股份,负面的
朗玛信息：股东靳国文拟减持不超200万股,负面的
天华超净：股东靳国文拟减持不超200万股,负面的
华钰矿业二股东计划减持不超3120万股,负面的
宁夏建材二股东计划减持不超3120万股,负面的
华钰矿业二股东计划减持不超3120万股,负面的
中电鑫龙二股东计划减持不超3120万股,负面的
金达威：中牧股份计划减持不超1100万股,负面的
乐凯胶片：中牧股份计划减持不超1100万股,负面的
金达威：中牧股份计划减持不超1100万股,负面的
神力股份：中牧股份计划减持不超1100万股,负面的
金达威股东中牧股份计划减持不超过1100万股,负面的
环保A级股东中牧股份计划减持不超过1100万股,负面的
绿盟科技遭股东减持1010万股,负面的
中国中铁遭股东减持1010万股,负面的
绿盟科技遭股东减持1010万股,负面的
东方锅炉遭股东减持1010万股,负面的
绿盟科技：雷岩投资减持1010万股 仍为持股5%以上股东,负面的
金鹰500B：雷岩投资减持1010万股 仍为持股5%以上股东,负面的
齐峰新材拟终止非公开发行股票事项,负面的
中兵红箭拟终止非公开发行股票事项,负面的
海螺水泥：股东计划减持不超过5000万股,负面的
天齐锂业：股东计划减持不超过5000万股,负面的
海螺水泥：股东计划减持不超过5000万股,负面的
鑫科材料：股东计划减持不超过5000万股,负面的
涪陵榨菜股东北京一建计划减持2000万股,负面的
保税科技股东北京一建计划减持2000万股,负面的
依米康股东上海亨升累计减持430万股 完成减持计划,负面的
三环集团股东上海亨升累计减持430万股 完成减持计划,负面的
依米康股东上海亨升累计减持430万股 完成减持计划,负面的
香港小盘股东上海亨升累计减持430万股 完成减持计划,负面的
依米康股东上海亨升累计减持430万股 完成减持计划,负面的
健康B股东上海亨升累计减持430万股 完成减持计划,负面的
北斗星通终止筹划重大事项 14日起复牌,负面的
至纯科技终止筹划重大事项 14日起复牌,负面的
北斗星通终止筹划重大事项 14日起复牌,负面的
远方光电终止筹划重大事项 14日起复牌,负面的
深深房A继续停牌不超过1个月,负面的
栋梁新材继续停牌不超过1个月,负面的
新疆众和拟终止重组事项,负面的
渤海金控拟终止重组事项,负面的
新疆众和拟终止重组事项,负面的
德宏股份拟终止重组事项,负面的
浩丰科技股东张明哲计划减持280.9万股,负面的
兰州民百股东张明哲计划减持280.9万股,负面的
浩丰科技股东张明哲计划减持280.9万股,负面的
广电电气股东张明哲计划减持280.9万股,负面的
浩丰科技股东张明哲计划减持280.9万股,负面的
甘肃电投股东张明哲计划减持280.9万股,负面的
*ST云网：控股股东孟凯所持1.8亿股遭轮候冻结,负面的
金龙汽车：控股股东孟凯所持1.8亿股遭轮候冻结,负面的
金路集团：公司实控人遭证监会立案调查,负面的
证券股A：公司实控人遭证监会立案调查,负面的
金路集团：公司实控人遭证监会立案调查,负面的
徐家汇：公司实控人遭证监会立案调查,负面的
远兴能源：控股股东违规买卖公司股票,负面的
瑞和小康：控股股东违规买卖公司股票,负面的
远兴能源：控股股东违规买卖公司股票,负面的
绿盟科技：控股股东违规买卖公司股票,负面的
远兴能源控股股东短线交易 收益74元上缴,负面的
鼎龙股份控股股东短线交易 收益74元上缴,负面的
浙江东日：重组未过会6月2日复牌,负面的
杭汽轮B：重组未过会6月2日复牌,负面的
重组被否 浙江东日跌停,负面的
重组被否 石化机械跌停,负面的
鹏起科技：免去公司总经理许明景职务,负面的
宝胜股份：免去公司总经理许明景职务,负面的
亿晶光电：控股权交易或生变,负面的
钾肥JFP1：控股权交易或生变,负面的
华联综超：在雄安新区没有开展相关业务,负面的
华宝油气：在雄安新区没有开展相关业务,负面的
华联综超：在雄安新区没有开展相关业务,负面的
海量数据：在雄安新区没有开展相关业务,负面的
华联综超三个交易日涨近30% 未在雄安新区开展相关业务,负面的
南国置业三个交易日涨近30% 未在雄安新区开展相关业务,负面的
多喜爱控股股东质押部分股份触及警戒线 2日起停牌,负面的
新亚制程控股股东质押部分股份触及警戒线 2日起停牌,负面的
川金诺股东昊天投资拟减持不超50万股,负面的
焦点科技股东昊天投资拟减持不超50万股,负面的
川金诺股东昊天投资拟减持不超50万股,负面的
长春高新股东昊天投资拟减持不超50万股,负面的
思美传媒股东陈静波计划减持34.25万股,负面的
银华鑫盛股东陈静波计划减持34.25万股,负面的
涪陵榨菜监事会主席计划减持73万股,负面的
大族激光监事会主席计划减持73万股,负面的
涪陵榨菜监事会主席肖大波拟减持近73万股,负面的
安纳达监事会主席肖大波拟减持近73万股,负面的
神州信息股东计划减持不超1%股份,负面的
坤彩科技股东计划减持不超1%股份,负面的
三聚环保回应媒体质疑称公司及董监高与下游客户不存在关联关系,负面的
潞安环能回应媒体质疑称公司及董监高与下游客户不存在关联关系,负面的
三聚环保澄清：公司及董监高与下游客户不存在关联关系,负面的
平高电气澄清：公司及董监高与下游客户不存在关联关系,负面的
长江电力17.6亿股限售股6月7日解禁,负面的
0501R09117.6亿股限售股6月7日解禁,负面的
长江电力：17.6亿股限售股6月7日解禁 占总股本8%,负面的
大连友谊：17.6亿股限售股6月7日解禁 占总股本8%,负面的
长江电力：17.6亿股限售股6月7日解禁 占总股本8％,负面的
普邦股份：17.6亿股限售股6月7日解禁 占总股本8％,负面的
天目药业：重组拟收购海南伊顺药业,负面的
上50B：重组拟收购海南伊顺药业,负面的
天目药业公布重组标的：时隔半年后欲再购海南伊顺,负面的
银河磁体公布重组标的：时隔半年后欲再购海南伊顺,负面的
富邦股份股东新加坡NORTHLAND拟减持不超380万股。,负面的
金龙机电股东新加坡NORTHLAND拟减持不超380万股。,负面的
富邦股份股东新加坡NORTHLAND拟减持不超380万股,负面的
拉芳家化股东新加坡NORTHLAND拟减持不超380万股,负面的
建投能源：控股股东减持1%股份,负面的
广电电气：控股股东减持1%股份,负面的
深天地A股东计划减持4.51%股份,负面的
鹭燕医药股东计划减持4.51%股份,负面的
梅花生物股东遭立案调查,负面的
中证地产股东遭立案调查,负面的
方直科技终止筹划重大资产重组 26日起复牌,负面的
庞大集团终止筹划重大资产重组 26日起复牌,负面的
方直科技终止筹划重大资产重组 26日起复牌,负面的
大秦铁路终止筹划重大资产重组 26日起复牌,负面的
方直科技：终止重大资产重组 明起复牌,负面的
中颖电子：终止重大资产重组 明起复牌,负面的
中原证券遭河南监管局监管,负面的
香溢融通遭河南监管局监管,负面的
中原证券：因业务合规管理存漏洞遭河南证监局监管,负面的
华鼎锦纶：因业务合规管理存漏洞遭河南证监局监管,负面的
松发股份拟终止重大资产重组,负面的
申赎现金拟终止重大资产重组,负面的
松发股份拟终止重大资产重组,负面的
天通股份拟终止重大资产重组,负面的
达威股份：终止重大资产重组,负面的
永艺股份：终止重大资产重组,负面的
方直科技：拟终止重大资产重组,负面的
华宝油气：拟终止重大资产重组,负面的
方直科技：拟终止重大资产重组,负面的
合润A：拟终止重大资产重组,负面的
方直科技终止重大资产重组 明起复牌,负面的
群兴玩具终止重大资产重组 明起复牌,负面的
*ST运盛：哲珲金融及法人违反承诺，隐瞒与快鹿集团关联,负面的
*日出东方：哲珲金融及法人违反承诺，隐瞒与快鹿集团关联,负面的
双象股份：终止非公开发行事项,负面的
东方电缆：终止非公开发行事项,负面的
双象股份终止非公开发行股票事项,负面的
莲花健康终止非公开发行股票事项,负面的
环保批文“被卡” 双象股份定增无果而终,负面的
环保批文“被卡” 复星医药定增无果而终,负面的
东方国信：终止重大资产重组,负面的
航天机电：终止重大资产重组,负面的
邦宝益智：终止重大资产重组,负面的
富国天锋：终止重大资产重组,负面的
邦宝益智拟终止重组,负面的
英特集团拟终止重组,负面的
双箭股份：终止筹划重大事项，股票复牌,负面的
英洛华：终止筹划重大事项，股票复牌,负面的
双箭股份终止筹划重大收购事项 23日起复牌,负面的
红蜻蜓终止筹划重大收购事项 23日起复牌,负面的
银宝山新：股东力合创赢累计减持883.8万股,负面的
利达光电：股东力合创赢累计减持883.8万股,负面的
阳光股份：股东北国投清仓减持近3665万股，占总股本4.89%,负面的
明星电力：股东北国投清仓减持近3665万股，占总股本4.89%,负面的
时代万恒：股东张允三拟减持公司约1%股权,负面的
凤竹纺织：股东张允三拟减持公司约1%股权,负面的
贾跃亭辞任乐视网总经理、仍任董事长 梁军接任总经理,负面的
贾跃亭辞任博通股份总经理、仍任董事长 梁军接任总经理,负面的
中联重科拟116亿元出售旗下环境产业公司80%股权,负面的
同大股份拟116亿元出售旗下环境产业公司80%股权,负面的
*ST云网：控股股东孟凯及董事陈继解除一致行动人协议,负面的
东方集团：控股股东孟凯及董事陈继解除一致行动人协议,负面的
中化国际：目前并没有和阿里云合作的事项,负面的
新赛股份：目前并没有和阿里云合作的事项,负面的
中化国际：目前并没有和阿里云合作的事项,负面的
银行B端：目前并没有和阿里云合作的事项,负面的
汉钟精机遭股东CAPITAL公司减持730万股,负面的
市北B股遭股东CAPITAL公司减持730万股,负面的
汉钟精机遭股东CAPITAL公司减持730万股,负面的
海油工程遭股东CAPITAL公司减持730万股,负面的
*ST昌九：股价已严重偏离经营情况,负面的
*中小300：股价已严重偏离经营情况,负面的
栖霞建设：终止筹划重大事项5月19日复牌,负面的
利欧股份：终止筹划重大事项5月19日复牌,负面的
麦趣尔终止2016年度非公开发行股票事项,负面的
三维丝终止2016年度非公开发行股票事项,负面的
深圳华强：在雄安新区尚未开展任何业务,负面的
凤形股份：在雄安新区尚未开展任何业务,负面的
深圳华强异动公告：公司目前在雄安新区尚未开展任何业务,负面的
金融行业异动公告：公司目前在雄安新区尚未开展任何业务,负面的
千禾味业：股东计划减持不超7.68%股份,负面的
500原料：股东计划减持不超7.68%股份,负面的
千禾味业：股东计划减持不超7.68%股份,负面的
中证地产：股东计划减持不超7.68%股份,负面的
辉煌科技：红塔资产合计减持逾1609万股,负面的
华英农业：红塔资产合计减持逾1609万股,负面的
辉煌科技：红塔资产合计减持逾1609万股,负面的
农业精选：红塔资产合计减持逾1609万股,负面的
山东黄金拟终止定增收购阿根廷金矿,负面的
中关村拟终止定增收购阿根廷金矿,负面的
世联行终止非公开发行A股股票事项,负面的
0601R091终止非公开发行A股股票事项,负面的
世联行终止非公开发行A股股票事项,负面的
同兴达终止非公开发行A股股票事项,负面的
尔康制药：湖南证监局派出核查小组进场核查,负面的
500等权：湖南证监局派出核查小组进场核查,负面的
通达股份股东曲洪普终止475万股减持计划,负面的
顺鑫农业股东曲洪普终止475万股减持计划,负面的
大金重工遭实控人减持258万股,负面的
福耀玻璃遭实控人减持258万股,负面的
大金重工遭实控人减持258万股,负面的
杰瑞股份遭实控人减持258万股,负面的
金洲管道：下属公司富贵金洲因涉嫌内幕交易被查,负面的
劲嘉股份：下属公司富贵金洲因涉嫌内幕交易被查,负面的
金洲管道子公司涉嫌内幕交易被立案调查,负面的
伊利股份子公司涉嫌内幕交易被立案调查,负面的
金洲管道子公司涉嫌内幕交易遭证监会立案调查,负面的
润欣科技子公司涉嫌内幕交易遭证监会立案调查,负面的
*ST众和实控人涉嫌合同诈骗罪被逮捕,负面的
互联A实控人涉嫌合同诈骗罪被逮捕,负面的
*ST众和：实控人许建成涉嫌合同诈骗被逮捕,负面的
中山公用：实控人许建成涉嫌合同诈骗被逮捕,负面的
涉嫌合同诈骗 *ST众和实控人被警方逮捕,负面的
涉嫌合同诈骗 恒康医疗实控人被警方逮捕,负面的
兔宝宝控股股东计划减持不超1656万股,负面的
海王生物控股股东计划减持不超1656万股,负面的
井神股份股东拟减持500万股公司股份,负面的
歌华有线股东拟减持500万股公司股份,负面的
金雷风电两股东计划减持不超1200万股,负面的
工银资源两股东计划减持不超1200万股,负面的
乐视网高管及核心骨干3亿元增持计划顺延,负面的
宁波联合高管及核心骨干3亿元增持计划顺延,负面的
东北证券：被责令暂停代销金融产品业务6个月,负面的
双债A：被责令暂停代销金融产品业务6个月,负面的
东北证券被责令暂停开展代销金融产品业务6个月,负面的
益佰制药被责令暂停开展代销金融产品业务6个月,负面的
东北证券被责令暂停开展代销金融产品业务6个月,负面的
万里扬被责令暂停开展代销金融产品业务6个月,负面的
汇鸿集团：董事长唐国海涉嫌严重违纪被查,负面的
亿晶光电：董事长唐国海涉嫌严重违纪被查,负面的
汇鸿集团：董事长唐国海涉嫌违纪接受组织调查,负面的
道明光学：董事长唐国海涉嫌违纪接受组织调查,负面的
世嘉科技两股东拟合计减持不超6.75%股份,负面的
东诚药业两股东拟合计减持不超6.75%股份,负面的
世嘉科技两股东拟合计减持不超6.75%股份,负面的
金字火腿两股东拟合计减持不超6.75%股份,负面的
恒华科技遭股东泽润投资减持176万股,负面的
欢瑞世纪遭股东泽润投资减持176万股,负面的
中飞股份股东高新投资拟减持不超180万股,负面的
南纺股份股东高新投资拟减持不超180万股,负面的
中飞股份股东高新投资拟减持不超180万股,负面的
仙坛股份股东高新投资拟减持不超180万股,负面的
润欣科技遭股东欣胜投资减持350万股,负面的
华信国际遭股东欣胜投资减持350万股,负面的
电科院实控人计划减持不超1600万股,负面的
三一重工实控人计划减持不超1600万股,负面的
电科院实控人计划减持不超1600万股,负面的
精测电子实控人计划减持不超1600万股,负面的
电科院：两实控人齐抛减持计划 胡醇拟减持不超2.11%,负面的
万盛股份：两实控人齐抛减持计划 胡醇拟减持不超2.11%,负面的
电科院：两实控人齐抛减持计划  胡醇拟减持不超2.11%,负面的
券商B级：两实控人齐抛减持计划  胡醇拟减持不超2.11%,负面的
浩丰科技遭股东孟丽平减持250万股,负面的
万里股份遭股东孟丽平减持250万股,负面的
金力泰：纳路香港减持590万股 持股降至4.99%,负面的
银华信用：纳路香港减持590万股 持股降至4.99%,负面的
巨力索具：实控人5月2日减持1065万股,负面的
华统股份：实控人5月2日减持1065万股,负面的
巨力索具：实控人5月2日减持1065万股,负面的
攀渝钛业：实控人5月2日减持1065万股,负面的
万里石遭股东上海祥禾清仓减持7.13%股份,负面的
融捷股份遭股东上海祥禾清仓减持7.13%股份,负面的
万里石遭股东上海祥禾清仓减持7.13%股份,负面的
钢研高纳遭股东上海祥禾清仓减持7.13%股份,负面的
新华百货：10转8提案未获通过,负面的
云投生态：10转8提案未获通过,负面的
新华百货：上海宝银提议10转8  董事会及控股股东反对,负面的
上海家化：上海宝银提议10转8  董事会及控股股东反对,负面的
庞大集团：被证监会立案调查,负面的
深成长：被证监会立案调查,负面的
 庞大集团被证监会立案调查 因涉嫌违反证券法规,负面的
 申万债券被证监会立案调查 因涉嫌违反证券法规,负面的
金力泰：遭股东减持1160万股,负面的
荣晟环保：遭股东减持1160万股,负面的
金力泰遭股东减持1160万股,负面的
能科股份遭股东减持1160万股,负面的
锦龙股份：因被起诉终止定增,负面的
鲁西化工：因被起诉终止定增,负面的
锦龙股份：受公司涉嫌行贿案影响 东莞证券中止IPO,负面的
三棵树：受公司涉嫌行贿案影响 东莞证券中止IPO,负面的
冀东装备：股东唐山国资运营公司合计减持超4.98%股份,负面的
京天利：股东唐山国资运营公司合计减持超4.98%股份,负面的
易华录终止重大资产重组事项 28日起复牌,负面的
莱茵体育终止重大资产重组事项 28日起复牌,负面的
易华录终止重大资产重组事项 28日起复牌,负面的
*ST天首终止重大资产重组事项 28日起复牌,负面的
易华录：终止重大资产重组 28日复牌,负面的
宋都股份：终止重大资产重组 28日复牌,负面的
易华录终止重大资产重组 复牌跌停,负面的
扬农化工终止重大资产重组 复牌跌停,负面的
伊利股份终止收购中国圣牧，28日起复牌,负面的
ST生化终止收购中国圣牧，28日起复牌,负面的
青龙管业董事长、副董事长减持公司股票,负面的
华谊B股董事长、副董事长减持公司股票,负面的
安通控股：遭股东减持逾3600万股,负面的
智云股份：遭股东减持逾3600万股,负面的
安通控股遭股东减持逾3600万股,负面的
庞大集团遭股东减持逾3600万股,负面的
天成控股2016年业绩由预盈转预亏,负面的
中文在线2016年业绩由预盈转预亏,负面的
罗平锌电：控股股东信披违规被公开谴责,负面的
鹏华添利：控股股东信披违规被公开谴责,负面的
驰宏锌锗：股东拟减持不超3000万股,负面的
双汇发展：股东拟减持不超3000万股,负面的
汉邦高科：股东刘海斌减持296万股，占比2.05%,负面的
杭氧股份：股东刘海斌减持296万股，占比2.05%,负面的
汉邦高科：股东刘海斌减持296万股 占比2.05%,负面的
国富100B：股东刘海斌减持296万股 占比2.05%,负面的
华远地产：首创阳光拟减持最多3900万股,负面的
格林美：首创阳光拟减持最多3900万股,负面的
雪莱特：因资本市场变化终止定增,负面的
龙星化工：因资本市场变化终止定增,负面的
紫光股份：终止筹划重大资产重组，20日起复牌,负面的
券商ETF：终止筹划重大资产重组，20日起复牌,负面的
华明装备：终止重组4月20日复牌,负面的
中原环保：终止重组4月20日复牌,负面的
华明装备终止筹划重大资产重组 20日起复牌,负面的
天马精化终止筹划重大资产重组 20日起复牌,负面的
中国一重：4月21日起实施退市风险警示，4月20日停牌一天,负面的
皖江物流：4月21日起实施退市风险警示，4月20日停牌一天,负面的
郑州煤电：4月19日起披星戴帽,负面的
金风科技：4月19日起披星戴帽,负面的
东北制药遭二股东减持359万股,负面的
PT水仙B遭二股东减持359万股,负面的
东北制药遭二股东减持359万股,负面的
*ST商城遭二股东减持359万股,负面的
东北制药：第二大股东中国华融减持359万股,负面的
滨江集团：第二大股东中国华融减持359万股,负面的
王子新材：终止重组4月18日召开投资者说明会,负面的
智慧能源：终止重组4月18日召开投资者说明会,负面的
标的拒不配合尽调致重组流产？ 王子新材董事长：保留追究违约责任权利,负面的
标的拒不配合尽调致重组流产？ 中欧信用董事长：保留追究违约责任权利,负面的
韩建河山：终止定增4月19日召开投资者说明会,负面的
凯恩股份：终止定增4月19日召开投资者说明会,负面的
久立特材：终止非公开发行股票事宜,负面的
大立科技：终止非公开发行股票事宜,负面的
久立特材终止定增事项 拟发行10.4亿元可转债,负面的
烽火通信终止定增事项 拟发行10.4亿元可转债,负面的
新奥股份：终止非公开发行，拟配股募资24亿,负面的
科新机电：终止非公开发行，拟配股募资24亿,负面的
新华网：拟10送10转5收到问询函，18日起停牌,负面的
信用B：拟10送10转5收到问询函，18日起停牌,负面的
新华网股票今日停牌 上交所问询其分红预案,负面的
国星光电股票今日停牌 上交所问询其分红预案,负面的
力生制药拟终止子公司吸并及新版GMP升级改造项目,负面的
基金天华拟终止子公司吸并及新版GMP升级改造项目,负面的
力生制药：终止子公司吸并及新版GMP升级改造项目,负面的
西泵股份：终止子公司吸并及新版GMP升级改造项目,负面的
皖通科技遭实控人减持近3%股份,负面的
金瑞矿业遭实控人减持近3%股份,负面的
2016年江阴银行营业收入、净利润双降,负面的
2016年金杯电工营业收入、净利润双降,负面的
首份银行业年报出炉 江阴银行营收净利双降,负面的
首份银行业年报出炉 华建集团营收净利双降,负面的
华西股份终止非公开发行事项,负面的
万科A终止非公开发行事项,负面的
华西股份终止非公开发行事项,负面的
基金泰和终止非公开发行事项,负面的
华西股份：与稠州银行协商终止定增 ,负面的
中体产业：与稠州银行协商终止定增 ,负面的
南华仪器遭国泽资本清仓减持6.37%股份,负面的
阿胶EJC1遭国泽资本清仓减持6.37%股份,负面的
南华仪器：国泽资本清仓减持6.37%公司股份,负面的
兔宝宝：国泽资本清仓减持6.37%公司股份,负面的
粤泰股份：粤泰控股累计减持9152万股 大股东变更为城启集团,负面的
数字认证：粤泰控股累计减持9152万股 大股东变更为城启集团,负面的
粤泰股份：粤泰控股累计减持9152万股 大股东变更为城启集团,负面的
美亚光电：粤泰控股累计减持9152万股 大股东变更为城启集团,负面的
江淮汽车遭股东减持824.85万股,负面的
麦格米特遭股东减持824.85万股,负面的
佳电股份遭股东减持2718万股,负面的
南京化纤遭股东减持2718万股,负面的
吉比特收到上交所问询函,负面的
恒大高新收到上交所问询函,负面的
吉比特盘中大跌5.35% 交易所问询函成“照妖镜”？,负面的
众生药业盘中大跌5.35% 交易所问询函成“照妖镜”？,负面的
秀强股份：实控人减持2989万股  占比5%,负面的
消费行业：实控人减持2989万股  占比5%,负面的
创力集团：三股东拟合计减持不超1000万股,负面的
东方国信：三股东拟合计减持不超1000万股,负面的
苏宁环球：终止2.08亿购医疗美容医院 或借并购基金推进,负面的
国投丝路：终止2.08亿购医疗美容医院 或借并购基金推进,负面的
苏宁环球：终止2.08亿购美容医院 或借并购基金推进,负面的
宁波联合：终止2.08亿购美容医院 或借并购基金推进,负面的
华锋股份：终止收购北京理工华创电动车技术有限公司100%股权,负面的
央企申赎：终止收购北京理工华创电动车技术有限公司100%股权,负面的
九洲电气并购重组未获通过  10日起复牌,负面的
东方财富并购重组未获通过  10日起复牌,负面的
定增方案被证监会否决 九洲电气延伸产业链遇阻,负面的
定增方案被证监会否决 万顺股份延伸产业链遇阻,负面的
多喜爱终止重大资产重组并继续停牌,负面的
金诚信终止重大资产重组并继续停牌,负面的
宁波富邦拟终止重大资产重组,负面的
阳普医疗拟终止重大资产重组,负面的
莎普爱思股东计划减持不超过300万股,负面的
南华仪器股东计划减持不超过300万股,负面的
天创时尚：两股东计划合计减持不超5.97%股份,负面的
国泰黄金：两股东计划合计减持不超5.97%股份,负面的
天创时尚：两股东计划合计减持不超5.97%股份,负面的
欣天科技：两股东计划合计减持不超5.97%股份,负面的
美亚柏科遭控股股东减持150万股,负面的
国债ETF遭控股股东减持150万股,负面的
万盛股份股东伟星创投减持321万股,负面的
*ST八钢股东伟星创投减持321万股,负面的
海澜之家股东国星集团累计减持1.59%股权,负面的
高铁B股东国星集团累计减持1.59%股权,负面的
海澜之家股东国星集团累计减持1.59%股权,负面的
财通福享股东国星集团累计减持1.59%股权,负面的
正常水晶光电控股股东违规减持66万股,负面的
正常穗恒运A控股股东违规减持66万股,负面的
富瑞特装遭股东减持560万股,负面的
片仔癀遭股东减持560万股,负面的
哈尔斯控股股东拟减持不超过1300万股,负面的
贵糖股份控股股东拟减持不超过1300万股,负面的
哈尔斯控股股东拟减持不超过1300万股,负面的
奥赛康控股股东拟减持不超过1300万股,负面的
仙坛股份股东减持300万股,负面的
腾龙股份股东减持300万股,负面的
仙坛股份两股东完成减持计划 合计减持300万股,负面的
榕基软件两股东完成减持计划 合计减持300万股,负面的
信威集团股东王庆辉减持1000万股,负面的
新能B股东王庆辉减持1000万股,负面的
万盛股份股东拟减持不超4.5%股份,负面的
带路A股东拟减持不超4.5%股份,负面的
万盛股份股东伟星创投拟减持公司至多4.5%股份,负面的
一汽夏利股东伟星创投拟减持公司至多4.5%股份,负面的
醋化股份股东拟减持不超4.16%股份,负面的
银华H股股东拟减持不超4.16%股份,负面的
凯瑞德转让子公司股权未及时披露被监管,负面的
赣能股份转让子公司股权未及时披露被监管,负面的
凯瑞德转让子公司股权未及时披露被监管,负面的
广百股份转让子公司股权未及时披露被监管,负面的
栖霞建设终止收购河北银行少数股权,负面的
科士达终止收购河北银行少数股权,负面的
栖霞建设终止重组收购河北银行股权,负面的
新界泵业终止重组收购河北银行股权,负面的
深交所对金亚科技及相关当事人给予公开谴责处分,负面的
深交所对银华H股及相关当事人给予公开谴责处分,负面的
同花顺：股票存在被实施暂停上市风险,负面的
可选消费：股票存在被实施暂停上市风险,负面的
红星发展股价异常波动 18日起停牌核查,负面的
三诺生物股价异常波动 18日起停牌核查,负面的
莱茵体育控股股东一致行动人减持1800万股,负面的
法尔胜控股股东一致行动人减持1800万股,负面的
北玻股份实控人及董监高拟减持不超3500万股,负面的
恒星科技实控人及董监高拟减持不超3500万股,负面的
海利生物二股东减持5%股份,负面的
富国天惠二股东减持5%股份,负面的
冀东水泥：一季度业绩预亏7.8亿至8.8亿元,负面的
宝钢股份：一季度业绩预亏7.8亿至8.8亿元,负面的
冀东水泥一季度业绩预亏7.8亿至8.8亿元,负面的
中金岭南一季度业绩预亏7.8亿至8.8亿元,负面的
华菱钢铁：一季度预亏7.5亿至8.5亿元,负面的
银轮股份：一季度预亏7.5亿至8.5亿元,负面的
华菱钢铁一季度预亏7.5亿至8.5亿元 业绩环比改善明显,负面的
云意电气一季度预亏7.5亿至8.5亿元 业绩环比改善明显,负面的
华菱钢铁一季度预亏7.5亿至8.5亿元 业绩环比改善明显,负面的
上海梅林一季度预亏7.5亿至8.5亿元 业绩环比改善明显,负面的
鞍钢股份：一季度预亏约6.15亿,负面的
奥马电器：一季度预亏约6.15亿,负面的
太钢不锈：一季度净利润预亏逾5亿元,负面的
复星医药：一季度净利润预亏逾5亿元,负面的
神火股份一季度预盈4亿至4.5亿元,负面的
中天能源一季度预盈4亿至4.5亿元,负面的
一汽轿车：一季度净利润预亏逾4亿元,负面的
医药基金：一季度净利润预亏逾4亿元,负面的
一汽轿车一季度净利润预亏逾4亿元,负面的
申通地铁一季度净利润预亏逾4亿元,负面的
巨轮智能：股东郑明略减持2500万股，占公司总股本的3.41%,负面的
五粮液：股东郑明略减持2500万股，占公司总股本的3.41%,负面的
巨轮智能股东郑明略减持2500万股,负面的
福建金森股东郑明略减持2500万股,负面的
潞安环能：终止筹划资产重组事项,负面的
航天科技：终止筹划资产重组事项,负面的
潞安环能终止筹划资产重组事项 15日复牌,负面的
300地产B终止筹划资产重组事项 15日复牌,负面的
诺德股份终止筹划重大事项,负面的
华泰股份终止筹划重大事项,负面的
诺德股份终止筹划重大事项 14日复牌,负面的
蓝科高新终止筹划重大事项 14日复牌,负面的
中粮生化2015年净利亏损超14亿元,负面的
攀渝钛业2015年净利亏损超14亿元,负面的
中粮生化2015年净利亏损超14亿元,负面的
万向钱潮2015年净利亏损超14亿元,负面的
中粮生化2015年净利亏损超14亿元,负面的
凯乐科技2015年净利亏损超14亿元,负面的
京蓝科技一季度预亏475万元-712万元,负面的
海创B股一季度预亏475万元-712万元,负面的
佳电股份一季度预亏2800万元至3100万元,负面的
国电南自一季度预亏2800万元至3100万元,负面的
龙韵股份股东拟减持不超275万股,负面的
浦东金桥股东拟减持不超275万股,负面的
亚夏汽车遭股东减持500万股,负面的
大庆华科遭股东减持500万股,负面的
久联发展预计一季度净利同比由盈转亏,负面的
上港集团预计一季度净利同比由盈转亏,负面的
南宁糖业预计一季度亏损1.1亿-1.2亿,负面的
上实医药预计一季度亏损1.1亿-1.2亿,负面的
江苏神通2015年净利同比降近七成,负面的
劲嘉股份2015年净利同比降近七成,负面的
共达电声遭股东减持1672万股,负面的
潮宏基遭股东减持1672万股,负面的
风范股份终止重大资产重组事项,负面的
瑞和小康终止重大资产重组事项,负面的
风范股份终止筹划重大资产重组事项,负面的
美菱电器终止筹划重大资产重组事项,负面的
特力A控股股东拟减持不超2%股份,负面的
山东高速控股股东拟减持不超2%股份,负面的
嘉化能源8名股东拟减持不超1.65亿股,负面的
浙商进取8名股东拟减持不超1.65亿股,负面的
天沃科技：技控股股东拟减持不超7000万股,负面的
华贸物流：技控股股东拟减持不超7000万股,负面的
鹭燕医药：旗下两家子公司收到立案通知书,负面的
华夏快线：旗下两家子公司收到立案通知书,负面的
强力新材股东宏景睿银拟清仓,负面的
红利ETF股东宏景睿银拟清仓,负面的
南纺股份因证券虚假陈述再涉诉,负面的
龙头股份因证券虚假陈述再涉诉,负面的
南纺股份因证券虚假陈述再涉诉,负面的
中银中国因证券虚假陈述再涉诉,负面的
爱建集团终止重大资产重组事项,负面的
S*ST托普终止重大资产重组事项,负面的
道氏技术股东拟减持300万股,负面的
明星电力股东拟减持300万股,负面的
大商股份去年净利降46%,负面的
新洋丰去年净利降46%,负面的
软控股份一季度预亏,负面的
五洲交通一季度预亏,负面的
*ST新梅4月8日起股票暂停上市,负面的
*煤炭A级4月8日起股票暂停上市,负面的
*ST新梅：4月8日起股票暂停上市,负面的
*新湖创业：4月8日起股票暂停上市,负面的
银座股份：终止重组4月1日复牌,负面的
华域汽车：终止重组4月1日复牌,负面的
银座股份终止重大资产重组 4月1日复牌,负面的
*ST新集终止重大资产重组 4月1日复牌,负面的
银座股份终止重大资产重组事项 4月1日复牌,负面的
兴森科技终止重大资产重组事项 4月1日复牌,负面的
银座股份终止重大资产重组事项 4月1日复牌,负面的
大名城终止重大资产重组事项 4月1日复牌,负面的
深南电A连续两年净利亏损 4月5日起“戴帽”,负面的
贝肯能源连续两年净利亏损 4月5日起“戴帽”,负面的
东方网络遭股东减持近800万股,负面的
乾照光电遭股东减持近800万股,负面的
东方网络股东上海圣熙减持近800万股,负面的
郴电国际股东上海圣熙减持近800万股,负面的
东方网络股东上海圣熙减持近800万股,负面的
太安堂股东上海圣熙减持近800万股,负面的
中金岭南2015年净利同比降57.26%,负面的
超图软件2015年净利同比降57.26%,负面的
云南铜业2015年净利同比降逾六成,负面的
澳柯玛2015年净利同比降逾六成,负面的
马钢股份去年净利亏损48.04亿元,负面的
金贵银业去年净利亏损48.04亿元,负面的
朗玛信息终止10亿元定增事项,负面的
海通证券终止10亿元定增事项,负面的
朗玛信息终止10亿元定增事项,负面的
步长制药终止10亿元定增事项,负面的
朗玛信息因综合考虑 终止10亿元定增计划,负面的
利君股份因综合考虑 终止10亿元定增计划,负面的
中海油服去年净利下滑86% 拟每股派0.068元,负面的
信息A去年净利下滑86% 拟每股派0.068元,负面的
中恒集团去年净利同比下降67.38%,负面的
法兰泰克去年净利同比下降67.38%,负面的
风华高科2015年净利降34.43%,负面的
中银产债2015年净利降34.43%,负面的
力星股份遭股东大宗交易减持200万股,负面的
华海药业遭股东大宗交易减持200万股,负面的
力星股份股东刘定妹减持200万股,负面的
科伦药业股东刘定妹减持200万股,负面的
皖通科技遭实控人减持360万股,负面的
烽火电子遭实控人减持360万股,负面的
皖通科技实控人杨世宁减持360万股,负面的
龙建股份实控人杨世宁减持360万股,负面的
鼎捷软件：预计2016年一季度净利润亏损500万元-1000万元,负面的
日上集团：预计2016年一季度净利润亏损500万元-1000万元,负面的
佛山照明去年利降八成 投资者索赔事件影响,负面的
江南高纤去年利降八成 投资者索赔事件影响,负面的
德豪润达：撤回2015年度非公开发行股票申请文件,负面的
首商股份：撤回2015年度非公开发行股票申请文件,负面的
中水渔业：撤回重组申请文件,负面的
美邦服饰：撤回重组申请文件,负面的
沧州大化：25日起披星戴帽,负面的
营口港：25日起披星戴帽,负面的
鹭燕医药：子公司业务员张勇涉非法经营疫苗案被查,负面的
香江控股：子公司业务员张勇涉非法经营疫苗案被查,负面的
黑芝麻：终止发行股份购买资产事宜24日复牌,负面的
S*ST金荔：终止发行股份购买资产事宜24日复牌,负面的
掌趣科技遭股东大宗交易减持1000万股,负面的
申万证券A遭股东大宗交易减持1000万股,负面的
掌趣科技股东叶颖涛减持1000万股,负面的
互联医疗股东叶颖涛减持1000万股,负面的
富瑞特装董事长减持350万股,负面的
华升股份董事长减持350万股,负面的
富瑞特装董事长减持350万股,负面的
互联A级董事长减持350万股,负面的
富瑞特装董事长减持350万股,负面的
ST亚太董事长减持350万股,负面的
上海领锐拟减持龙韵股份不超250万股,负面的
上海领锐拟减持大摩资源不超250万股,负面的
龙韵股份股东上海领锐拟减持至多250万股,负面的
新和成股东上海领锐拟减持至多250万股,负面的
黄河旋风股东上银基金减持2100万股,负面的
汉商集团股东上银基金减持2100万股,负面的
顺威股份：持股5%以上股东文细棠拟减持5000万至7000万股,负面的
中天科技：持股5%以上股东文细棠拟减持5000万至7000万股,负面的
银禧科技：持股5%以上股东银禧集团减持1200万股,负面的
乐凯新材：持股5%以上股东银禧集团减持1200万股,负面的
科斯伍德：持股5%以上股东吴艳红减持387.75万股,负面的
路桥建设：持股5%以上股东吴艳红减持387.75万股,负面的
国瓷材料：持股5%以上股东赛瑞祥减持315万股,负面的
南风股份：持股5%以上股东赛瑞祥减持315万股,负面的
恒顺醋业：控股股东误操作违规卖出公司股票6.5万股,负面的
常宝股份：控股股东误操作违规卖出公司股票6.5万股,负面的
龙建股份：中标3.63亿元PPP项目,正面的
三棵树拟4-5亿元投建新材料生产基地项目,正面的
国泰君安：2018年12月母公司净利11.58亿元,正面的
"[康美药业]康美药业2017年报:业绩增长两成多 继续优厚分红 
 
 
   
   
   
   
   
 
 
   
   
",正面的
【国药股份：去年净利增15% 拟10派4.5元】,正面的
东华软件：腾讯科技12.66亿元增资诚信电脑 ,正面的
大立科技：签订3165.4万元军品订货合同,正面的
万方发展拟签署股权投资意向协议 18日起停牌,正面的
地产收入贡献大 中航高科半年报增九倍,正面的
三六零澄清媒体报道，控股股东质押是私有化贷款相关协议的继续,正面的
王子新材拟50亿元收购飞流九天 进军移动游戏领域,正面的
江苏神通控股股东拟增持1%至5%股份,正面的
京新药业公告，拟斥资1亿-3.3亿回购股份，回购价格不超过12元/股。,正面的
中国联通河北雄安新区分公司完成挂牌 为业内首家,正面的
四川路桥：8月中标约34.28亿元工程13.8亿PPP项目,正面的
万泽股份：5月25日复牌，继续推进重大资产重组,正面的
思美传媒：拟斥资2.5亿元-5亿元回购公司股份,正面的
贵州茅台第一季度净利润85.1亿元  同比增长近40％,正面的
东方日升：计划投资20亿元建设5GW，太阳能电池组件生产基地,正面的
沪市首份三季报出炉 旗滨集团前三季净利同比增逾9成,正面的
人福医药：参股公司天风证券IPO过会,正面的
中国汽研：拟投资5.3亿建大足汽车综合性能试验道项目,正面的
梅雁吉祥：获中睿新能源及其一致行动人举牌,正面的
众泰汽车：与福特智能出行签署合作备忘录,正面的
三祥新材：控股股东提议年报10转4派1.5元,正面的
超华科技：收到设备购置奖励金 预计增厚利润近705万元,正面的
长亮科技：拟推不超2232万股股权激励,正面的
中国建筑近期合计中标237.1亿元项目,正面的
三友化工：2017年净利近19亿元，同比增148%,正面的
太极实业中标逾12亿元集成电路工程项目,正面的
上海梅林拟2.2亿元收购光明生猪41%股权,正面的
万华化学：控股股东拟进行公司分立及整体上市工作,正面的
中国铝业：证金公司一季度增持2.4亿股 持股升至3.33%,正面的
华讯方舟：吴光胜先生及其一致行动人举牌,正面的
天创时尚：实控人拟累计增持不超总股本的2%,正面的
张家界：拟定增募资不超12亿元22日复牌,正面的
【红阳能源：公司股东股份质押展期 解除平仓风险】,正面的
麦格米特：拟筹划重大事项 明起停牌,正面的
三棵树拟逾4亿元投建新材料生产基地项目,正面的
宏达电子：5亿元投资军民电子产业基地项目,正面的
*ST坊展实控人变更为廊坊市国土局,正面的
宜华健康拟配股募资30亿元拓展主业,正面的
黑猫股份：朝阳黑猫搬迁并技改扩产项目试生产,正面的
久立特材：产品中标白龙核电项目,正面的
分众传媒：拟回购30亿元股票,正面的
勘设股份：签订3.15亿元重大合同。勘设股份：签订毛里求斯怡海花园项目 1 期工,正面的
银星能源：拟1.65亿元收购银仪风电50%股权,正面的
东方园林中标5.68亿元PPP项目,正面的
泰禾集团半年报预增约两成,正面的
山东威达：控股股东计划增持1%至3%股份 已增持250万股,正面的
西水股份：天安财险前11月原保费收入138亿 同比增8%,正面的
北新路桥：预中标8.97亿元项目工程,正面的
中国铝业：2017年净利13.78亿元，同比增长274%,正面的
顺发恒业：去年净利增长109% 拟10派3.1元,正面的
东港股份：年报拟10派4元,正面的
万达电影：董事、高管拟增持股份,正面的
*ST中基：拟并购莱芜泰禾 明日起停牌,正面的
世茂股份:2018年签约额271亿元 同比增长25%,正面的
凯美特气一季度业绩预增210%-260%,正面的
鸿利智汇：子公司收到4233万元政府补贴,正面的
回天新材2017年度业绩预增10%-30%,正面的
正平股份：正在筹划重大收购事项，继续停牌,正面的
比亚迪拟5亿元增资腾势新能源,正面的
藏格控股：拟280亿收购巨龙铜业100%股权,正面的
中国交建：逾48亿参设并购基金，把握高速公路PPP项目投资机遇,正面的
亿联网络拟10转10派16元  多家公司发布年报和一季报,正面的
华新水泥：受益水泥涨价 一季度净利增459%,正面的
海螺水泥：预计2018年净利同比增80%-100%,正面的
红阳能源：公司股东股份质押展期 解除平仓风险,正面的
大禹节水：与景东彝族自治县签订PPP项目合作意向书，估计投资额18.65亿,正面的
上海梅林：拟挂牌转让梅林正广和便利连锁公司股权及债,正面的
比亚迪中标18亿元纯电动公交客车采购项目,正面的
新莱应材：拟2.6亿元收购山东碧海100%股权,正面的
恺英网络年报拟10转5派1.2元,正面的
思维列控：推不超400万股限制性股票激励计划,正面的
印纪传媒：逾13亿股股限售股20日起上市流通，占总股本74.24%,正面的
三垒股份控股子公司33亿收购早教机构美杰姆,正面的
三钢闽光上半年业绩预增150%-200%,正面的
惠博普：孙公司签下4.84亿元PPP项目合同,正面的
恺英网络业绩快报：净利润同比增长136.67%,正面的
海默科技兜底增持进展：员工合计增持168万股,正面的
安居宝：倡议增持期间员工合计买入239.88万元,正面的
国风塑业：2018年净利预增58%,正面的
中国重工：拟向控股股东出售亏损海工板块资产,正面的
铁汉生态：联合预中标近20亿元PPP项目,正面的
浙江众成：实控人之一致行动人增持960万股,正面的
万孚生物：2017年净利同比增45%，拟10转8派5元,正面的
藏格控股：拟作价280亿收购巨龙铜业100%股权,正面的
迈克生物获一致行动人股东增持418万股,正面的
中国联通：2017年净利预增177.6%,正面的
东宝生物：拟定增募资不超3.65亿扩产,正面的
*ST罗顿：实控人携部分高管拟增持,正面的
【三季报】智飞生物：预计前三季度净利同比增逾40倍,正面的
比亚迪：商用车中标,正面的
永安行：更正业绩预告，2017年净利预增330%-360%,正面的
华策影视实控人之女拟增持1.57%股份,正面的
银宝山新第二大股东提议年报10转20,正面的
*ST沪科：4月4日起撤销退市风险警示，实施其他风险警示,正面的
雪莱特：一季报预增60%-100%,正面的
宏润建设：中标象山县2.56亿元工程施工项目,正面的
理工环科：拟5000万至1亿元回购股份,正面的
佳创视讯：与天威视讯、广电网络等开展“VR+广电”合作,正面的
*ST运盛：控股股东增持100万股 拟继续增持不低于2%,正面的
华夏幸福：拟与光大银行展开长期合作,正面的
潜能恒信：控股股东一致行动人转让5.05%公司股份,正面的
栋梁新材拟3.06亿元收购万邦德医疗51%股权,正面的
皇氏集团：董事所持部分股票被强行平仓,正面的
安徽水利：联合中标4.37亿元PPP项目,正面的
西陇科学拟收购山东艾克韦70%股权 加码体外诊断领域,正面的
浦发银行年报拟10派1元 证金一季度增持,正面的
旋极信息筹划重大资产购买事项 5月30日起停牌,正面的
成都路桥举牌方称与股东李勤无关联关系,正面的
东方雨虹拟超6亿元扩建岳阳云溪基地,正面的
远望谷：近10亿收购两公司股权 明日复牌,正面的
先导智能：2017年营收翻倍 净利增85%,正面的
隆基股份：获陕西煤业举牌，持股达到5%,正面的
永利股份年报拟10转8派1.2元,正面的
太平洋母公司六月净利环比扭亏,正面的
宝通科技：停牌筹划重大事项 或构成重大资产重组,正面的
南天信息：实控人云南国资委筹划重大事项 明起停牌,正面的
华大基因：监事及核心骨干人员完成增持计划,正面的
腾达建设实控人拟增持不低于3亿元 10日复牌,正面的
一品红：取得3项药品发明专利,正面的
莱宝高科：未收到任何有关受到美国制裁的官方信息,正面的
锦龙股份：拟10.9亿元增资中山证券 持股比例由66%提高到约71%,正面的
三祥新材实控人拟增持2%-5%股份,正面的
清水源停牌筹划重大资产重组事项,正面的
锦龙股份原董事长涉单位行贿罪被判刑,正面的
潞安环能：获控股股东增持52万股 计划继续增持不超,正面的
神州易桥：减持凯莱英约23万股 收益超1200万,正面的
云内动力：控股股东混改获昆明市政府同意，12月15日复牌,正面的
湖南海利非公开发行A股股票申请获审核通过。,正面的
川投能源获长江电力举牌,正面的
安徽水利中标PPP项目 总价款接近40亿元,正面的
中央商场：拟与阿里子公司签订《合资设立新零售发展公司协议》,正面的
东华软件：腾讯科技12.66亿元增资诚信电脑 用于向公司增资或共同对外投资,正面的
中工国际：与沙特高级轮胎签署1.78亿美元商务合同,正面的
海顺新材年报拟10转5派5元,正面的
建新股份业绩快报：净利同比增长288.06%,正面的
格林美：2017年营收超百亿元 净利翻倍,正面的
上海莱士：部分董事和高管拟在6个月内增持300万-500万元股份,正面的
乐视网股东大会议案全部通过，孙宏斌等当选非独立董事,正面的
宏大爆破：研制某外贸型导弹武器系统获国防科工局批复,正面的
金洲管道再获新晋大股东增持,正面的
云铝股份：拟定增募资45亿元加码主业 控股股东参与认购,正面的
【片仔癀：4999万港元增资片仔癀电商国际贸易香港公司】,正面的
神火股份半年报扣非净利增长1107%,正面的
奥拓电子：筹划员工持股计划,正面的
凌云股份成为北京奔驰指定车型电池壳/盖项目供应商,正面的
华鹏飞：拟发行股份或支付现金购买京颐科技股权,正面的
人福医药：2017年净利20.69亿元 同比增149%,正面的
博雅生物人纤维蛋白原生产车间获药品GMP证书,正面的
保利地产3月签约金额逾222亿同比增长197%,正面的
大千生态：拟收购正中路桥控股权 明日起停牌,正面的
新华保险：正筹划董事会换届事宜 经营管理一切正常,正面的
三六零：2017年净利润33.72亿元 同比增长80.15%,正面的
众兴菌业：回购计划实施完毕 耗资约1亿元,正面的
日机密封拟10送5转5派3元,正面的
东方锆业：第一大股东实施重组,正面的
力源信息上半年业绩预增超5倍,正面的
宏达电子拟5亿元投建军民电子创新产业基地项目,正面的
庞大集团与保千里子公司签订战略合作协议,正面的
中国石化：2017年净利511亿元增长10%，证金公司大幅增持,正面的
华昌化工：与电子科大共建氢能源联合研究院,正面的
金洲管道：大股东增持1%股份,正面的
东方电热：2018年净利预增75%--105%,正面的
龙大肉食半年报拟10转7,正面的
通威股份前三季净利预增50%-70%；,正面的
海伦哲：拟18亿投建智能制造产业基地项目,正面的
全通教育中标永兴县智慧教育采购项目,正面的
岭南股份签署2.38亿元雄安新区苗景兼用林建设项目合同,正面的
比亚迪：比亚迪汽车工业及戴姆勒向腾势新能源增资8亿元,正面的
奥马电器控股股东拟增持不少于3亿元或不低于2%股份,正面的
兰石重装控股股东计划增持不超过10亿元,正面的
福田汽车：前二月新能源车销售180辆,正面的
中粮糖业半年报净利润增幅超270%,正面的
广博股份：拟约12亿元收购掌优科技,正面的
博迈科：拟回购1亿元-2亿元股份,正面的
常山药业：国产伟哥获批正式上市,正面的
四川路桥：全资子公司中标102亿元高速公路施工项目,正面的
龙大肉食半年报拟10转7,正面的
次新股卫光生物：停牌系实控人筹涉公司的重大事项,正面的
长青股份：去年净利同比增40% 拟10派3元,正面的
城市传媒控股股东拟增持不超200万股,正面的
力盛赛车年报净利增长25% 拟10转10派2元,正面的
常熟汽饰：公司及参股公司员工拟增持2600万元-5500万元,正面的
赛摩电气：拟6亿元并购广浩捷 充实智能制造生态圈,正面的
蓝英装备：控股公司与吉利控股下属公司签署合同 累积金额占去年营收84%,正面的
得润电子：子公司成一汽大众MEB电动车平台供应商,正面的
坚瑞沃能：沃玛特获10.98亿元动力电池采购订单,正面的
维维股份：子公司出售超科食品10%股权 公司增利2854万元,正面的
步森股份：控股股东暂缓并购计划 确保质押股份不存在平仓风险,正面的
星湖科技：预计2018年盈利4100万元左右 同比扭亏为盈,正面的
安德利实控人完成增持计划,正面的
南宁糖业：定增募资不超9亿元还贷及补血,正面的
龙净环保大股东之控股股东增持5.87%股份,正面的
润欣科技：2018年度拟10转5,正面的
新华都：控股股东将10%股权转让至阿里巴巴成都及一致行动人,正面的
西山煤电年报预增245%-295% 煤炭板块业绩增幅较大,正面的
天晟新材：定增被否,正面的
天夏智慧获签智慧城市战略合作协议,正面的
东方日升拟不低于26亿元收购九九久科技,正面的
世茂股份：2018年签约额271亿元，同比增长25%,正面的
武进不锈：2018年净利预增57%左右,正面的
兴业证券：母公司2018年12月亏损1.42亿元,正面的
天山股份：年报净利同比增长165.5%,正面的
鹏起科技：获宋雪云及一致行动人增持1.1%股权,正面的
中航机电：拟1.5亿元至3亿元回购股份,正面的
万向钱潮控股股东及其一致行动人增持公司股份达1%,正面的
水晶光电参股子公司在东京证券交易所上市,正面的
东北制药：子公司两个品种新增纳入国家基本药物目录,正面的
招商轮船：发行股份购买资产方案获国资委批复,正面的
贵州百灵：华创拟通过纾困基金为实控人提供资金支持,正面的
兴业银行同意公司出资20亿元参股国家融资担保基金,正面的
永东股份上半年净利润同比增长330.87%,正面的
东旭光电与日泰马蒙印（尼）五国企业签署共建智慧城市合作协议,正面的
ST云维：拟48.15亿元收购深装总98.27%股权,正面的
先导智能：2017年营收翻倍 净利增85%,正面的
粤水电：联合中标东莞轨道交通1号线项目,正面的
神思电子：并购重组获证监会审核通过,正面的
雅戈尔：再获控股股东增持1110万股,正面的
好利来上半年业绩预增95%-125%,正面的
龙大肉食控股股东承诺六个月内不减持公司股份,正面的
首钢股份：2017年预计盈利22亿-23亿,正面的
东方财富：发行46.5亿可转债获证监会核准通过,正面的
银鸽投资1元向控股股东剥离亏损资产 前三季扭亏,正面的
海南海药首次回购公司1259万股,正面的
万安科技：2018年已累计收到政府补助2542.12万元,正面的
东华科技：签订2.4亿元EPC工程总承包合同,正面的
华金资本：拟参与华金证券增资扩股 后者拟备战IPO,正面的
TCL集团：小米集团买入公司0.48%股份,正面的
威唐工业年报拟10转10派1.1元,正面的
新宁物流上半年净利润同比增长642.11%,正面的
美达股份：预计2017年业绩同比扭亏,正面的
东软集团：与甘肃省人民政府签署《战略合作协议》,正面的
机器人：与国防领域重要部门签2.49亿元重大合同,正面的
红旗连锁：拟签订重大战略合作协议，12月15日起停牌,正面的
博信股份：获康盛投资二度举牌持股增至10%,正面的
青岛啤酒：年报净利12.63亿元 同比增21%,正面的
环球并购速递（20170720）：信达地产拟投78亿收购淮矿地产,正面的
祥源文化：拟投资设立互联网阅读公司,正面的
龙元建设：预中标逾13亿元PPP项目,正面的
冀凯股份：第二大股东增持695万股，成为公司第一大股东,正面的
德威新材：苏州香塘二次举牌 未来或继续增持,正面的
艾比森业绩快报：2018年度净利同比增132%,正面的
轴研科技：重组有条件过会6月29日复牌,正面的
小康股份：并购美国电池系统公司InEVit，特斯拉首任CEO全职加盟,正面的
坤彩科技：年度分红为10转3派0.6元 另拟发行可转债募资4亿元,正面的
健帆生物业绩快报：2018年净利4亿元 同比增四成,正面的
新莱应材：签5000万年度销售框架协议,正面的
招商证券：年报净利57.85亿元，拟10派3.46元,正面的
捷成股份：红海行动票房已超21亿，公司获得的营收不低于4000万元,正面的
中兴通讯：管理层已决定采取美国法律下可采取的行动,正面的
禾望电气：拟投资6-7亿元建光伏电站相关项目,正面的
中国建筑一季度新签合同额同比增长24%,正面的
中南传媒：年报拟10派6元,正面的
汉鼎宇佑：拟回购不超2亿元股票用于股权激励,正面的
大华股份：年报净利同比增长30.33%，证金新晋第七大股东,正面的
亿利达拟1.28亿元转让青岛海洋51%股权,正面的
龙韵股份：拟购买长影置业60%股权及长影娱乐47%股权，暂不复牌,正面的
美达股份拟投资20亿征地500亩建设聚酰胺新材料生产基地,正面的
亚星化学控股股东转让13.2%股份 合虚实业成第一大股东,正面的
中孚实业拟800万元收购中孚炭素剩余4.71%股权,正面的
泰禾集团：40亿受让恒祥置业股权及债权 增加项目储备,正面的
东北证券：今年一季度净利下滑约三成 获证金增持,正面的
西王食品2018年净利预增三成,正面的
博敏电子拟12.5亿元并购君天恒讯全部股权,正面的
南洋股份：2017年盈利预增约5倍,正面的
宏图高科：控股股东及实控人增持计划延期6个月履行,正面的
中国交建下属公司中标香港首个垃圾焚烧处理项目,正面的
凯龙股份：参与设立氢能源产业基金,正面的
丽鹏股份：睿畅投资取得公司18.60%表决权，并拟再增持至少5%,正面的
海南橡胶：控股股东拟6个月内增持0.1%-1%股份,正面的
国祯环保：预中标11.16亿元项目,正面的
奥特佳停牌筹划收购国电赛思100%股权事项,正面的
佳讯飞鸿一季度业绩预增100%-120%,正面的
中国建筑建筑业务前11月新签合同额2.08万亿元,正面的
方大集团：首次回购B股股份28.52万股,正面的
双环传动：与埃夫特签订《关节减速机战略合作协议》,正面的
联合光电：年报拟10转6派3元 一季度净利同比增三成,正面的
围海股份：联合中标超10亿元PPP项目,正面的
中国中铁：近期重大工程中标金额合计约289亿元,正面的
无锡银行2017年净利润同比增长11.45%,正面的
神州长城获华联发展集团1亿元土地补偿,正面的
*ST海投：筹划重大资产重组 明起停牌,正面的
兰州黄河：预计2017年业绩同比扭亏,正面的
永利股份2017年度业绩预增70%-100%,正面的
富祥股份：2017年拟10转10派5元 公司董事拟减持,正面的
新凤鸣拟40亿元投建PTA项目,正面的
中富通：取得武器装备科研生产单位二级保密资格。,正面的
银邦股份第二期员工持股计划累计买入1808万股,正面的
康缘药业获控股股东累计增持121.42万股,正面的
寒锐钴业：钴铜销售量价齐升 一季度净利增长超4倍,正面的
国家大基金9.49亿入股太极实业 将成第三大股东,正面的
西水股份：天安财险前11月原保费收入138亿元 同比增长8%,正面的
易华录：联合体预中标4.488亿元PPP项目,正面的
天首发展：拟出资12.95亿元收购天池钼业75%股权和债权,正面的
金信诺：中标爱立信公司（中国区）相关项目,正面的
国光电器上半年净利润同比增长近8倍,正面的
福田汽车收到3.8亿元新能源汽车推广补贴款,正面的
新开普公告，蚂蚁金服子公司上海云鑫受让公司6.28%股份，转让完毕后，上海云鑫将成为公司第二大股东。,正面的
高伟达：拟与蚂蚁金服全资子公司共同投资伟达金科,正面的
锦龙股份：向中山证券增资10.8亿,正面的
数字认证年报拟10转5派3元,正面的
亚星化学又换大股东 一个曾经的明星企业沦为壳资源,正面的
中国海诚：预中标9.25亿元项目,正面的
跨境通：美国关税清单对公司今年销售影响甚微,正面的
3家公司临停 大通燃气拟筹划重大资产重组,正面的
乐心医疗：携手佰客云设立区块链研究实验室,正面的
永利股份：年报拟10转8派1.2元,正面的
东北证券：年报净利6.66亿，证金公司现身10大股东榜,正面的
首创股份8.69亿控股自来水公司 标的去年净亏1.37亿,正面的
江苏银行2017年净利润同比增长11.92%,正面的
华录百纳一季报业绩同比增长67%,正面的
华凯创意全资子公司联合中标1.5亿元项目,正面的
伊戈尔：股价涨幅过大11日起停牌核查,正面的
众合科技：子公司联合中标9.7亿元PPP项目,正面的
花园生物2018年度净利润预增130%-153%,正面的
亚星化学控股股东转让13.2%股份 合虚实业成大股东,正面的
水晶光电：拟发行11.80亿可转债,正面的
华平股份：控股股东和实控人变更,正面的
迪安诊断：拟定增收购体外诊断行业公司股权，明日起停牌,正面的
江特电机参股公司澳大利亚巴尔德山锂矿项目投产,正面的
宝馨科技成功研发MCCE黑硅制绒设备,正面的
大众公用：中标7000万污水处理厂改造运营项目,正面的
广汇能源2018年净利预增169%至176%,正面的
[公司]石英股份拟15.6亿元投资产业园二期项目,正面的
炬华科技：中标1.64亿国网招标项目,正面的
宏大爆破军工项目获国防科工局批复,正面的
东方材料年报净利降一成 拟10转4派1.9元,正面的
浙江富润前三季度业绩预增逾20倍,正面的
顺络电子：未来10年拟在松江投资100亿元建先进制造基地,正面的
亨通光电：正筹划重大事项，明起停牌,正面的
海陆重工：子公司联合签下伊朗合作项目,正面的
朗科科技起诉三星中国等四公司 涉嫌侵犯公司发明专利权,正面的
粤高速A2017年业绩增五成,正面的
万达电影：年报10转5派2元,正面的
美芝股份：拟收购建元建设51%股权,正面的
周大生：2017年净利同比增近四成 拟10派6元,正面的
【百润股份事件点评：股权激励出台，期待持续快增长—方正食品饮料1129】,正面的
天海防务董事、高管终止减持股份计划,正面的
万邦达：签订约9700万元供货合同,正面的
奥克股份：2018年净利预增48.00%至57.55%,正面的
【永兴特钢：永兴新能源与宜丰县政府签署锂电新能源材料项目合同】,正面的
泰合健康：拟10送3派0.8元,正面的
北京科锐：控股股东增持211.62万股,正面的
易联众：大股东张曦增持5% 成为公司实控人,正面的
千山药机董事长计划增持不超过1亿元公司股份,正面的
天邦股份：拟1.14亿元收购鲟龙科技23.8%股权,正面的
中核钛白：上调公司各型号钛白粉销售价格,正面的
焦炭炭黑纯苯涨价 金能科技半年报增488%,正面的
东诚药业：拟1亿元至2亿元回购股份,正面的
长安汽车牵手两银行发起千亿级汽车产业基金,正面的
首开股份：2018年签约金额1007亿元 同比增46%,正面的
金一文化：拟在安阳打造黄金珠宝文化旅游小镇,正面的
天奇股份：子公司拟5850万元收购锂致实业65%股权,正面的
华峰超纤：预计2017年盈利2.5亿元-2.8亿元,正面的
东方园林：联合体中标14.29亿元重庆两江新区PP,正面的
中国巨石：子公司获第五届中国工业大奖,正面的
航锦科技：半年报预增270%-320%,正面的
深深房A：正积极推进重大资产重组的各项工作,正面的
中航三鑫：将申报城市更新项目,正面的
隆基股份：年报净利同比增长130.38%,正面的
招商轮船：发股购买资产方案获国资委批复,正面的
沧州大化预计2017年净利同比增240%-248%,正面的
华泰股份半年报预增约3倍,正面的
上海三毛：拟挂牌出售两子公司股权,正面的
南大光电：拟5亿元投建集成电路材料生产基地,正面的
中南建设：控股股东中南城投拟6个月内增持公司股份，累计增持金额在1亿元以内（含本数）。,正面的
飞科电器年报净利增长36% 拟10派15元,正面的
顺灏股份：授权管理层不超3亿元投资工业大麻项目相关事项,正面的
通鼎互联：第二期员工持股计划完成股票购买 耗资1.95亿元,正面的
江泉实业：正在筹划非公开发行股票事项，1月31日起停牌,正面的
中国核电：控股股东完成改制,正面的
沙河股份半年报实现倍增,正面的
山鼎设计：作价11亿元收购跨境电商萨拉摩尔100%股权,正面的
无锡银行：半年报净利润同比增长10.41%,正面的
金逸影视：拟10转6派6元 成泉资管进入十大流通股东,正面的
云南能投重组拟收购控股股东旗下风电及光伏资产,正面的
万华化学烟台工业园MMA、PMMA项目投产,正面的
迅游科技：资产重组获得证监会有条件通过，股票复牌,正面的
新洋丰：与田园生化战略合作 推进药肥产品研发生产,正面的
广电运通子公司与腾讯就微信乘车码业务签订合同,正面的
分众传媒：已累计耗资11亿元回购股份,正面的
莱绅通灵年报净利增长四成 拟10派2.8元,正面的
王府井：一季度实现净利4.54亿元 同比翻番,正面的
合众思壮管理人员拟增持至少1.2亿元,正面的
三峡集团完成增持三峡水利承诺,正面的
围海股份：预中标9.5亿PPP项目,正面的
岭南股份：中标5.89亿元EPC项目,正面的
[季报]晶盛机电一季度业绩预增100%-130%,正面的
高能环境签署11亿元日常经营性合同,正面的
科达股份设区块链子公司并发起区块链产业基金,正面的
沙河股份半年报实现倍增,正面的
浙江交科子公司联合中标15.85亿元项目,正面的
当代东方：停牌系公司拟筹划定增,正面的
东旭光电：新增13款客车入选新能源汽车推荐目录 完整覆盖主流车型,正面的
久其软件：拟雄安新区设子公司，响应“数字雄安”需求,正面的
美诺华：2018年净利预增116%-131%,正面的
掌阅科技：上市以来大涨逾15倍 动态市盈率显著高于行业平均值,正面的
智慧能源近期累计中标2.54亿元项目,正面的
猛狮科技：实控人拟增持不超2%股份,正面的
成都路桥获宏义嘉华举牌 持股达5.05%,正面的
恒大高新：拟斥资不超5000万元回购股份,正面的
天健集团：子公司联合中标逾12亿元PPP项目,正面的
博汇纸业公司年产14万吨文化纸项目复产,正面的
麦格米特：拟筹划重大事项，1月9日起停牌,正面的
格林美：2017年营收超百亿元 净利翻倍,正面的
豫金刚石：拟收购某珠宝公司股权，2月26日起停牌,正面的
东旭光电：子公司收到2.42亿国家新能源汽车推广补贴,正面的
明泰铝业：一季报预增80%,正面的
三毛派神：2017年净利预增395%-585%,正面的
中国铝业：去年净利13.78亿 同比增274%,正面的
天华院：与五家交易对方签署《重组框架协议》，达成初步意向,正面的
亚太药业半年报拟10转10,正面的
海螺水泥一季度净利增长122% 证金增持至4.28%,正面的
道明光学：一季报预增120%-170%,正面的
启明信息上半年净利润同比增长近4倍,正面的
山东墨龙：控股股东质押股份不存在平仓风险,正面的
维力医疗：重组收购标的为狼和医疗器械公司,正面的
金晶科技：2017年净利同比增长282%,正面的
蓝思科技：2017年净利预增70%-95%,正面的
美的集团发布第三期股权激励计划草案,正面的
游族网络：员工持股计划完成股票购买,正面的
首航节能：签订6456万元供货合同,正面的
龙韵股份：年报净利增19% 拟10转4派1元,正面的
华贸物流：将与京东物流开展跨境物流业务合作,正面的
国电南自：定增不超6001.88万股新股获证监会核准,正面的
汇源通信：乐铮网络拟要约收购15.51%股份 目标为公司控制权,正面的
【汇源通信：乐铮网络拟要约收购15.51%股份 目标为公司控制权】,正面的
日出东方：江苏银监局批准江苏苏宁银行开业,正面的
吉林森工：签7000万元施工合同,正面的
江苏索普：2017年净利同比增244%,正面的
[公司]康缘药业已耗资1.36亿元回购2.1%股份,正面的
博威合金停牌筹划非公开发行股票事项,正面的
中利集团：员工持股计划累计购买413万股,正面的
泛海控股：控股股东拟1亿至2亿元增持股份,正面的
东华软件拟6亿元投建互联网医院项目,正面的
罗牛山：大股东拟10日内斥资0.5亿至1亿元增持公司股份,正面的
三聚环保：王亚伟或清仓报道不实 17日起复牌,正面的
三垒股份：控股子公司33亿收购早教机构美杰姆,正面的
贵研铂业半年报增近五成,正面的
中国国航：2017年净利润72.4亿元,正面的
永太科技：全资子公司通过美国FDA现场检查,正面的
天健集团与深圳巴士集团战略合作 开发多功能公交场站,正面的
片仔癀一季报净利增逾4成 证金入股,正面的
华夏幸福：控股股东42亿元向平安资管转让5.69%股份,正面的
永太科技：全资子公司通过美国FDA现场检查,正面的
恒瑞医药一季报净利增17% 证金有所减持,正面的
易世达：拟回购2000万元-5000万元股份,正面的
中信建投：拟定增募资不超130亿元加码主业,正面的
数据港：与阿里巴巴合建数据中心 投资规模拟大幅增加,正面的
国药股份披露年报，公司2017年营收为362.85亿元，同比增长4.84%；净利,正面的
尚荣医疗：与兰州新区管委会签署战略合作框架协议,正面的
三安光电：兴业信托等向三安集团增资不低于54亿元,正面的
时代新材：高性能绝缘结构产品产业化项目建成投产,正面的
北京银行：今年安排总额不超80亿元的不良贷款核销额度,正面的
上汽集团全年净利润344亿元,正面的
通宇通讯控股股东计划增持3000万元至1亿元股份,正面的
无锡银行：2017年净利同比增长12.13%,正面的
昊华能源(601101)4月23日晚披露年报，公司2017年营收为55.76亿元,正面的
当代明诚：获国家体育产业示范单位认定,正面的
中持股份：中标水环境综合治理工程项目,正面的
奥瑞金：9月12日复牌,正面的
三祥新材：控股股东提议年报10转4派1.5元,正面的
九芝堂上半年实现净利3.6亿,正面的
复星医药：目前生产经营活动正常；不存在影响股价的重大事项，亦不存在应披而未披露的重大事项。,正面的
楚江新材：拟不低于1.5亿元回购以实施股权激励计划，价格不超7.5元/股。,正面的
福能股份：龙海港尾风电场建成投产,正面的
东方财富一季报：净利同比增长199.48%,正面的
昂立教育：截至12月11日，中金集团及一致人合计持股22.68%，已超过交大产业集团，成为公司第一大股东。,正面的
万邦德：7.3亿元辗转入主栋梁新材 23日起复牌,正面的
天龙股份：年报拟10转4派2.5元,正面的
话娱琅琊榜| Top1：元力股份1.6亿收购广州冰鸟网络；传阿里将以10亿元左右控股A站，A站未回复,正面的
博腾股份：中美贸易战对公司影响非常有限,正面的
江淮汽车控股股东增持75万股,正面的
安徽水利旗下三家子公司实施债转股 合计增资近11亿元,正面的
黑猫股份业绩快报：2017年实现营业收入69.5亿元，同比增长58.58%；实现净利润4.8亿元，同,正面的
利尔化学2017年度净利润同比增长93%,正面的
长春一东半年报业绩增长579%,正面的
云赛智联：中标阿拉善智慧城市PPP项目,正面的
岱勒新材：年报净利增183%，拟10派3元,正面的
泛海控股：控股股东再次增持43.5万股,正面的
天海防务筹划资产收购事项 22日起停牌,正面的
当代东方拟收购当代陆玖49%股权 23日复牌,正面的
建发股份：去年净利润增长16% 证金持股升至4.9%,正面的
光正集团拟6亿元收购新视界眼科51%股权,正面的
崇达技术：下属全资子公司8960万元竞得珠海高栏港,正面的
仙琚制药：拟逾8亿元收购海外原料药、医药销售公司,正面的
东软集团：与哈尔滨市政府签战略合作协议,正面的
高科石化：筹划发行股份购买资产 明起停牌,正面的
汉威科技：近期中标2364.2万元智慧城市项目,正面的
紫鑫药业签订工业大麻合作研究协议,正面的
高乐股份：与科大讯飞在人工智能方面展开合作,正面的
祥源文化：拟投资设立互联网阅读公司,正面的
一直未征集到受让方 博信股份拟协议转让子公司,正面的
凯利泰：近5亿元收购美国骨科设备生产企业,正面的
金新农：控股股东拟转让24.70%股权 ，港澳大湾区联合控股公司指定方接盘,正面的
[公司]神州长城中标7.5亿元四川珙县中医院PPP项目,正面的
鲁西化工：己内酰胺二期项目投产,正面的
九强生物：拟10股派发现金股利1.5元,正面的
中国铁建：新签423亿元海外合同,正面的
中国太保：两子公司上半年保费总计1631亿元,正面的
辰安科技停牌筹划重大事项,正面的
天邑股份：中标2.4亿元中移物联网项目,正面的
华明装备与巴菲特旗下电力能源集团签订谅解备忘录 提供分接开关产品等服务,正面的
智飞生物拟定增募资23.5亿元投入疫苗产业化项目,正面的
华夏人寿举牌同洲电子 公司股价开盘涨停,正面的
特锐德：签署4.16亿元PPP项目合同,正面的
万盛股份拟定增37.5亿元收购匠芯知本100%股权,正面的
*ST河化：撤销退市风险警示 8日停牌一天,正面的
海康威视业绩快报：净利同比增长26.6%,正面的
亿联网络：2017年度拟10转10派16元,正面的
康恩贝：年报净利预增60%到80%,正面的
中国人寿：前两个月原保费收入1546亿元,正面的
中南建设：全资子公司中标约15.42亿元PPP项目,正面的
中粮糖业半年报增长270%,正面的
中信银行：拟发行优先股，融资规模不超过400亿元,正面的
龙泉股份：董事长鼓励全体员工增持公司股票,正面的
软控股份拟认购境外公司eCobalt股份 获得钴矿矿产包销权,正面的
金信诺：中标爱立信公司（中国区）相关项目,正面的
财信发展：拟出资500万美元设立香港全资子公司,正面的
北方股份：第二大股东转让公司25.16%股份给特沃上海,正面的
银河生物筹划重组,正面的
保利地产：前四月签约销售近1200亿元 同比增长43%,正面的
德威新材：苏州香塘二次举牌 未来或继续增持,正面的
万达电影：1-2月累计票房21.6亿元 同比增长27.3%,正面的
众应互联：控股股东溢价21%转让10%股份 实控人将变更,正面的
中原特钢211亿收购触跌停 标的负债高现金流不稳定,正面的
博瑞传播拟参设项目公司涉足电竞行业,正面的
洲明科技：员工持股计划完成股票购买 耗资1.67亿元,正面的
罗牛山：前十月生猪销售收入累计2.42亿元 同比降17%,正面的
鲁抗医药：收到山东食品药监局颁发的《药品GMP证书》,正面的
海峡环保：预中标马尾区污水处理特许经营项目,正面的
万盛股份：拟37.5亿元收购匠芯知本100%股权,正面的
江苏银行：股东凤凰集团增持1209万股,正面的
扬子新材披露重组方案 永达汽车作价120亿借壳,正面的
激智科技：实控人拟增持不超3%股份,正面的
聚龙股份：控股股东增持414万股,正面的
江苏银行发布股价稳定预案，大股东及高管拟增持,正面的
日海智能：全资子公司中标11.23亿元项目,正面的
棕榈股份：中标1.63亿元兴隆县工程项目,正面的
安诺其非公开发行股票申请获审核通过,正面的
中国天楹：非公开发行获核准,正面的
中国交建下属公司中标香港首个垃圾焚烧处理项目,正面的
东杰智能：2018年净利预增60.06%-85.24%,正面的
捷成股份：控股股东、实际控制人徐子泉拟于自2018年5月21日起12个月内增持公,正面的
人福医药：与咸宁市中心医院合作从事医养项目,正面的
万华化学：烟台工业园MMA、PMMA项目投产,正面的
银江股份：拟2.99亿元对价受让两公司股权,正面的
上海沪工：拟5.8亿元收购航天华宇，进入军工装备领域,正面的
福星股份：拟定增募资18亿投资房地产项目,正面的
复星医药：近亿美元收购汉霖生技剩余股权,正面的
新天然气：拟要约收购港股公司亚美能源50.5%股份，5月29日复牌,正面的
华安证券：获准成为机构间私募产品报价系统做市商,正面的
中国铝业：9月12日起停牌不超过5个月,正面的
佳都科技子公司获得私募基金管理人资格,正面的
东北制药：全资子公司有两个品种被新增纳入《国家基本药物目录》,正面的
航锦科技：控股股东引入战略投资者 拓展军工业务,正面的
神雾环保签署两份合作备忘录 拓展海外清洁能源业务领域,正面的
泸州老窖：一季报净利同比增长51.86%，证金小幅增持,正面的
成都银行：拟不超10亿元设立理财子公司,正面的
赣锋锂业业绩快报：净利同比增长213.95%,正面的
东方新星：2018年业绩预告大幅向上修正 同比预增59至62倍,正面的
*ST保千：部分董事、高级管理人员计划6个月内增持3000万股,正面的
陕西金叶：控股股东正积极消除股权质押风险 拟继续停牌,正面的
天神娱乐：签约进入海南生态软件园；拟与盛大游戏子公司合作,正面的
华邦健康控股股东增持2230万股 拟继续增持不低于2000万元,正面的
哈工智能：拟收购易科机器人49%股权,正面的
易事特：前三季净利同比预增80%-110%,正面的
苏宁环球回购公司股份比例达1%,正面的
威创股份拟3.85亿元购买可儿教育70%股权,正面的
久其软件：拟雄安新区设子公司 响应“数字雄安”需求,正面的
中远海科：预中标3.5亿元高速隧道机电工程项目,正面的
尚纬股份：近期累计中标1.51亿元,正面的
药石科技股东举牌 持股达到5.09%,正面的
阳泉煤业：2017年净利润同比增281.67%,正面的
博威合金：获得币2159万元政府补助,正面的
银龙股份年报净利下降18% 拟10转4.5派1.5元,正面的
白云机场：子公司签下5.71亿元项目经营合作协议,正面的
奋达科技大股东承诺未来一年不减持,正面的
胜利股份：胜利投资持股达到9.99%，上位第一大股东,正面的
我武生物一季度业绩预增25%-45%,正面的
大禹节水拟参与高效节水灌溉项目 总投资5亿元,正面的
双成药业：控股股东将5000万股转入国泰君安用于融资融券业务,正面的
金地集团：2月签约金额同比下降46%,正面的
锐科激光：预计2018年净利润同比增长44.31%-65.96%,正面的
海伦哲：拟18亿投建智能制造产业基地项目,正面的
康德莱：去年净利增长18% 拟10转4派1.5元,正面的
恩华药业：董事长增持49.05万股,正面的
贵州茅台：市场对于公司的过高目标价不代表公司态度,正面的
东方网络：实控人拟向阳澄湖文旅转让股份 14日复牌,正面的
霞客环保：重组标的曝光 拟并购上海鸿宇,正面的
金陵饭店：年度净利同比增长近150%，拟10派2.4元,正面的
一汽富维：获一汽富晟举牌 持股达5.16%,正面的
贝肯能源签乌克兰重大经营合同，金额近4亿；,正面的
光一科技：中标3121万元国家电网项目,正面的
中国化学：2月份新签合同额102.91亿元,正面的
国盛金控：将择机出售趣店股份,正面的
保利地产业绩快报出炉 上半年净利同比增14.9%,正面的
再升科技：产品获欧洲EUCEB认证,正面的
国统股份：预中标1.29亿元污水处理厂及管网工程,正面的
长园集团：减持2420万股坚瑞沃能，预计实现1亿净利,正面的
美的集团与东芝深化战略合作 拟购东芝家电80.1%股权,正面的
中国核电：拟出资6.13亿元设立两家合资公司,正面的
重组破灭 九鼎新材再出新招拟筹划员工持股计划,正面的
弘信电子：实控人期权交易获利约108万元 拟将收益全额赠与公司,正面的
鹏博士：控股股东增持1066万股,正面的
海利生物：获牛散章建平再度举牌 持股达15.37%,正面的
卫星石化：中国加征液化丙烷进口关税不对公司产生影响,正面的
鸿路钢构：子公司收到1.45亿元加工合同,正面的
兆易创新：因重大事项继续停牌,正面的
佳讯飞鸿 ：一季报预增100%-120%,正面的
凯莱英与昭衍新药、药物研发公司Covance签战略合作框架协议,正面的
华夏幸福:公司部分董事及高管拟增持5500万元人民币,正面的
扬帆新材：一季报预增151%-180%,正面的
科融环境：3.85亿收购永葆环保70%股权,正面的
兰石重装：签下7.5亿元EPC工程总承包合同,正面的
北讯集团：前三季度净利同比增长389.35%,正面的
汇源通信：乐铮网络拟要约收购15.51%股份，目标为公司控制权,正面的
天桥起重公告称，控股股东与中车集团筹划公司股权划转涉及混改，股票3月22日复牌。,正面的
易联众公告，股东微医集团增持公司1.44%股份。,正面的
招商公路与部路网中心、外运长航战略合作,正面的
扬子新材披露重组方案 永达汽车作价120亿借壳,正面的
凯乐科技半年报净利增长352%,正面的
大立科技：签订3165.4万元军品订货合同,正面的
景峰医药：子公司获得新药注册证书,正面的
财联社3月15日讯，莱绅通灵年报拟10派2.8元。,正面的
辉煌科技预中标郑州地铁4号线工程项目,正面的
万达电影：董事、高管拟合计增持600万元,正面的
西水股份：天安财险前11月原保费收入138亿元 同比增长8%,正面的
帝欧家居：2018年净利3.82亿元，同比增6倍,正面的
中核钛白业绩快报：2017年净利3.89亿元，同比上升362.06%,正面的
陆家嘴：与老佛爷中国签订合作意向书,正面的
冀中能源预计前三季度净利润同比增886%-960%,正面的
中化岩土：预中标86亿元PPP项目,正面的
万顺股份：拟2.76亿元收购江苏中基23%股份,正面的
福能股份：拟公开发行不超28.3亿元可转债,正面的
中兴通讯拟定增募资130亿加码5G研发,正面的
招商证券：母公司4月净利2.21亿元,正面的
人福医药公告，基本完成收购杰士邦公司。杰士邦公司、新加坡健康护理下属子公司自此纳入公司合并报表范围。,正面的
仙坛股份年报拟10转7派4元,正面的
中国国旅年报拟10派5.2元 一季报净利增长6成,正面的
石英股份：一季度净利预增约6成,正面的
九牧王：年报净利增17% 拟10派10元,正面的
金龙羽：预中标1.53亿元电网项目,正面的
创业环保联合中标4.38亿元PPP项目,正面的
龙元建设：预中标逾13亿元PPP项目,正面的
西部证券6月净利润环比增长超5倍,正面的
*ST柳化：对债权人申请公司进行重整无异议 明日复牌,正面的
金贵银业：拟20-24亿元收购宇邦矿业65%股权,正面的
圆通速递联合中标香港机场高端物流中心项目,正面的
巨星科技拟1.25亿美元收购美国Arrow公司,正面的
梦百合：控股股东计划增持5000万-1亿元,正面的
亚厦股份：1174万元转让正泰装饰51%股权,正面的
保利地产：2017年净利增长25.8%，证金持股升至4.7%,正面的
星云股份：与比亚迪及其子公司签署设备采购合同,正面的
会畅通讯年报拟10转8派1元,正面的
超华科技：收到设备购置奖励金 预计增厚利润近705万元,正面的
国际医学与阿里巴巴签署合作协议 打造丝路健康新起点,正面的
德赛电池年报净利增长18% 拟10派2.5元,正面的
奥拓电子：筹划员工持股计划,正面的
碧水源：中标48.45亿元PPP项目 2017年净利增近四成,正面的
联泰环保：拟联合竞标总投资近30亿污水处理PPP项目,正面的
通达动力：总经理拟增持10万-120万股,正面的
漳州发展：近3亿元漳州诏安摘地,正面的
粤高速A：控股股东重组改革，将整合广东联合电子及南粤交通,正面的
江苏索普：年报净利同比增244% 拟10派1.2元,正面的
拓邦股份：中标2.1亿元中国移动项目,正面的
合兴包装：收购股权事宜通过国家反垄断审查,正面的
胜利股份：胜利投资持股达到9.99%，上位第一大股东,正面的
八菱科技：员工持股计划完成购买1348万股,正面的
南洋股份：上调业绩预期，业绩预增518.79%-568.79%,正面的
中孚实业拟800万元收购中孚炭素剩余4.71%股权,正面的
罗牛山：前11月生猪销售收入同比增长27.95%,正面的
凯普生物剧情反转：成泉资本这次“围猎”居然失手！,正面的
华建集团：中标1.22亿元上海临港设计勘察项目,正面的
云南白药：白药控股完成混改，新华都陈春花入选董事,正面的
新坐标一季报预增60%-80%,正面的
山东金泰：拟筹划收购麦凯智造婴童文化51%股权,正面的
同济科技中标1.5亿元水净化项目,正面的
泰瑞机器：年报净利同比增13% 拟10转3派1.3元,正面的
科大讯飞：与华为全面战略合作 共同做强人工智能产业生态,正面的
永太科技：全资子公司通过美国FDA现场检查,正面的
保利协鑫能源控股权易主 上海电气拟购江苏中能股权,正面的
首航节能：收到一份采购合同和一份合作协议,正面的
正泰电器：董事陆川完成增持计划,正面的
视觉中国：与淘宝：软件签订战略合作协议,正面的
曙光股份：前十月新能源客车销量同比增长2293.33%,正面的
天广中茂：与蚁米控股共建区块链技术研发中心的实施主体系子公司,正面的
昂立教育：中金集团增持 成为公司第一大股东,正面的
人福医药：年报拟10派1.6元，净利同比增长148.52%,正面的
四川双马：22.39亿元出售部分水泥资产 拟战略转型,正面的
梦网集团：拟出售兴业电力85%股权，12月14日复牌,正面的
国科微：筹划收购深圳华电通讯有限公司,正面的
山东墨龙：控股股东质押股份不存在平仓风险,正面的
宁波海运半年报增八倍,正面的
万科A1：广信房产资产包完成交割,正面的
华新水泥：2018年净利预增139%至159%,正面的
华泰证券母公司六月净利环比增85.56%,正面的
美都能源停牌筹划出售公司非能源产业资产,正面的
榕基软件：中标3676万元海关总署系统改造项目,正面的
海大集团：近3亿收购大信集团60%股权 加强北方市场布局,正面的
南方航空：出资412亿元购买20架空客A350-9,正面的
券商六月财报出炉 中信证券净利环比增近六成,正面的
苏泊尔收购WMF品牌中国市场消费者产品业务,正面的
"国风塑业：预计2018年实现归属于上市公司的净利润约9,500万元",正面的
金贵银业：收到湖南资管方面首笔流动性支持资金1亿元,正面的
和顺电气：子公司签下两份EPC总承包合同，总价2.28元,正面的
鲁信创投：累计出售华东数控415.1万股，实现投资收益占去年净利102%,正面的
围海股份中标3.5亿元重大工程,正面的
正海磁材：预计2017年盈利5726.82万元-1.05亿元,正面的
招商蛇口：拟回购1.73亿股股份,正面的
中航机电拟斥资1.5亿至3亿元回购公司股份,正面的
通鼎互联控股股东计划增持不低于1500万股,正面的
南方汇通：中标10.63亿元水处理工程运营项目,正面的
金路集团获控股股东增持1861万股,正面的
多伦科技：签1220万车驾管业监控平台合同,正面的
华泰证券：母公司2018年12月净利7.53亿元,正面的
康旗股份：实控人拟购买公司树脂镜片业务相关资产,正面的
【捷成股份：2017年度业绩预增30%-40%】,正面的
凯莱英：与昭衍新药、药物研发公司Covance战略合作,正面的
南京银行：参股公司江苏金融租赁首发过会,正面的
美达股份：预计上半年净利为2400万元-2600万元，同比增长137%-157%。,正面的
中核科技2018年净利最高可达1.06亿元 同比增长138%,正面的
浙江富润半年报增长16倍,正面的
传艺科技：正筹划收购美泰电子100%股权 明起停牌,正面的
理邦仪器2018年度净利润预增135%-165%,正面的
东风科技拟吸收合并东风汽车零部件集团,正面的
深康佳A拟募资30亿元研发智能电视,正面的
海立股份停牌 控股股东筹划与公司相关的重大事项,正面的
同德化工一季度业绩预增40%-90%,正面的
读者传媒拟斥资2亿元发起设立黄河财险,正面的
特发信息：发行可转债申请获深圳国资委批复,正面的
四川金顶停牌筹划收购深圳市海盈科技股权,正面的
泰达股份控股股东或变更为泰达控股,正面的
双杰电气：公司及子公司中标1.74亿元采购项目,正面的
歌力思收购薇薇安谭时装股权,正面的
中国人寿预计财年净利润增加约55%到75%。,正面的
华夏幸福：三家下属公司分别获约15亿元增资,正面的
美亚柏科年报拟10转6派2元,正面的
贵州茅台：第一季度净利85.1亿元 同比增长近40%,正面的
金浦钛业实控人两兄弟解除一致行动人关系,正面的
中信国安：拟21.72亿转让子公司股权 获益30亿元,正面的
东方园林：中标逾14亿元PPP项目,正面的
星云股份：与宁德时代签下1.02亿元服务承包合同,正面的
粤泰股份：拟推第二期员工持股计划,正面的
山河药辅年报拟10转5派2元,正面的
天虹股份2017年净利同比增37% 拟10转5派4.5元,正面的
广电运通：子公司与腾讯就微信乘车码业务签订合同,正面的
银轮股份：确定为通用CSS625T平台水空中冷器定点供应商,正面的
万达电影：1-8月累计票房60亿同比增长12%,正面的
中信海直：获得民用无人驾驶航空器经营许可证,正面的
宗申动力：实控人拟增持不低于1000万元,正面的
上海梅林拟2.2亿元收购光明生猪41%股权,正面的
中国天楹：签署扬州江都区垃圾焚烧发电项目合作协议,正面的
安德利：实控人增持1.25%股份,正面的
完美世界：拟回购5-10亿元公司股份,正面的
派生实业向控股股东增资25亿元 鸿特科技实控人将变更,正面的
悦达投资：减持江苏银行股份386.37万股,正面的
海航基础：拟以260亿元对价收购基础产业集团100%股权,正面的
富祥股份年报拟10转10派5元,正面的
新华保险发布澄清公告：目前正在筹划董事会换届事宜,正面的
西藏珠峰半年报拟10派6元,正面的
美尚生态：中标3.28亿元项目；签下一份4.29亿元项目合同,正面的
雪迪龙：预中标8580万元项目,正面的
合金投资：重组标的已确定为专业技术服务业资产,正面的
建投能源：拟发行可转债募资20亿元 投建两发电项目,正面的
元成股份预中标15.8亿元重大工程PPP项目,正面的
美格智能年报拟10转7派1元,正面的
方大特钢：控股股股拟发行不超30亿元可交换债,正面的
沃尔核材一季度业绩预增100%-150%,正面的
*ST南风部分分公司恢复生产,正面的
国统股份：预中标1.29亿元污水处理厂及管网工程,正面的
南方汇通控股股东一致行动人完成股份购买计划,正面的
*ST云网：北京证监局12月18日召开听证会 听取公司申辩,正面的
爱仕达：拟回购不超1.56亿元股份,正面的
中超控股：控股股东19亿转让29%股份 实控人将变更,正面的
普利制药一季报：净利同比增长200.38%,正面的
太龙照明2017年净利增24% 拟10转7派2.5元,正面的
沃施股份控股股东计划增持不超2%股份,正面的
国祯环保中标合肥市望塘污水处理厂改建工程DBO项目,正面的
游族网络不满股价过低 计划一年内回购至少3亿,正面的
汇顶科技：国家集成电路大基金超28亿收购公司股份,正面的
兴源环境及其子公司预中标12.24亿元PPP项目,正面的
国美通讯：筹划定增事宜 明日起停牌,正面的
康旗股份：实控人拟购买公司树脂镜片业务相关资产,正面的
顺丰控股2017年净利润47.71亿元 拟每10股派2.2元,正面的
天首发展半年报减亏五成,正面的
腾达建设：实控人拟增持不低于3亿元 股票复牌,正面的
万达电影：控股股东已耗资亿元增持股份,正面的
武汉控股：拟以44.04亿元对价收购六家公司股权,正面的
海航创新：转让1470万股华龙证券 预计获利4570万元,正面的
华润三九3.8亿收购山东圣海保健品65%股权,正面的
南宁糖业扭亏为盈 2015年实现净利5985万元,正面的
中国石油：2017年净利预增165%-203%,正面的
古越龙山：参股公司新三板挂牌获批,正面的
四通新材：年报拟10转2派3.3,正面的
华域汽车2015年净利润48亿 拟每10股派8.1元,正面的
深圳惠程拟19.61亿收购群立世纪、哆可梦控股权,正面的
凯撒文化：预计2018年一季度盈利5764.77万元-6533.41万元，同比增,正面的
南洋股份：上调业绩预告 2017年净利预增519%,正面的
和晶科技非公开发行股票申请获审核通过,正面的
金河生物：年报业绩增长36%，推10股转15股,正面的
元力股份控股股东拟协议转让公司8.05%股份,正面的
华西能源：签订3.46亿英镑重大EPC工程总包合同,正面的
金逸影视：拟10转6派6元 成泉资管进入十大流通股东,正面的
晶盛机电签订3.65亿元合同 股价涨停,正面的
京蓝科技重大资产重组获证监会审核通过,正面的
明阳电路年报拟10转5派3元,正面的
龙元建设中标4.58亿元工程项目,正面的
首开股份：2018年签约金额1007亿元 同比增46%,正面的
上海电力：重组无条件过会，9月22日复牌,正面的
紧急停牌 中天能源、丹化科技或易主,正面的
安纳达年报：净利同比增长285.24%，拟10派1元,正面的
吉视传媒子公司与国话影视传媒签订战略合作协议,正面的
顺络电子拟45亿元投建新型电子元件及精密陶瓷项目,正面的
文科园林：年报拟10转6派1元,正面的
招商银行悉尼分行正式开业,正面的
江河集团收购光正眼科医院股权 加码眼科医疗,正面的
环旭电子：出售腾讯控股、中国平安股票 确认投资收益,正面的
国统股份：草签雅县交通基建PPP项目合同,正面的
联建光电：实控人倡议全员增持 承诺兜底,正面的
北汽蓝谷拟建高端智能生态工厂，一期投资25亿元,正面的
东旭光电：拟出资1亿元设立前海子公司整合石墨烯业务,正面的
赢合科技一季度净利预增50%-65%,正面的
中孚实业获控股股东增持246.8万股,正面的
齐心集团：中标工商银行等多家单位的项目,正面的
嘉欣丝绸上修2017年度业绩预告,正面的
远达环保：拟出售所持西南证券不超1000万股,正面的
伊戈尔：涨幅较大，1月11日起停牌核查,正面的
南威软件：中标海南1018万元平台项目,正面的
江南水务：江阴市拟上调自来水水价 对公司影响较大,正面的
鞍重股份：年报拟10转7派0.24元,正面的
中设集团：中标西藏一公路勘察项目,正面的
新钢股份三季报预增约371%-443%,正面的
星辉娱乐与宝马签署全球独占授权合同,正面的
拟近60亿收购深粮集团 深深宝AB股复牌涨停,正面的
中航机电年报拟10转5派0.25元,正面的
赛腾股份拟6120万元收购半导体封测公司,正面的
牛散景华二度举牌冀凯股份,正面的
名家汇2018年净利预增78.51%-96.36%,正面的
美亚柏科年报：2017年拟10转6派2元,正面的
博信股份：拟协议转让博信矿业100%股份,正面的
融钰集团：拟9.8亿元现金收购新三板公司骏伯网络,正面的
成都路桥获宏义嘉华举牌 持股达5.05%,正面的
光大银行非公开发行优先股获批 拟募集不超过350亿,正面的
中环环保：股票交易异常波动停牌核查,正面的
四环生物半年报增长489%,正面的
华安证券：母公司8月净利4247.86万元,正面的
红太阳年报净利增长452% 拟10派5元,正面的
歌尔股份：前三季度净利近14亿元，同比增逾3成,正面的
赛轮轮胎：拟设立合资公司 扩大在越南生产规模,正面的
威华股份：控股股东增持1.36%股份,正面的
季报]永兴特钢一季度业绩预增30%-60%,正面的
中国铁建控股股东改制及更名,正面的
科伦药业：四个产品获美国FDA登记审核通过,正面的
洛阳玻璃年报净利增近八成,正面的
围海股份：签下温州1.59亿元项目合同,正面的
鲁西化工：一季报净利同比增长240.26%,正面的
​江特电机：年采选60万吨锂瓷石高效综合利用项目试产,正面的
龙元建设：预中标约2.57亿元PPP项目,正面的
赢时胜股东因离婚向前妻转让2783万股,正面的
回天新材：控股股东股票质押流动性风险解除 所涉纾困项目终止,正面的
中国海诚预中标9.25亿元工程项目,正面的
凯普生物回复问询函：推出高送转方案不存在配合成泉资本减持,正面的
深深房A：筹划重大资产重组延期复牌,正面的
小康股份：并购美国电池系统公司InEVit 特斯拉首任CEO全职加盟,正面的
南京新百半年报扭亏为盈,正面的
星辉娱乐董事长倡议员工增持 承诺兜底,正面的
保利地产1-4月签约金额1193.97亿 同比增长42.79%,正面的
齐心集团：中标工商银行等多家单位的项目,正面的
九洲药业：年报拟10转8并派现,正面的
美亚柏科：拟10转6派2元,正面的
捷捷微电年报拟10转9派5元,正面的
常熟银行：发行30亿元可转债获证监会核准,正面的
拓斯达复牌继续推进购买资产重大事项,正面的
八菱科技：拟斥资1亿至3亿元回购股份,正面的
三友化工：2017年净利近19亿元 同比增148%,正面的
晶盛机电签订3.09亿元重大合同,正面的
中国中铁：近期重大工程中标金额合计约289亿元,正面的
上海电力：拟6.05亿元收购国家电投旗下浙江新能源公司,正面的
顺丰控股：一季度净利润近10亿元增长三成 拟实施股票激励计划,正面的
中国建筑：签订总投资不低于1500亿元战略合作协议,正面的
华微电子年报预增122%-134%,正面的
我爱我家：控股股东提议1亿元-2亿元回购股份,正面的
华锋股份：拟8.27亿收购理工华创 进军新能源汽车零部件领域,正面的
华谊集团：控股股东拟增持不超1%股份,正面的
博瑞传播：拟8.2亿收购成都公交广告媒体资产,正面的
天健集团：子公司联合中标逾12亿元PPP项目,正面的
安靠智电：2017年度拟10转5派5,正面的
建发股份：去年净利润增长16% 证金持股升至4.9%,正面的
华英农业拟收购或参股乐港食品鸭产业相关资产,正面的
南威软件：2018年净利预增67%-94%,正面的
老百姓：拟1.17亿元重组收购江苏新普泽51%股权,正面的
航锦科技：拟不超3亿元回购股份,正面的
生益科技：年报净利同比增44% 拟10转4.5派4.5元,正面的
八菱科技：回购期届满，累积回购5.94%股份,正面的
片仔癀年报拟10转5派3.5元 净利增长6%,正面的
刚泰控股：控股股东及其一致人累计耗资3亿增持，完成增持计划,正面的
鹏辉能源拟定增超9亿元 投向锂电池项目等,正面的
华凯创意：联合中标约1.5亿元项目,正面的
东风科技拟吸收合并东风汽车零部件集团,正面的
洪涛股份拟作价3.4亿元收购涉外学院55%股权 职业教育板块未来可期,正面的
凯盛科技：实际控制人中国建材集团被确定为国有资本投资公司试点企业,正面的
招商轮船年报净利同比增长476% 拟10派0.66元,正面的
龙宇燃油：年报净利预增110%至146%,正面的
方盛制药：收到国家药监局核准签发的“伊班膦酸钠注射液”的《药品注册批件》,正面的
皖新传媒控股股东计划增持不超过2%股份,正面的
上海电力拟6.05亿元收购国家电投旗下浙江新能源公司,正面的
天茂集团：2017年国华人寿保费收入461亿元,正面的
三安光电预计去年净利31.5亿-32.5亿，增45.39%-50%。,正面的
东港股份股东提议年报10送5派7元,正面的
东方电子：中标9814万元招标采购项目,正面的
海螺水泥预计2018年净利润同比增长约80%-100%,正面的
江苏国信：2017年净利润同比增102.22%,正面的
国金证券母公司六月净利环比增近两成,正面的
上海建工：拟12亿元投资产业基金，参投城市更新项目,正面的
首份上市银行年报出炉 平安银行去年赚232亿元,正面的
中科信息年报拟10转8派0.5元,正面的
巨人网络：申请恢复重大资产重组行政审查,正面的
五粮液：2015年净利润同比增长5.85%拟每10股派现8元,正面的
长川科技：拟4.9亿元收购长新投资90%股权,正面的
润欣科技：2018年度分配拟10转5 业绩预减35%至65%,正面的
世荣兆业:一季净利增超40倍 养老金组合现身十大股东,正面的
皇氏集团：与博纳影业签署战略合作协议,正面的
国祯环保：联合中标污水处理厂改建工程项目,正面的
东杰智能：拟出资3500万元共同设立天津东杰智能停车服务有限公司,正面的
富满电子：2017年净利同比增逾五成 拟10转4,正面的
好想你控股股东、董事、高管及部分核心员工拟增持不超1.19亿元股份,正面的
法拉电子年报净利增9% 拟10派12元,正面的
三聚环保：王亚伟或清仓报道不实 明日复牌,正面的
珠江啤酒年报拟10转10派1元,正面的
高伟达澄清：2017年收入中未有区块链技术成果直接产生的收入,正面的
三聚环保：董事高管等合计增持4.8亿元 完成增持计划,正面的
云南城投：出资15亿与中国人寿设立健康养老基金,正面的
亨通光电：中标上海1.55亿元项目,正面的
龙净环保：实控人将变更为吴洁,正面的
东宝生物：2017年度净利同比增长16.59% 拟10派0.30元,正面的
中航机电拟1.5亿元至3亿元回购股份,正面的
中山公用：间接持股宁德时代,正面的
天润乳业：年报拟10转10派2.9元,正面的
星云股份：与比亚迪及其子公司签署设备采购合同,正面的
国元证券：母公司2018年净利5.02亿元,正面的
众合科技：联合中标9.7亿元PPP项目,正面的
阳光城：子公司64亿元收购北京慧诚房地产100%股权及债务,正面的
天沃科技 控股股东变更为上海电气,正面的
启迪桑德子公司签1.35亿元BOT特许经营许可业务协议,正面的
模塑科技：出售江苏银行股票470万股，税前收益约3200万元,正面的
[公司]顺丰控股已与各方达成共识 全面恢复业务合作和数据传输,正面的
民和股份：拟定增募资不超5.3亿元,正面的
中国平安一季度净利增11.5% 派发30周年特别股息,正面的
中航机电：2018年第一季度业绩报告预告,正面的
中洲控股：将获注中洲集团35亿元资产,正面的
福田汽车：1月至今累计获得政府补助6310万元,正面的
博汇纸业： 2017年净利预增约三倍,正面的
中国重汽全年销量同比增长,正面的
晶盛机电一季度业绩预增100%-130%,正面的
金财互联上半年净利同比增逾9倍 前三季度预增逾13倍,正面的
巨化股份年报净利增5倍 拟10转3派1元,正面的
【国风塑业：2018年净利预增58%】,正面的
模塑科技：拟择机出售江南水务、江苏银行股票,正面的
27日年报速递：荣华实业年报业绩扭亏为盈(更新中),正面的
模塑科技出售江苏银行股票 获收益3200万元,正面的
帝欧家居：拟8亿元建设智能马桶生产线,正面的
伊戈尔：上市至今涨幅较大 11日起停牌核查,正面的
洲明科技：拟2.53亿收购照明工程企业清华康利,正面的
房产结算面积大增 深物业A三季报大幅预增,正面的
力帆股份：拟4.65亿元出售力帆融资租赁51%股权,正面的
濮耐股份募资7.57亿元 完善上游布局,正面的
冀凯股份获景华二度举牌,正面的
东吴证券：母公司8月净利5787.15万元,正面的
南兴装备：并购重组获证监会通过,正面的
亿纬锂能2017年营收近30亿元，实现净利超4亿元,正面的
雅戈尔：再获控股股东增持1195.7万股,正面的
鲁抗医药拟竞购山东鲁抗赛特公司22.3%股权,正面的
药石科技：披露停牌核查情况，12月19日复牌,正面的
数据港：与阿里巴巴合建数据中心 HB33项目投资规模大幅增加,正面的
集友股份一季报预增47.63%至67.68%,正面的
创维数字一季报：净利6745万，同比增长119.01%,正面的
苏博特：拟投资2.8亿建设苏博特新材料产业园项目,正面的
上海电气拟收购江苏中能51%股权,正面的
环旭电子半年报实现倍增,正面的
三维通信：重组获审核通过 15日复牌,正面的
世荣兆业：一季度净利增长超40倍，养老金现身十大股东名单,正面的
纳思达：大幅向上修正2017年业绩 预增915%-1341%,正面的
希努尔拟收购仁华置业及西安天楠文旅股权,正面的
龙源技术上修前三季度业绩预告，预计扭亏为盈,正面的
科陆电子：签下约2.14亿元采购合同,正面的
海正药业：注射用帕瑞昔布钠获药品注册批件,正面的
韶钢松山：2017年净利同比增长2381.13%,正面的
海通证券：母公司2018年12月净利润9.43亿元,正面的
宝钢股份：2017年净利192亿元同比翻番,正面的
天舟文化：拟16.2亿对价收购游爱网络100%股权,正面的
航锦科技控股股东引入战投 将拓展公司军工业务,正面的
粤泰股份：拟收购地产项目碧海银湖 明起停牌,正面的
首开股份：前10月签约金额577亿元 同比降3%,正面的
龙元建设中标迁建工程PPP项目 总投资13.23亿元,正面的
新华都拟向控股股东剥离地产项目股权，继续筹划资产重组,正面的
*ST新能：拟1.5亿元至3亿元回购股份,正面的
华电能源：下属公司中标4587万元工程项目,正面的
索菲亚：已累计回购1.18%股份 耗资2.02亿元,正面的
恒生电子：2017年净利同比大增24倍 拟10派2.9元,正面的
城投控股：2.32亿元参与建科院增资项目,正面的
三聚环保称王亚伟清仓报道失实 股票4月17日复牌,正面的
天奇股份：新签订单不断放量,正面的
万盛股份：部分阻燃剂在全球范围内上调销售价格,正面的
汤臣倍健拟6.9亿澳元收购澳大利亚最大益生菌公司Life-Space,正面的
供销大集：拟43.4亿元收购远成物流70%股权,正面的
粤水电：联合体中标“东莞市轨道交通1号线一期工程PPP改造项目”,正面的
华东电脑：拟收购实控人旗下信息服务业务 继续停牌,正面的
凯龙股份：年报拟10转6派2元,正面的
龙大肉食：控股股东解除质押平仓风险,正面的
贾跃亭同意出售乐视网1.71亿股股票 融创中国60亿履约,正面的
桃李面包：2017年净利同比增长17.99%,正面的
冠昊生物：拟6亿元对价收购珠海祥乐全部股权,正面的
回天新材：控股股东股票质押流动性风险解除 所涉纾困项目终止,正面的
金健米业：控股股东拟增持2000万-5000万元,正面的
中设集团：中标2.71亿元项目,正面的
宏图高科公告，控股股东股份解除轮候冻结。,正面的
美都能源逾29亿元收购瑞福锂业98.51股份,正面的
恒丰纸业半年报增近两成,正面的
光迅科技：控股股东之控股股东筹划重组与公司无关,正面的
华夏幸福中标湘潭市雨湖产业新城PPP项目,正面的
宏润建设：公司参与的联合体中标一PPP项目,正面的
天赐材料一季度业绩预增530%-560%,正面的
川投能源：获长江电力举牌 持股达5%,正面的
万达电影：2017年实现87.8亿元票房，同比增15.7%,正面的
元成股份：预中标黄骅市2.09亿PPP项目,正面的
年报净利增近5成拟10转2派3.3元 四通新材涨停,正面的
开立医疗：三种体外诊断试剂产品已获广东省药品监督管理局批准,正面的
坤彩科技：2018年净利预增50%-60%,正面的
欣龙控股：京南公司溢价20%受让5.8%公司股份,正面的
联得装备拟10转10派2元 多家公司发布年报,正面的
四川路桥：拟发行不超25亿元可转债加码主业及补血,正面的
西南证券：出让重庆股份转让中心19％股权 不再合并其财务报表,正面的
华仁药业：与两公司签署业务合作框架协议,正面的
珠海港：拟定增募资不超14.81亿元加码主业,正面的
广汇能源：2018年净利预增169%-176%,正面的
天安新材：拟收购新材料企业广东中旗 明起停牌,正面的
上海电气：子公司6800万元参投人工智能产业基金,正面的
御家汇2017年度拟10转7派4元,正面的
中国铝业：拟127亿收购包头铝业等4家公司剩余股权,正面的
华懋科技：控股股东将公司10.7%股权转让给两名自然人,正面的
龙源技术：上修2017年业绩预告,正面的
天宇股份2018年度净利润预增54.72%-79.67%,正面的
TCL集团：重组有条件过会9月21日复牌,正面的
音飞储存上半年预增25%-30%,正面的
格林美：控股股东和实控人拟合计增持不超5000万元,正面的
斯太尔：中科迪高或收购公司控股权 23日起复牌,正面的
太原重工：年报营收增近七成，净利大幅扭亏,正面的
中国联通年报：净利同比增长176.4%,正面的
迪安诊断：控股股东定向减持股份，引入战略投资者天士力集团,正面的
世联行拟定增募资10亿元增资小贷项目,正面的
山东矿机：去年净利同比增567% 拟10转7,正面的
新时达拟4.05亿元收购之山智控100%股权,正面的
*ST柳化：对债权人申请公司进行重整无异议，9月21日复牌,正面的
国旅联合：年报营收同比增145% 净利扭亏,正面的
东旭蓝天中标湖南龙山县10.07亿PPP项目  助力生态脱贫,正面的
陕国投A：拟受让不超过1.48亿股长安银行股份,正面的
安徽合力：出资1亿参与组建安徽省属企业改革发展基金,正面的
一季报+分红救场 格力电器高开1.5%,正面的
中工国际签署8.89亿元肯尼亚输变电项目合同,正面的
天津磁卡：控股股东拟增持2000万元-4000万元,正面的
永东股份上半年净利润同比增长330.87%,正面的
华夏幸福之后 招商蛇口也与华为签订了合作协议,正面的
五矿资本年报预增60%,正面的
招商蛇口前4月签约销售额增逾两成,正面的
水晶光电：参股子公司在日本东京证券交易所上市,正面的
恒大高新：重组标的2017年前五月在王者荣耀分成收入合计超百万,正面的
宗申动力实控人携部分高管拟增持,正面的
上海新阳：首次回购股份39万股,正面的
博天环境：联合预中标逾24亿元PPP项目,正面的
中工国际：签署8.89亿元肯尼亚输变电项目,正面的
中海达拟收购地理信息行业资产,正面的
中钨高新：年报净利同比增862.66%，一季报净利同比增138.14%,正面的
环旭电子：10月份营业收入同比增21%,正面的
太平鸟：实控人及控股股东计划增持股份,正面的
莎普爱思：延期回复问询函和关注函，继续停牌,正面的
【中国化学：前11月累计新签合同额845亿元】,正面的
怡亚通股票5月16日复牌，深圳投控将晋身第二大股东,正面的
中国电建：前四月新签合同额1873亿元 同比增长6%,正面的
神剑股份实控人终止减持计划,正面的
常山北明与腾讯云签订框架合作协议,正面的
粤宏远A半年报预增2.5倍-3倍,正面的
信雅达：累计减持财通证券1180万股 料获收益逾7148万元,正面的
捷捷微电年报拟10转9派5元,正面的
银鸽投资：1元向控股股东剥离亏损资产 前三季扭亏,正面的
鲁北化工半年报增长109%,正面的
思美传媒：与新蓝网络设立传媒公司 开展短视频等业务,正面的
中原特钢：中粮集团无偿受让67.42%股份,正面的
盘龙药业：自查结束，11月30日复牌,正面的
山东墨龙(00568)称控股股东张恩荣质押股份不存在平仓风险,正面的
博天环境：中标宁夏吴忠市10.46亿元PPP项目,正面的
兴业证券母公司六月净利环比增逾九成,正面的
新宁物流前三季度业绩预增186%-211%,正面的
安徽合力拟1亿元参与组建安徽省属企业改革发展基金,正面的
万达电影：一季度累计票房29.6亿元，同比增30%,正面的
山东药玻：年报净利增39% 拟10转4派3元,正面的
雪莱特：股东拟增持不低于1亿元,正面的
上海建工中标33.8亿元施工工程项目,正面的
申达股份：上海纺织集团有限公司与东方国际集团联合重组,正面的
中文在线：与快手战略合作 提高内容吸引力,正面的
中国银河母公司六月净利环比翻番,正面的
东华软件：腾讯科技12.66亿元增资诚信电脑 用于向公司增资或共同对外投资,正面的
集友股份中报拟10转10，遭上交所闪电问询,正面的
【滨海能源：实控人变更 有意向增持公司股份及调整公司主营】,正面的
合众思壮：一季报净利预增近9倍,正面的
*ST新梅6日恢复上市 首日不设涨跌幅限制,正面的
白云机场十月份货邮与旅客吞吐量均倍增,正面的
腾达建设：实控人配偶已累计增持6334万元股票,正面的
晨鸣纸业：三季报预增71%-77%,正面的
融钰集团：拟9.8亿元现金收购新三板公司骏伯网络,正面的
隧道股份：子公司中标福州40.22亿工程项目,正面的
启迪桑德：年报拟10转4派4 获证金公司增持,正面的
盛和资源：联合收购美国稀土矿获当地法院批准,正面的
百利科技签12.95亿元智能产线设计建造合同,正面的
盈峰环境：拟152.5亿元收购中联环境100%股权,正面的
青山纸业半年报预增逾19倍,正面的
冀东水泥重大资产重组获批股票复牌,正面的
紫鑫药业与九州通签署1.95亿元购销协议,正面的
达华智能：重组标的为类金融行业资产 明日复牌,正面的
恺英网络：全资子公司拟以10.64亿元收购浙江九翎70%股权,正面的
【氯碱化工年报净利近10亿元 大幅扭亏为盈】,正面的
菲达环保因重大事项未公告 15日起停牌,正面的
西部黄金半年报预增40%-45%,正面的
天通股份：拟在海宁建设公司泛半导体研究院,正面的
莎普爱思：股东减持计划期间内未实施减持,正面的
证通电子：中选科技租赁深圳证通光明IDC机房项目,正面的
精功科技：签下1.05亿元设备采购合同,正面的
西陇科学去年净利9079万元 拟10转15派1元,正面的
亚星化学：控股股东转让13.2%股份 合虚实业成第一大股东,正面的
镇海股份：预中标5.49亿元项目,正面的
大连电瓷拟18.6亿元收购数字营销服务商紫博蓝,正面的
亿利洁能签订6.7亿元集中供热(汽)项目投资协议,正面的
海航控股：拟近19亿元收购控股子公司祥鹏航空20.14%股权,正面的
中润资源：控股股东正筹划重大事项，或涉重组,正面的
小康股份并购美国电池系统公司，“特斯拉之父”全职加盟,正面的
中国铁建：联合中标扬州58亿元PPP项目,正面的
罗牛山：子公司签合作协议，投资海口文化产业园项目,正面的
粤宏远A半年报预增2.5倍-3倍,正面的
华泰证券：母公司5月净利2.69亿元,正面的
凤凰光学：拟7.2亿元收购海康科技100%股权,正面的
长久物流：年报拟10转4派1.97元,正面的
科士达：中标2433万联通采购项目,正面的
中国中铁：中标45亿元以色列特拉维夫轻轨工程,正面的
中富通：中标华为服务公司黑龙江网优项目,正面的
精达股份年报预增50%-70%,正面的
深科技管理层自愿增持19.1万股,正面的
长春燃气拟定增15亿投向主业燃气改造工程,正面的
棕榈股份与平远县签署战略合作协议,正面的
ST云维半年报扭亏为盈,正面的
光洋股份与斯凯孚（SKF）签订战略合作协议,正面的
易联众：大股东张曦增持5%，成为实控人,正面的
索菲亚：已耗资2.02亿元回购1.18%股份,正面的
创意信息拟发起成立5G实验室,正面的
金溢科技：将与专业机构展开ETC与交通大数据区块链研究,正面的
力源信息上半年净利润同比增长近6倍,正面的
上市公司今日数据：润欣科技2018年度分配拟10转5,正面的
维维股份拟6500万卖超科食品10%股权 公司或增利2854万,正面的
贵州燃气去年净利增38% “牛散”成碧娥潜伏,正面的
海联讯：大股东中科汇通终止筹划股权转让事项，12月21日复牌,正面的
暴风集团：公司股票9月18日开市起继续停牌,正面的
东方园林：联合中标近15亿元PPP项目,正面的
老板电器：2017年实现净利润14.61亿元 同比增21.08%,正面的
福斯特年报净利降三成 拟10转3派6元,正面的
大北农：控股股东再增持259万股,正面的
地产收入贡献大 中航高科半年报增九倍,正面的
捷顺科技一季度净利同比预增150%至200%,正面的
金龙羽：中标深圳供电局1.82亿元招标项目,正面的
金贵银业：拟20-24亿元收购宇邦矿业65%股权,正面的
启明信息：上调三季报业绩预期,正面的
大禹节水：拟参与高效节水灌溉项目 总投资5亿元,正面的
申达股份：上海纺织集团与东方国际集团联合重组,正面的
首开股份：前11月签约金额613亿元，同比微降,正面的
北斗星通：2017年净利1.05亿 同比增103%,正面的
江淮汽车：与大众汽车合资生产纯电动车项目获发改委批准,正面的
水泥企业宁夏建材、祁连山前三季度业绩大增,正面的
中粮地产：拟147亿元收购港股大悦城地产64.18%股份，4月17日复牌,正面的
同方股份：子公司寻求海外上市报道不属实,正面的
酒钢宏兴：2018年净利预增156%左右,正面的
新纶科技：拟收购阿克伦公司45%股权，布局下一代柔性显示材料,正面的
宝胜股份：非公开发行股份事项获国资委批复,正面的
华建集团：下属公司联合中标1.22亿元项目,正面的
中航黑豹：拟更名为“中航沈飞”,正面的
正平股份：拟4.35亿元收购科盛环保，拓展水处理等业务,正面的
西王食品年报拟10转4派1.08元,正面的
中船科技：对外出租闲置物业，对净利润影响积极,正面的
大禹节水：拟参与高效节水灌溉项目 总投资5亿元,正面的
普邦股份：中标3.57亿元前海项目,正面的
隧道股份子公司中标30.8亿人民币新加坡交通廊道项目,正面的
雷科防务一季度预增80%-110%,正面的
伊之密：三季报预增151.47%-181.28%,正面的
万科A：宝能旗下资管计划到期后签署补充协议 ,正面的
瑞尔特：年报拟10转6派5元,正面的
周大生：2017年净利同比增近四成 拟10派6元,正面的
众应互联拟以资产置换方式收购瀚德信用45%股权 布局金融科技,正面的
洪涛股份：拟5亿元收购新概念公司51%股权,正面的
亿帆医药：拟要约收购新加坡一家生物医药公司逾90%股权,正面的
博腾股份拟购北美生物药企CDMO资产,正面的
诚益通：员工持股计划累计买入299万股,正面的
鲁西化工：己内酰胺二期项目投产,正面的
*ST椰岛：获海南红棉及其一致人王正强举牌 持股达5%,正面的
得润电子：与深圳迪滴签订服务合同,正面的
科林环保拟8亿“卖子”加码光伏 主营业务或将变更,正面的
新和成：2017年净利17亿元 同比增41.55%,正面的
法尔胜重组拟12亿元收购摩山保理100%股权,正面的
长城影视1.68亿收购马仁奇峰64.5%股权,正面的
顾地科技：控股股东股份质押的平仓风险已解除，3月2日复牌,正面的
久联发展子公司中标9.74亿元项目,正面的
赛轮轮胎：拟设立合资公司 扩大在越南生产规模,正面的
【天坛生物：拟获注大股东逾30亿元血制品资产 明日复牌】,正面的
杰瑞股份：控股子公司获准在新三板挂牌,正面的
金贵银业公告，拟20-24亿元收购宇邦矿业65%股权，构成重大资产重组,正面的
华泰证券：母公司2月净利7294.53万元,正面的
中国重汽重卡产销两旺 前七月增长逾八成,正面的
南威软件：预计2018年净利同比增66.95%-94.13%,正面的
新和成：2017年净利17亿元 同比增41.55%,正面的
华兰生物：平顶山市鲁山县采血浆站获批,正面的
国风塑业：控股股东完成增持计划，累计增持1000万股,正面的
大业股份：拟3000万元至5000万元回购,正面的
奋达科技：发布股权激励预案 净利润有望三年翻番,正面的
铁汉生态：承接乌鲁木齐约10亿PPP项目工程,正面的
航天发展：拟逾15亿收购航天开元等三家公司股权,正面的
比亚迪：比亚迪汽车工业及戴姆勒向腾势新能源增资8亿元,正面的
长高集团：中标1.95亿元国家电网项目,正面的
合众思壮：九高管计划增持不低于1.2亿元,正面的
恒立液压年报净利增长443% 拟10转4派2.2元,正面的
深圳机场2015年净利5.22亿 同比增逾九成,正面的
祁连山：预计前三季度净利同比增长180%,正面的
生物股份：大股东转让部分股票收益权,正面的
汇鸿集团将获控股股东注入11.76亿元资产,正面的
江淮汽车控股股东增持75万股,正面的
葛洲坝：联合中标383亿元尼日利亚水电站项目,正面的
成都路桥：获四川宏义嘉华实业举牌 持股达5.05%,正面的
软控股份拟认购境外公司eCobalt股份 获得钴矿矿产包销权,正面的
鹏起科技：实控人宋雪云拟通过信托计划继续持有公司股票,正面的
乐视网：股票仍需继续停牌,正面的
【兰州民百：2018年净利预增1003.86%至1031.75%】,正面的
天通股份：拟投建泛半导体材料与设备技术研究院,正面的
瑞康医药2017年净利润同比增七成,正面的
​一汽夏利：前11月汽车销量同比下降约三成,正面的
永兴特钢成功研制超大直径锻制不锈钢无缝管坯,正面的
铁汉生态：新疆区域PPP项目部分复工,正面的
海大集团：2.99亿收购大信集团60%股权，未来中国饲料行业究竟会如何发展？,正面的
贵州茅台：市场对于公司过高的目标股价及估值不代表公司的态度,正面的
金龙羽：预中标1.53亿元广东电网采购项目,正面的
上海建工：25亿元竞得南京某地块使用权,正面的
首航节能：拟2亿元在雄安新区设立全资子公司,正面的
博天环境：联合预中标24亿元PPP项目,正面的
中煤能源年报净利增近两成 拟每股派0.055元,正面的
奋达科技拟推600万股限制性股票激励计划,正面的
保税科技：停牌系筹划重大事项，或构成重组,正面的
鸿路钢构子公司签订1.45亿元大单,正面的
实达集团控股股东继续增持,正面的
中富通获武器装备科研生产单位二级保密资格,正面的
万华化学:拟对控股股东万华化工实施吸收合并,正面的
历时逾一年的豫园股份重组 获有条件过会,正面的
尚纬股份：近期累计中标1.51亿元项目,正面的
红牛诉讼影响告一段落 奥瑞金复牌逼近涨停,正面的
上海新阳：首次回购股份39万股,正面的
元力股份：控股股东转让1970万股股份,正面的
易联众：获微医集团举牌 或继续增持,正面的
北京银行：今年安排总额不超80亿元的不良贷款核销额度,正面的
比亚迪新能源车1月销量同比暴增 公司称未来增长可期,正面的
华安证券获准成为机构间私募产品报价与服务系统做市商,正面的
中航机电拟发债收购航空军工资产 2日复牌,正面的
长高集团：实控人通过信托计划增持576万股,正面的
融钰集团与中车公司、海淘车进行平行进口车业务战略合作,正面的
神火股份半年报扣非净利增长1107%,正面的
宝鹰股份非公开发行股票获证监会核准批文,正面的
年报看台｜券业龙头调结构加速，国泰君安利息净收入增逾两成,正面的
神州高铁：与腾讯云计算签署框架合作协议，共同推动移动互联网、云计算、物联网、大数,正面的
冀凯股份：第二大股东增持695万股 成为公司第一大股东,正面的
万达电影：公司现金流充裕 无任何偿债风险,正面的
豫园股份：重组通过反垄断审查,正面的
万科A拟不超168亿元参与私有化普洛斯 18日复牌,正面的
易华录：预中标天津市汽车电子标识试点工程项目,正面的
中环股份：重组无条件过会，5月8日复牌,正面的
远望谷拟10亿元收购两公司股权 24日起复牌,正面的
上海家化控股股东溢价18%要约收购20%股权,正面的
盛屯矿业加码钴材料业务 12亿元收购科立鑫,正面的
云海金属：参股公司轻合金精密压铸件项目投产，预计实现年净利约1亿元,正面的
日出东方：江苏银监局批准江苏苏宁银行开业,正面的
吉翔股份：董事长累计增持290万股，同时上调增持计划的最高价,正面的
阳泉煤业年报预增265%-300%,正面的
天首发展：停牌系公司正筹划收购事项，构成重组,正面的
现代制药：拟公开发行不超过20.35亿元可转债,正面的
龙元建设：中标4.62亿元施工项目,正面的
康美药业获控股股东增持300万股,正面的
*ST新能：拟1.5亿元至3亿元回购股份,正面的
海王生物：虎杖苷注射液获准开展美国II期临床试验,正面的
浙商证券股价飞涨 这家公司持股市值已超自身市值！,正面的
深深宝A：4月4日复牌，拟近60亿收购深粮集团,正面的
中国中铁：与河源市战略合作 初拟合作项目总投资约1000亿,正面的
山东路桥：子公司路桥集团中标约5.58亿元PPP项目,正面的
康力电梯 ：拟战略性投资江苏天一,正面的
文投控股：投资《唐人街探案2》最终利润预计为3000万元,正面的
“兜底式增持”重出江湖  科融环境董事长：你们先上,正面的
新研股份上半年净利润同比增长4倍,正面的
久其软件：拟配股募资12.45亿元收购上海移通，11月17日复牌,正面的
科伦药业：半年报预增180%至230%,正面的
安阳钢铁年报净利增长1199%,正面的
小天鹅A：一季报净利5.11亿，同比增长28.66%,正面的
上海建工：中标25亿元重大工程,正面的
荣晟环保年报预增两倍 因造纸业景气度提升,正面的
海联金汇：全资子公司与北汽福田就区块链等方面签战略合作,正面的
海联讯：深圳盘古溢价近40%受让29.85%公司股份 明日复牌,正面的
特锐德：公司预中标“青岛市地铁1号线工程交流40.5kV开关柜及继电保护装置、SVG装置采购项目”，中标价9477万元,正面的
中兴通讯：正在采取措施以遵守拒绝令，积极寻求解决方案；会吸取过去在出口管制合规方面的教训，高度重视出口管制合规工作，把合规视为公司战略的基石和经营的前提及底线，将配合独立合规监察官开展各项监管工作,正面的
宗申动力拟10.5亿收购大江动力100%股权,正面的
宁夏建材半年报扭亏为盈,正面的
祁连山：前三季度净利同比增长184.52%,正面的
万润科技：控股股东质押股份不存在平仓风险,正面的
航天发展：拟逾15亿收购航天开元等三家公司股权，3月29日复牌,正面的
桃李面包：2017年度净利润预增18% 重回快速增长通道,正面的
一汽夏利拟逾5亿元增资天津一汽丰田,正面的
天银机电：新产品订单大增前三季净利预增25%-35%,正面的
翰宇药业：拟4亿至8亿元回购股份,正面的
最新中报业绩:受益煤价上涨 盘江股份净利暴增5767倍,正面的
鞍钢股份：2017年年度业绩报告预告,正面的
泛海控股携阿里云共建建设武汉CBD智慧新城,正面的
同济科技：控股子公司中标7.82亿元工程项目,正面的
贵研铂业：云锡控股将其持有39.34%的股份无偿划转给贵金属集团持有,正面的
云赛智联：重组无条件过会7月4日复牌,正面的
华大基因：部分董事、高级管理人员拟增持不低于3000万元,正面的
恺英网络：公司正与英雄互娱进行区块链项目投资事项洽谈工作,正面的
安车检测：年报拟10转8派2.5元,正面的
万安科技年内累计获得政府补助2542.12万元,正面的
博天环境：联合体中标6.29亿元PPP项目,正面的
新时达与京东在智慧物流、机器人等领域开展合作,正面的
柏堡龙：拟斥资1亿-2亿元回购公司股份，回购价格不超过25元/股。,正面的
先导智能：2017年营收翻倍 净利增85%,正面的
中国神华：前9月煤炭销售量同比增长13.9%,正面的
华夏幸福：三家下属公司分别获约15亿元增资,正面的
农行千亿定增获证监会审核通过 将成A股最大规模再融资,正面的
中国人寿与中国华能签署全面战略合作协议,正面的
铁汉生态签署战略合作协议，拟投资50亿元,正面的
阳谷华泰：2018年业绩预增75%至95%,正面的
坤彩科技：预计2018年净利同比增加50%-60%,正面的
冀凯股份：年报拟10转7派0.1元,正面的
中曼石油：与洲际油气就伊拉克项目进行合作,正面的
三六零回应“股东质押借款600亿”：不涉及新增贷款,正面的
创维数字：一季报预增78.58%-159.75%,正面的
招商蛇口：2018年销售金额超1705亿元，同比增51%,正面的
美年健康、唯医、大象医生达成战略合作,正面的
三垒股份：拟33亿收购早教机构美杰姆 布局教育行业,正面的
富邦股份：2017年拟推10转8派1元,正面的
唐人神：控股股东拟出让6.93%股份引入湖南资管,正面的
海大集团：拟近3亿元收购大信集团60%股权,正面的
泰豪科技年报预增89%到105%,正面的
中信建投拟定增募资不超130亿元加码主业,正面的
美的集团与广药集团就机器人及医疗器械开发等方面战略合作,正面的
黑猫股份：朝阳黑猫搬迁并技改扩产项目试生产,正面的
格力电器：公司预计未来在产能扩充及多元化拓展方面的资本性支出较大，为谋求公司长远发展及股东长期利益，公司需做好相应的资金储备。公司将进行2018年度中期分红。,正面的
均胜电子拟不超过22亿元回购公司股份,正面的
神雾环保控股股东拟筹划涉及公司的重大事项,正面的
中鼎股份成为宁德时代供应商,正面的
汉商集团 2565万股接受要约收购,正面的
山东钢铁停牌拟收购钢铁资产,正面的
特锐德预中标9477万元采购项目,正面的
力帆股份2017年新能源汽车销量增长39%,正面的
国祯环保：预中标11亿元PPP项目,正面的
方正电机控股股东提前终止减持计划,正面的
圆通速递四月份快递收入17.76亿元 单票收入同比降低1.15%,正面的
中来股份：股东拟增持不超过总股本2.4%,正面的
康泰生物：13价肺炎球菌结合疫苗Ⅲ期临床试验数据完成揭盲,正面的
新联电子控股股东拟增持不超5000万元公司股份,正面的
三祥新材：控股股东提议年报10转4派1.5元,正面的
熙菱信息获签1.59亿元工程合同,正面的
45.46亿元收购交智科技 千方科技进军安防领域,正面的
一汽夏利：一汽股份拟转让公司部分股份 控股股东将变更,正面的
财通证券业绩快报：去年营收和净利微降 总资产大幅增长,正面的
三一重工：一季度净利翻倍 证金公司大幅增持,正面的
合众思壮：签下新疆10.17亿元PPP项目合同,正面的
中国化学：联合中标安徽安庆133亿元PPP项目,正面的
浙江龙盛：二季度净利小幅增加，证金公司持股增至4.89%,正面的
建新股份：一季度预增1949%—2359%,正面的
长园集团：与沃尔核材就控制权纠纷达成和解协议，1月10日复牌,正面的
雄帝科技：签1200万美元海外合同,正面的
[季报]力源信息一季度业绩预增159%-176%,正面的
跨境通2.7亿元全资控股帕拓逊，两年内至少净赚4.5亿元,正面的
重庆港九：年报预增466.68%至507.78%,正面的
中粮集团无偿受让67.42%中原特钢股份，将择机注入优质资产。,正面的
科大智能：子公司被列入国家增强制造业核心竞争力专项，获得5534万补助,正面的
罗牛山：大股东拟10日内斥资0.5亿至1亿元增持公司股份,正面的
中航机电拟发债收购航空军工资产 2日复牌,正面的
透景生命年报拟10转5派4元,正面的
中文在线：与快手战略合作 提高内容吸引力,正面的
保利地产：1-2月签约面积374.41万平方米，同比增长71.63%；签约金额5,正面的
以岭药业：子公司制剂产品获得美国FDA批准文号,正面的
花王股份：中标8.24亿元PPP项目,正面的
国药股份：每10股派现4.5元,正面的
三圣股份拟定增募资不超9.62亿元,正面的
江铃汽车：10月份销量同比下降8.44%,正面的
宝新能源：转让百合网13.37%股权,正面的
美诺华：签重组框架协议 拟并购宏元药业股权,正面的
光迅科技：非公开发行不超过1.29亿股获证监会核准,正面的
葵花药业共同实控人离婚，所有股权归男方,正面的
辅仁药业：媒体报道不实，老子养生非公司控股子公司,正面的
康美药业：与昆明市政府达成康美健康城合作意向,正面的
中国平安全年净利润890.9亿元 同比增42.8%,正面的
高能环境年报预增15%-35%,正面的
桃李面包：年报拟10派8元,正面的
雅戈尔：预计一季度净利近百亿元 增幅近7倍,正面的
东方嘉盛与华为、腾讯等联合发起设立前海改革创新技术联盟,正面的
远东传动(002406.SZ)2018年度净利润升44.94%至2.71亿元 拟每10股派0.5元,正面的
宗申动力：实控人和高管拟增持不低于2400万元,正面的
我武生物2017年净利同比增44% 拟10转8派4元,正面的
美力科技拟斥资5000万至9500万元回购公司股份,正面的
天坛生物：拟获注大股东逾30亿元血制品资产，12月14日复牌,正面的
华建集团下属公司中标工程设计项目,正面的
众生药业三项化药专项课题列入国家“重大新药创制”科技重大专项,正面的
中持股份：联合体中标9.06亿元水环境治理PPP项,正面的
三花智控：子公司成为蔚来公司第二代量产车供货商,正面的
创业软件证券简称变更为“创业慧康”,正面的
维力医疗：重组标的曝光 拟收购狼和医疗器械公司,正面的
亿联网络：拟不超1.05亿元参设云服务产业投资基金,正面的
岭南股份年报拟10转13派1.75元,正面的
中海达2017年度业绩预增239%-269%,正面的
长川科技年报拟10转9派1.5元,正面的
双林股份:控股股东终止减持计划 提振股价,正面的
乐视网：股东大会议案全部通过 孙宏斌等当选非独立董事,正面的
天安新材：拟收购新材料企业广东中旗，3月2日起停牌,正面的
方大炭素：前三季度业绩预增逾24倍,正面的
宁波海运：拟8.43亿向控股股东收购水路货运业务资产，5月16日复牌,正面的
安泰科技：拟置换注入控股股东旗下稀土永磁业务，12月6日复牌,正面的
陆家嘴：拟出资109亿元收购陆金发100%股权,正面的
众泰汽车：与福特签署纯电动乘用车业务合作备忘录 明日复牌,正面的
新宏泰：拟43.2亿并购天宜上佳 涉足轨道交通领域,正面的
激智科技实控人拟增持不超3%股份,正面的
恺英网络与盛大游戏子公司达成战略合作意向,正面的
神雾节能部分董监高增持计划完成 耗资2.97亿元,正面的
凯瑞德董事长买入481万股公司股票,正面的
*ST众和：股票交易异常波动，12月21日起停牌核查,正面的
华西能源：欧洲再签30亿垃圾发电工程重大合同,正面的
安科瑞年报：拟10转5派1元,正面的
广州市属机电资产整合提速 广日股份控股股东国有产权划转,正面的
道恩股份年报拟10转10派1.6元,正面的
积成电子：获山东省国有资产投资控股举牌,正面的
健帆生物2018年净利4亿元 同比增四成,正面的
阳泉煤业半年报预增逾8倍,正面的
云天化：预计前三季业绩同比扭亏,正面的
氯碱化工：半年报净利润预增47.27%,正面的
海格通信子公司预中标4.27亿元中国移动采购项目,正面的
[年报]山东矿机2017年净利同比增567% 拟10转7,正面的
财联社4月9日讯，家家悦：年报拟10派4元。,正面的
永泰能源：一季度净利预增369%-416%,正面的
泰禾集团：40亿受让恒祥置业股权及债权 增加项目储备,正面的
宏图高科：控股股东及实控人增持计划延期6个月履行,正面的
【正邦科技：控股股东逾2亿元增持 完成增持计划】,正面的
洽洽食品拟1.15亿元购买三瑞农科约11%股份,正面的
三圣股份拟定增募资不超9.62亿元,正面的
国统股份：中标总投资1.29亿元唐山芦台经开区PP,正面的
通鼎互联：中标近4亿元中国联通光缆采购项目,正面的
奥马电器：一季度净利预增70%-95%,正面的
汤臣倍健：拟6.9亿澳元收购澳洲益生菌企业Life-Space的100%股份,正面的
翰宇药业拟斥资4亿至8亿元回购公司股份,正面的
云内动力获控股股东增持457.95万股,正面的
天邦股份拟1.5亿元转让广东天邦 可获利1.2亿元,正面的
云南锗业：半年报净利同比增长107.12%,正面的
招商蛇口：1-4月签约销售额417亿元 同比增逾两成,正面的
仙琚制药：一季报预增120%-160%,正面的
柳工：媒体报道公司债券跟踪评级被下调不符事实,正面的
荣盛发展：去年净利增近四成拟10派4.2元，社保基金新进第九大股东,正面的
精达股份：年报净利预增50%至70%,正面的
大立科技：收到3165.4万元军品订货合同,正面的
TCL集团2018年拟每10股派发1元,正面的
兴业科技：向上修正业绩预告 2018年净利预增150%至190%,正面的
天奇股份拟5850万元收购锂致实业65%股权,正面的
佩蒂股份2017年度净利同比增长33% 拟10转5股派5元,正面的
雪榕生物：海底捞对外投资平台有意入股公司,正面的
国泰君安：2018年12月母公司净利11.58亿元,正面的
华鼎股份：拟29亿收购通拓科技100%股权开拓跨境电商业务,正面的
长海股份半年报拟10转10,正面的
神州长城预中标市政道路PPP项目,正面的
山大华特上半年实现净利1.47亿 社保基金合计持股3.19%,正面的
环旭电子：10月份营业收入同比增21%,正面的
神开股份：映业文化拟半年内增持不低于7.45%股份,正面的
安井食品业绩快报：上半年净利同比增37.4%,正面的
中国巨石年报净利增四成 拟10转2派2.5元,正面的
华帝股份：定增获批,正面的
德生科技：自查工作完成 明日复牌,正面的
数据港中标常山云数据中心项目一期工程项目,正面的
新纶科技：年报净利增两倍 拟10转10派0.35,正面的
中材国际去年净利增348% 拟10转4送1派1.71元,正面的
三维通信重大资产重组获证监会批准 公司股票15日起复牌,正面的
“爬行增持”争先手 东方银星要约收购线上博弈加剧,正面的
金谷源27日起更名“藏格控股”,正面的
星云股份：2017年拟10转10派1元,正面的
太钢不锈：一季报净利增长351%,正面的
艾艾精工拟收购德国BODE剩余49%股份,正面的
世联行：1.98亿元间接收购昆仑工坊项目物业所有权,正面的
元成股份预中标15.8亿元重大工程PPP项目,正面的
湘潭电化：定增募资不超5.28亿元获省国资委批复,正面的
八菱科技：回购期届满 累计回购5.94%股份 ,正面的
瀚叶股份：耗资808万元实施首次回购,正面的
天通股份：预计2018年净利同比增80%-95%,正面的
新兴铸管：控股股东拟增持不超2%股份,正面的
特力A拟筹划资产出售事项 继续停牌,正面的
华仁药业：拟配股募资不超7亿元偿债及补血,正面的
中国铁建：中标123亿元PPP项目,正面的
国光电器上半年净利增近8倍 音响订单大幅增长,正面的
拓邦股份中标2.1亿元中国移动项目,正面的
北方华创子公司中标8.58亿元硅棒扩建项目,正面的
中信国安拟21.72亿转让子公司股权 获益30亿元,正面的
雪榕生物上半年净利预增逾2倍 股价一字涨停,正面的
蓝帆医疗2015年净利同比增长175% 拟10转10派4元,正面的
合众思壮：签下4份委托加工合同，总价6.92亿元,正面的
爱建集团：4.23亿股股份接受广州基金要约收购，3月13日复牌,正面的
九洲药业半年报增长93%,正面的
沧州大化：年报净利同比增246% 拟10转4派5元,正面的
科大讯飞与北京汽车签署战略协议 将在智能车联网等领域合作,正面的
拉芳家化：拟3440万元收购蜜妆信息26.8%股权,正面的
东方时尚修改回购方案，回购金额由0.5亿-3亿元调整为1.5亿-3亿元。,正面的
*ST海投：筹划重大资产重组，明起停牌,正面的
神雾环保控股股东拟筹划涉及公司的重大事项,正面的
宣亚国际：签署重组框架协议，拟收购映客运营主体蜜莱坞48%股权,正面的
兴业银行：出资20亿参股国家融资担保基金,正面的
证监会：华通医药可转债获通过、健康元配股获通过,正面的
艾华集团年报净利增逾一成,正面的
科大讯飞：与华为全面战略合作 共同做强人工智能产业生态,正面的
山东金泰获杭州纯阳资产管理举牌,正面的
绿庭投资：近日减持申万宏源651万股,正面的
东方新星：2018年业绩预告大幅向上修正 同比预增59至62倍,正面的
久远银海半年报拟10转10,正面的
恺英网络：全资子公司拟10.64亿收购浙江九翎70%股权,正面的
亨通光电：子公司中标3.17亿元采购项目,正面的
姚记扑克控股股东拟减持2%股份 受让方持股将超5%,正面的
*ST椰岛获海南红棉及其一致人王正强举牌,正面的
杭州园林：签下近3亿元工程项目,正面的
久立特材：签下6742万元镍合金无缝钢管买卖合同,正面的
勘设股份：签3.15亿美元海外工程合同,正面的
东方网络：东柏文化或将成控股股东,正面的
远达环保：拟出售所持西南证券不超1000万股,正面的
海南瑞泽：实控人拟增持1亿元-2亿元,正面的
首航节能：拟在张家口设孙公司为开展雄安新区业务开路,正面的
川投能源 获长江电力举牌,正面的
比亚迪：3月新能源车销量为1.39万辆,正面的
帝欧家居拟8亿元建设智能马桶生产线,正面的
三木集团：获阳光集团上海实业增持 逼近举牌线,正面的
至纯科技：中标上海华力相关项目 对业绩影响积极,正面的
中鼎股份：子公司成沃尔沃供应商,正面的
佳创视讯：与天威视讯、广电网络等开展“VR+广电”合作,正面的
恺英网络全资子公司与盛大游戏子公司签订战略合作协议,正面的
明泰铝业一季报预增八成,正面的
中信证券：母公司2018年12月净利6.47亿元,正面的
晨鸣纸业：前三季业绩预增71%-77%,正面的
华新水泥：2017年净利20.78亿 同比增359.73%,正面的
易华录：联合中标淮海数据湖PPP项目 总投资逾39亿元,正面的
中国铁建：联合体中标75.36亿元BOT项目,正面的
天目药业：转让房产，预计获利1500万元,正面的
东方电热：预计2018年净利同比增75%-105%,正面的
海南瑞泽1.5亿元收购佛山绿润10%股权 扩展环保产业,正面的
万盛股份：拟以发行股份方式购匠芯知本100%股权,正面的
深赤湾A年报净利下降5% 拟10派13.9元,正面的
亚泰集团年报预增400%-430%,正面的
中粮糖业：上半年净利3.5亿元 同比增长270%,正面的
得润电子：子公司成一汽大众MEB电动车平台供应商,正面的
东北制药：子公司两个品种新增纳入国家基本药物目录,正面的
中金环境年报拟10转6派0.5元 证金现身一季报十大流通股东名单,正面的
鸿利智汇控股子公司收到政府补贴4233万元,正面的
济川药业：5种药品被纳入安徽医保目录,正面的
银河磁体上半年净利润同比增长110%,正面的
东旭光电：子公司收到2.42亿元国家新能源汽车推广补贴,正面的
华策影视：实控人之女拟增持1.57%公司股份,正面的
【贵州燃气：一季度营收及净利增逾四成】,正面的
方大集团2018年净利增长96% 拟10派2元,正面的
信隆健康：三季报净利增长97.33%,正面的
旺能环境：2017年度净利增长七成，拟10转7派2.5,正面的
朗科智能原实控人的继承人已签遗产继承协议,正面的
赛轮轮胎：拟设立合资公司，扩大在越南生产规模,正面的
掌趣科技：实控人转让0.94%股权 引入林芝腾讯,正面的
国投资本：子公司安信证券2018年12月净利1.39亿元,正面的
汇顶科技：国家集成电路大基金超28亿收购公司6.6,正面的
鸿利智汇：拟2.3亿元收购谊善车灯51%股权,正面的
文化长城:与潮州国企战略合作 涉大股东股权质押业务,正面的
招商蛇口：太子湾获准设立“中国邮轮旅游发展实验区”,正面的
百川能源年报预增50%-60%,正面的
康芝药业控股股东及实控人拟增持约1亿元公司股份,正面的
杭氧股份：业绩变动不影响非公开发行股票,正面的
乐视网澄清：嘉睿汇鑫已支付完毕全部投资款项,正面的
中国建筑：近期获得295亿元重大项目,正面的
赣锋锂业与中植投资筹划共同投资电源电池公司,正面的
首航节能：拟在雄安新区设立全资子公司 注册资金2亿元,正面的
渤海轮渡：拟每10股派发现金红利4元,正面的
金固股份：回购股份比例达2% 耗资1.39亿元,正面的
得润电子:子公司成为一汽大众T-Cross供应商,正面的
兆新股份：1元转让深圳市嘟嘟单车51%股权,正面的
合众思壮：去年净利6058万 同比增51%,正面的
富祥股份：2017年净利同比微增 拟10转10派5元,正面的
电科院上半年业绩预增231%-260%,正面的
丽江旅游：实控人变更为张松山,正面的
三六零回应“360股东质押借款600亿”报道：不涉及新增贷款,正面的
数码科技：预计2018年净利同比增119.20%-146.6%,正面的
恒泰实达：拟17.88亿元收购辽宁邮电99.854%股权,正面的
福耀玻璃：出售北京福通75%股权 投资收益6.6亿元,正面的
中远海特：3.52亿元投建2艘内贸汽车船,正面的
东杰智能：预计2018年净利同比增60.06%-85.24%,正面的
中粮地产筹划重大资产重组事项股票继续停牌,正面的
上海钢联：钢银电商设立全资子公司,正面的
宏润建设中标4.85亿元重大工程,正面的
中广核技：上半年实现净利润1.45亿元，同比增长13.98%。,正面的
天沃科技：签5460万元供货合同,正面的
中南传媒：年报拟10派6元 合计派现10.78亿元,正面的
中来股份公告，实控人协议转让公司7.3%股份，引入战投华君实业。,正面的
天沃科技：中标4648万元项目,正面的
*ST尤夫：航天科工投资拟收购公司控股股东股权,正面的
易事特停牌筹划购买资产事项,正面的
亿联网络：拟不超1.05亿元参设云服务产业投资基金,正面的
鸿博股份“快乐十分”视频型彩票游戏正式上线,正面的
保税科技：控股股东拟半年内增持公司不超2%股权,正面的
公司拟进行混改 百利电气股价涨停,正面的
华润医药拟入主江中集团 江中药业实控人或生变,正面的
盛屯矿业：上半年净利预增67%-89%,正面的
上海钢联Q1营收179亿 1-6月利润或稳定增长,正面的
中南建设中标21.7亿元PPP项目,正面的
招商蛇口拟以最高40亿回购1.73亿股 回购价不超过23.12元/股,正面的
国企结构调整基金再出手 认购中国国航2.31亿增发股,正面的
红太阳：前三季净利预增超12倍,正面的
富祥股份年报拟10转10派5元,正面的
良信电器发布年报称，2017年度拟10转5派2.5元；全年净利润为2.1亿元，同比增29.6%。,正面的
晨鑫科技：刘德群和刘晓庆转让公司20.44%股份,正面的
格林美：2017年营收超百亿元，净利翻倍,正面的
中信证券：母公司2018年12月净利6.47亿元,正面的
TCL集团：大股东及一致行动人提议10派1元,正面的
傲农生物：子公司傲新华富拟4996万元收购资产,正面的
联美控股拟参与受让信达财险13.33%股权,正面的
*ST中安澄清：不存在超过6亿元筹码面临爆仓的情形,正面的
海通证券：4月母公司净利润4.5亿元,正面的
氯碱化工年报净利近10亿元，大幅扭亏为盈,正面的
小商品城半年报预增八成,正面的
东华科技签订8.74亿元景观工程承包合同,正面的
中百集团：2018年净利4.29亿元 同比增长534%,正面的
杰恩设计：2017年拟推10转15派15元,正面的
国民技术拟80亿元投建化合物半导体生态产业园,正面的
首创股份中标17.75亿饮水工程PPP项目,正面的
电连技术控股股东提议10转8,正面的
九洲药业：年报拟10转8并派现,正面的
杰恩设计拟10股转15股派15元 2017年净利增长50%,正面的
哈药股份一季度净利1.4亿，同比增201.22%,正面的
华大基因：预计一季度净利约1亿元 同比增长不超11%,正面的
广东榕泰：拟收购5G数据中心企业能通科技股权,正面的
龙江交通：控股股东转让部分股份获国资委批复,正面的
方盛制药股东方锦程拟增持不低于100万股,正面的
海普瑞：子公司获美国FDA准许开展II期临床试验,正面的
岷江水电：2018年净利预增56%,正面的
华灿光电上半年净利预增逾3倍,正面的
帝欧家居业绩快报：2018年净利同比增6倍,正面的
人福医药：子公司人福医疗集团拟共同设立医养投资公司,正面的
江苏神通：控股股东拟增持1%至5%股份,正面的
吉林化纤：控股股东增持149万股,正面的
白银有色：重组已过会，5月11日复牌。,正面的
上海银行率先出台措施 前3大股东增持不少于1.18亿元,正面的
全通教育拟3840万投资“中国教育在线”运营方,正面的
美芝股份：拟收购建元建设51%股权 5日起停牌,正面的
力帆股份：拟定增募资24.8亿元投资新能源汽车项目,正面的
智飞生物：年报净利同比增长12倍，一季报预增近3倍,正面的
比亚迪：全年净利润40.7亿元人民币 同比下降19.5%,正面的
蒙娜丽莎年报：净利润3.02亿元 拟10转5派1.94元,正面的
东方海洋公告，董事长发出增持股票倡议书，承诺员工在11.33元/股以下买入的股票产生亏损由董事长兜底。,正面的
华鼎股份：引入国资背景股东新兴动力、义乌金控,正面的
保利地产：前11月签约金额3682.91亿元，同比增长34%,正面的
年报]华瑞股份2017年净利同比增44% 拟10转8派1元,正面的
新纶科技：签下PI项目合作协议，布局柔性显示关键材料产品,正面的
中环股份：与中科院微电子所等签署高端半导体产业战略合作框架协议,正面的
北方国际：收购克罗地亚公司布局海外风电项目,正面的
齐峰新材：总经理增持86万股，不排除继续增持,正面的
华兰生物：平顶山市鲁山县单采血浆站获批,正面的
辰欣药业：一季报预增120%到140%,正面的
川大智胜公告，实际控制人、董事长游志胜增持50万股，且不排除继续增持。,正面的
高新发展：子公司签订64亿元PPP项目合同,正面的
鲍斯股份筹划重大事项 4月1日起停牌,正面的
天山生物：重组无条件过会，12月21日复牌,正面的
森源电气签订3.11亿元EPC总承包合同,正面的
东杰智能：2018年净利预增60.06%-85.24%,正面的
绿庭投资出售申万宏源股票 获利约2715万元,正面的
【圆通速递：拟4.5亿元增资浙江驿栈】,正面的
清源股份：拟出资2.37亿元人民币和2.5万欧元设立11家子公司,正面的
葛洲坝：联合体中标248.55亿元PPP项目,正面的
华泰证券母公司六月净利环比增85.56%,正面的
神州高铁：拟参与投资设立轨道交通产业并购投资基金,正面的
【泰合健康：2017年净利同比增108% 拟10送3派0.8元】,正面的
【塔牌集团：去年净利增近六成 拟10派3元】,正面的
海正药业：浙江国资委同意公司以定增实施员工持股,正面的
富满电子：2017年净利同比增逾五成，拟10转4,正面的
万泽股份：继续推进重大资产重组 明日起复牌,正面的
棕榈股份：中标1.63亿元EPC项目,正面的
【新力金融：公司已增持股份827.63万股】,正面的
长城动漫继续推进重大事项 26日复牌,正面的
片仔癀：4999万港元增资片仔癀电商国际贸易香港公司,正面的
大众交通1亿元增资入股中车城市交通有限公司,正面的
四川双马：地震未造成影响,正面的
深圳惠程拟19.61亿收购群立世纪、哆可梦控股权,正面的
生物股份：大股东转让部分股票收益权,正面的
广电运通：子公司与腾讯就微信乘车码业务签订合同,正面的
南京新百：拟近60亿间接并购美国生物医疗公司Dendreon,正面的
中国建筑1-5月新签合同7812亿元 同比增长16.5%,正面的
上海建工中标33.8亿元施工工程项目,正面的
神火股份：非公开发行股票获河南省国资委批复,正面的
【塔牌集团：前三季度净利同比增122.14%】,正面的
创业软件：中标1315万元医疗大数据项目,正面的
金路集团半年报增长三倍,正面的
万孚生物：2017年净利增长45% 拟10转8派5,正面的
新文化31日复牌 拟收购电视栏目制作公司,正面的
中超控股：控股股东筹划转让所持公司股权 明起停牌,正面的
通宇通讯控股股东计划增持3000万元至1亿元股份,正面的
上海莱士：同方股份拟收购公司不超29.9%股份,正面的
罗牛山：1-11月生猪销售收入同比增长27.95%,正面的
思维列控拟联姻蓝信科技 标的IPO曾被否,正面的
中信证券：拟不超134.6亿收购广州证券 明日复牌,正面的
阳光城拟逾64亿元收购北京慧诚房地产,正面的
华立股份：拟5.16亿元投建装饰复合材料生产项目,正面的
中国太保：前两月合计保费收入851亿元,正面的
长园集团：子公司长园盈佳将出售所持坚瑞沃能4.81%股份补血,正面的
宝新能源：转让百合网13.37%股权,正面的
上海三毛：拟挂牌出售两子公司股权,正面的
中大力德：股价异动核查完毕，9月13日复牌,正面的
贵州茅台年报预增58% 因销量增长,正面的
通源石油：拟1200万美元增资美国全资子公司,正面的
东软集团与甘肃省开展战略合作,正面的
皖江物流去年净利1.96亿元同比扭亏,正面的
永利股份：前三季净利预增130%-160%,正面的
天创时尚：拟8.78亿元收购小子科技100%股权,正面的
富邦股份：2017年拟推10转8派1元,正面的
天宝食品控股股东遭强平被动减持57万股,正面的
东旭光电：新增13款客车入选新能源汽车推荐目录,正面的
北特科技：拟4.73亿元收购新三板公司光裕股份100%股权,正面的
藏格控股：签订1.85亿元氯化锂分离浓缩装置购销合同,正面的
凯美特气：一季报预增210%-260%,正面的
玲珑轮胎公告，拟在12个月内，以不超过20元/股的价格，回购2.5-4亿元股份，用于公司的股权激励。,正面的
旋极信息：一季度净利预增40%-70%,正面的
健友股份：一季报净利同比增长116.87%,正面的
小康股份：与百度签署战略合作协议,正面的
江河集团收购光正眼科医院股权 加码眼科医疗,正面的
森源电气签订3.11亿元EPC总承包合同,正面的
【亿纬锂能：2017年预计盈利3.78亿元-4.28亿元】,正面的
新文化：拟不超1亿元投资电影《美人鱼2》,正面的
瀛通通讯：实控人增持3.86万股,正面的
中富通：拟筹划第一期员工持股计划,正面的
万集科技：中标电子标签采购项目,正面的
捷捷微电：年报拟10转9派5元,正面的
京投发展：去年净利增10.77%，拟10派2元,正面的
永太科技：全资子公司永太药业通过美国FDA现场检查,正面的
中国铁建(01186.HK)中标30.2亿元潼南区施工总承包项目,正面的
凌钢股份上半年扭亏 预计盈利4亿元,正面的
中科信息年报拟10转8派0.5元,正面的
三维通信：一季报扭亏，预计盈利1500万元-2200万元,正面的
置信电气：前三季度净利预减七成 控股股东完成公司制改制,正面的
陕国投A：拟受让不超过1.48亿股长安银行股份,正面的
中国联通预计2017年净利润同比增177.6%,正面的
海南橡胶：控股股东承诺5年内注入全部经营性橡胶相关资产,正面的
国海证券：2015年净利17.93亿元同比增159.83%,正面的
万科A：7月销售金额355.6亿元环比降近三成,正面的
长白山：南景区6月1日重新对外开放，每日限额3000人,正面的
【美诺华：签重组框架协议 拟并购宏元药业股权】,正面的
广哈通信：预计2018年净利润同比增66.54%-73.77%,正面的
中金环境员工增持超1亿股 股价拉升部分人已浮盈,正面的
数据港拟与阿里巴巴合作建数据中心,正面的
涪陵榨菜筹划重大事项 29日起停牌,正面的
羚锐制药：已累计回购股份633.16万股，耗资4788.41万元,正面的
梦网集团拟将兴业电力85%股权转让给森源电气,正面的
康美药业：与昆明市政府达成康美健康城合作意向,正面的
首钢股份：预计2017年盈利22亿元,正面的
深圳华强集团签约雄安新区，未来三年在河北要投超过600亿,正面的
光迅科技：非公开发行股票事项获证监会核准,正面的
茂业商业：拟15.65亿元收购维多利集团70%股权,正面的
华邦健康获控股股东增持逾2300万股 拟继续增持,正面的
东阳光科：控股股东增持719万股,正面的
京东方A披露三个投资项目，总投资高达965亿元,正面的
中体产业停牌筹划重大资产重组事项,正面的
棕榈股份：获河南省国资系战略入股，拟受让公司13.1%股份,正面的
中国建筑营收首破万亿 上市以来首次扩张股本,正面的
华伍股份拟不超1亿元回购公司股份,正面的
人福医药控股股东计划增持2.5亿-5亿元,正面的
国轩高科：董秘今日增持13万股 耗资350万元,正面的
拓邦股份：中标中国移动2.1亿元采购项目,正面的
猛狮科技：实控人拟增持不超2%股份,正面的
宏达矿业：总经理增持331万股，持股达到4.99%,正面的
世茂股份公告，2018年实现签约额271亿元，同比增长25%。,正面的
龙蟒佰利上半年业绩预增逾17倍,正面的
粤水电：联合中标5.97亿元截污次支管网工程总承包项目,正面的
光线传媒：减持104万股天神娱乐股份,正面的
久远银海半年报拟10转10,正面的
吉艾科技董事兼总经理计划增持5%-10%公司股份,正面的
旭升股份：拟公开发行不超4.2亿元可转债,正面的
西水股份：子公司天安财险前11月保费收入138亿元，同比增8%,正面的
苏宁易购：拟回购不超10亿元股份,正面的
龙韵股份：拟购买长影置业60%股权及长影娱乐47%股权 暂不复牌,正面的
新华百货：前三季度净利同比增长149.68%,正面的
绿庭投资：出售申万宏源股票651万股，净收益约2715万元,正面的
雅本化学：年报净利预增317%-347%,正面的
奥克股份2018年度净利润预增48%-57.55%,正面的
众兴菌业：回购计划实施完毕 耗资约1亿元,正面的
王府井：一季度实现净利4.54亿元 同比翻番,正面的
惠博普、洲际油气等签伊拉克油气田开发合作协议,正面的
久立特材一季度业绩预增70%-100%,正面的
江淮汽车：将继续就蔚来第二款车型展开合作,正面的
融钰集团与阿里巴巴签署合作框架协议,正面的
云铝股份因重大事项停牌,正面的
鞍钢股份：2017年实现净利润56亿元 同比增长247%,正面的
宜宾纸业：2018年净利预增82%-91%,正面的
新华都控股股东将10%股权转让至阿里巴巴成都及一致行动人，公司股票复牌,正面的
延长化建：一季度新签合同14.7亿，同比增长214%,正面的
吉宏股份：拟定增募资9亿元 加码包装主业,正面的
广联达：员工持股计划买入239万股,正面的
特力A核查完毕 不存应披露而未披露的事项股票复牌,正面的
吉林化纤：年报营收增近六成 净利增163％,正面的
可立克：参股中车时代 布局新能源车产业,正面的
宁波韵升：年报拟10转8派3元 投资收益大降,正面的
威孚高科拟布局轮毂电机两董事为何投弃权票？,正面的
2017年中国农业银行业绩分析：实现净利1929.62亿 同比增4.9%（图）,正面的
恒丰纸业：控股股东增持109万股，拟继续增持,正面的
星帅尔：年报营收净利均增长两成 拟10转5派3,正面的
圣农发展：半年报预增174.24%-219.94%,正面的
高伟达与蚂蚁金融云达成战略合作,正面的
万达电影拟发行股份购买万达影视传媒100%股权,正面的
津膜科技联合预中标8.34亿元PPP项目,正面的
恒瑞医药一季度净利增长16.95%,正面的
*ST海投：筹划重大资产重组 明起停牌,正面的
南京高科拟不超6亿认购南京银行定增,正面的
海航投资：重组标的为医疗及大健康资产 或涉及关联交易,正面的
公司投资│藏格控股拟投14亿建年产2万吨碳酸锂项目 切入锂产业,正面的
佳创视讯82位员工响应倡议 共增持69.22万股,正面的
南方汇通中标10.63亿元水处理工程运营项目,正面的
唐人神：控股股东拟出让6.93%股份，引入湖南资管,正面的
先达股份：预计2018年净利润同比增长104%-127%,正面的
浩云科技：拟出资8000万元设立重庆全资子公司,正面的
史丹利2015年净利增25% 拟10派2转10,正面的
双鹭药业：获得组全人抗CTLA-4单克隆抗体注射液药物临床试验批件,正面的
东方证券：定增事宜获证监会通过,正面的
海印股份：控股股东计划增持不超2%股份,正面的
【纳思达：大幅向上修正2017年业绩 预增915%-1341%】,正面的
黑猫股份：子公司搬迁并技改扩产项目试生产,正面的
三聚环保：关联交易已履行程序并披露 4日复牌,正面的
君正集团年报净利增36% 证金公司增持至4.9%,正面的
美年健康：一季报亏损，上半年净利润预增超7倍,正面的
东方精工：实控人11.7亿元对外转让部分股份,正面的
三峡新材：获批郑商所指定玻璃期货交割厂库,正面的
康达新材：控股股东唐山金控拟继续履行蒋华未完成的增持计划,正面的
盛屯矿业一季度净利润预计同比扭亏为盈,正面的
万达电影：2018年实现票房95.6亿元 同比增8.9％,正面的
宏图高科：重组标的曝光 拟并购中信金融租赁,正面的
爱建集团：6.72亿转让高锐视讯11.2%股权,正面的
维尔利：中标两工程总承包项目，合计金额1.52亿元,正面的
建艺集团：2017年拟10转7派1至1.5元,正面的
中国国旅年报拟10派5.2元 一季报净利增长6成,正面的
申通快递3月快递业务收入同比增长34%,正面的
亨通光电：子公司中标3.31亿元海底电缆项目,正面的
三超新材：年报净利预增105%-135%,正面的
九安医疗：子公司iHealth欧洲已获得小米的零售商授权,正面的
海思科：盐酸普拉克索缓释片获得受理通知书,正面的
飞科电器预计2017年半年度净利润同比增长50%-60%,正面的
华新水泥业绩快报：净利同比增长359.73%,正面的
北部湾港：控股股东提议公司回购1.5亿元至3亿元股份,正面的
坚瑞沃能引入战投进展：控股股东等已接洽若干大型央企及机构,正面的
绿城水务停牌筹划非公开发行股票事项,正面的
小商品城：控股子公司发生信用证逾期情况,正面的
兴业银行：出资20亿参股国家融资担保基金,正面的
海螺水泥：减持冀东水泥等三股 获利9亿元,正面的
江苏索普：拟48.92亿元收购醋酸及衍生品业务,正面的
振东制药获耀翔瑞天 及其一致行动人举牌,正面的
中工国际：国机集团成国有资本投资公司试点,正面的
东方电气上半年大幅扭亏为盈,正面的
中联重科(01157)向中联资本增资30亿元以设立中联产业投资基金,正面的
梅安森：2017年归母净利润扭亏为盈,正面的
世纪鼎利2015年度净利1.14亿增长161% 拟10转10派1.5,正面的
爱仕达：全资子公司出资1133万元控股上海索鲁馨,正面的
大丰实业：联合中标丹江口约4.64亿元PPP项目,正面的
捷成股份：红海行动票房已超21亿 公司获得的营收不,正面的
康普顿：网上中签率0.0432%,正面的
皇氏集团董事所持部分股票被强行平仓,正面的
科达股份：拟以32.76亿元对价收购四家公司100%股权,正面的
我武生物年报净利增四成 拟10转8派4元,正面的
唐人神：拟成立香肠业务公司并布局雄安 目标5年上市,正面的
中通国脉：拟4.14亿元收购IDC上海共创100%股权,正面的
康泰生物：13价肺炎球菌结合疫苗Ⅲ期临床试验数据完成揭盲,正面的
伊力特：伊力特集团拟受让公司全部国有股,正面的
坤彩科技：实控人提议按上半年可分配利润30%进行分红,正面的
辉煌科技：预中标1.42亿元工程项目,正面的
华体科技半年报增两成 地震未对公司造成影响,正面的
光一科技：中标3121万元项目,正面的
通威股份与中环股份签订重大销售与采购框架合同,正面的
深振业A：已深圳投控签署本次重组的框架协议,正面的
永高股份：实控人增持99.77万股并拟继续增持,正面的
海顺新材：年报拟10转5派5元,正面的
南极电商控股股东拟增持不超1亿元,正面的
天际股份：子公司新泰材料4个项目已竣工验收,正面的
久远银海半年报拟10转10,正面的
风语筑公告称，与芒果国际签订《战略合作框架协议》，在青少年主题IP开发及影视制作领域建立战略合作关系。,正面的
华自科技：公司成为军队采购入库供应商,正面的
金能科技：拟203亿投建新材料与氢能源综合利用项目,正面的
片仔癀：4999万港元增资片仔癀电商国际贸易香港公司,正面的
保税科技控股股东计划增持1%-2%股份,正面的
博世科一季报预增262%,正面的
荣盛石化年报拟10转5派1.2元,正面的
汉缆股份：中标5亿元国家电网采购项目,正面的
大族激光年报净利同比增121% 证金公司新晋第六大股东,正面的
一汽夏利控股股东正研讨股权转让方案 继续停牌,正面的
苏美达：拟10亿元收购控股股东旗下资产，4月25日复牌,正面的
万泽股份继续推进重大资产重组 股票明日起复牌,正面的
数字政通：中标9093万元PPP项目,正面的
江淮汽车：与大众汽车合资生产纯电动车项目获发改委批准,正面的
北京城建:子公司中标50亿元北京延庆区棚户区改造项目,正面的
中孚实业：拟20亿元成立子公司 推进高精度铝加工业务,正面的
成都路桥：控制权拟发生变更 宏义嘉华将成新控股股东,正面的
久远银海：中报拟推10转10股,正面的
【晨鑫科技：刘德群和刘晓庆转让公司20.44%股份 上海钜成成控股股东】,正面的
金杯电工：定增不超1.5亿股新股获证监会核准,正面的
银禧科技：兴科电子科技并表提升利润 全年业绩预增4,正面的
华凯创意：联合中标约1.5亿元项目,正面的
恒瑞医药：获得美国FDA国际多中心临床试验资格,正面的
济民制药：取得医疗器械生产许可证,正面的
克明面业：一季报预增80%-120%,正面的
中国石油：国有股份无偿划转完成过户登记,正面的
*ST中绒拟6.3亿元向控股股东出售羊绒等纺织品生产加工业务,正面的
三毛派神：三季报净利增长283.99%,正面的
嘉化能源拟26.9亿元现金收购美福石化100%股权 7日复牌,正面的
小康股份：预计前三季度净利增65.21%至72.1%,正面的
福田汽车获3.8亿元新能源汽车推广补贴款,正面的
15.3亿收购跨境电商泽宝股份 星徽精密复牌涨停,正面的
印纪传媒：逾13亿股限售股20日起上市流通 占总股本74.24%,正面的
齐心集团拟10股转5股派0.5元,正面的
威海广泰子公司中标政府约1.42亿元项目 或提振2018年业绩,正面的
鲁阳节能：一季报预增180%-230%,正面的
棕榈股份与肇庆市高要区签署80亿元战略合作框架协议,正面的
坤彩科技实控人提议以不少于上半年净利润30%进行本年度分红。,正面的
奋达科技：倡议增持期间员工累计买入2086.42万元,正面的
嘉欣丝绸 ：公司仓储用地等被征收，补偿金额1.9亿元,正面的
广汇能源：终止定增，转而配股募资不超40亿元,正面的
井神股份控股股东拟增持3000万元-1亿元,正面的
伟隆股份：年报拟10转7派3元,正面的
宗申动力：实控人拟增持不低于1000万元,正面的
融钰集团与中车公司、海淘车进行平行进口车业务战略合作,正面的
中国重汽：2017年重卡产量同比增59% 销量同比增68%,正面的
森特股份中标3.61亿元深圳国际会展中心项目,正面的
凯瑞德董事长买入481万股公司股票,正面的
中国铁建中标孟加拉铁路项目,正面的
新华医疗：拟1.07亿元转让长光华医8.2041%的股权,正面的
兴化股份2018年度净利润同比增长15.32%,正面的
现代投资上半年扣非后净利增近三成,正面的
龙元建设：预中标约3亿元PPP项目,正面的
航民股份：拟10.7亿元收购航民百泰100%股权，5月23日复牌,正面的
华泰证券：母公司2018年12月净利7.53亿元,正面的
苏州高新：拟2-4亿元回购股票,正面的
顺丰控股：11月营收76.18亿元，同比增长27.67%,正面的
天赐材料：同意旗下公司拟2亿美元采购锂矿,正面的
顺丰控股：“双节”前业务高峰影响 三季度增长超预期,正面的
新华保险：2017年全年净利润53.8亿元人民币,正面的
招商蛇口：2017年净利122亿元，同比增长27.54%,正面的
中国中铁：中标45亿元以色列特拉维夫轻轨工程,正面的
白云山：全资子公司天心药业被广东省药监局收回药品GMP证书,正面的
创力集团就合作开发电动重卡签署战略合作协议,正面的
蓝色光标澄清：公司不存在大规模裁员,正面的
三雄极光：年报拟10派12.5元,正面的
牧原股份拟向自家人募资50亿元加码主业,正面的
顺络电子：将在上海松江投资100亿元建设亚太区总部,正面的
博迈科：3617万股限售股22日上市流通，占总股本15.45%,正面的
汇源通信获乐铮网络举牌,正面的
黑芝麻：年报净利预增696.57%-941.67%,正面的
川大智胜：获得国家科技进步二等奖,正面的
淳中科技：拟近2亿元北京市海淀区购买房产,正面的
四环生物半年报增长489%,正面的
海峡环保预中标污水处理项目,正面的
辅仁药业：子公司涉嫌传销报道不实,正面的
中能电气：中标巴西国家电力机构约4.7亿项目,正面的
科林环保：拟以7.97亿挂牌出售科林技术100%股权,正面的
长航凤凰：年报预增363.14%-424.89%,正面的
能科股份：携手西门子等共建军民融合智能制造创新中心,正面的
中信证券(06030)5月母公司净利减少10%至4.7亿元,正面的
凯美特气上半年净利润同比增长145.7%,正面的
大北农：控股股东再增持259万股,正面的
八一钢铁重组拟与大股东资产置换,正面的
江苏索普：2017年净利同比增244%,正面的
围海股份：14亿并购千年设计88%股权 完善产业链,正面的
汤臣倍健业绩报喜股价不涨 今日大跌4.44%,正面的
江南嘉捷澄清媒体报道：三六零相关诉讼不会影响重组,正面的
中国建筑公告，公司1月新签合同额1793亿元，同比增长97.4%。,正面的
香江控股：拟25亿元现金收购控股股东资产，控股股东拟增持1%-2%股份,正面的
博瑞传播停牌筹划收购公交媒体资产及业务,正面的
首旅酒店：一季报预增94.9%-138.2%,正面的
环旭电子出售腾讯控股、中国平安股票 确认投资收益约1.24亿元,正面的
电科院上半年净利润同比增长246.74%,正面的
中国动力：控股股东中船重工改制为国有独资,正面的
浩物股份：拟11.86亿元收购内江鹏翔 明起复牌,正面的
玉龙股份：拟7.9亿控股玉汉尧石墨烯储能公司 布局锂电池材料,正面的
中国联通：获2017年度国家科技进步二等奖,正面的
今天国际：预计一季度净利润同比增长1倍-1.25倍,正面的
浩云科技：年报拟10转8派1.02元,正面的
新纶科技签署PI项目合作协议 布局柔性显示关键材料产品,正面的
国祯环保：联合中标9.73亿元PPP项目,正面的
东方证券：定增事宜获证监会通过,正面的
高科石化四位股东合计减持6.24%股份,正面的
棕榈股份：中标1.63亿元兴隆县河道治理工程项目,正面的
华电国际：一季度净利润同比增5707.04%,正面的
云投生态：联合中标7.1亿元道路工程建设项目,正面的
八菱科技：回购期届满 累计回购5.94%股份,正面的
通光线缆拟发行可转债拓展主业,正面的
华菱星马：前三季度业绩预计扭亏为盈,正面的
中科曙光：公司与腾讯云签署合作协议未涉及创新业务,正面的
隧道股份：子公司中标23亿元海外工程项目,正面的
首航节能：拟2亿元在雄安新区设立全资子公司,正面的
中信海直：获得民用无人驾驶航空器经营许可证,正面的
君正集团拟20.7亿收购中化物流剩余60%股权,正面的
津劝业：控股股东无意放弃控制权,正面的
福斯特年报净利降三成 拟10转3派6元,正面的
中航机电：去年净利同比微降 拟10转5派0.25元,正面的
百利科技：拟1.8亿元收购南大紫金锂电100%股权,正面的
片仔癀：拟4999万港元增资片仔癀电商国际贸易香港公司,正面的
吉药控股 控股股东转让股权,正面的
中南建设：上半年净利增5.12% 中标15亿元PPP项目,正面的
圆通速递：联合中标香港国际机场高端物流中心发展项目,正面的
江淮汽车：将继续就蔚来第二款车型展开合作,正面的
鞍钢股份年报：2017年净利同比增长246.84%,正面的
周末重要公告集锦：酒鬼酒上半年净利翻倍,正面的
国统股份：预中标5.1亿PPP项目,正面的
【名家汇：员工持股计划完成股票购买 累计买入3.17%股份】,正面的
西山煤电：17年净利预增245%-295% 煤炭业绩增幅较大,正面的
中粮糖业半年报增长270%,正面的
通合科技：重组有条件过会，12月20日复牌,正面的
埃斯顿拟收购德国自动化生产线公司半数股权,正面的
【中原环保：联合中标近14亿元PPP项目】,正面的
科士达：中标2332.99万元充电桩项目,正面的
海澜之家：拟公开发行不超30亿元可转债,正面的
中国铁建：下属公司中标42.3亿元项目,正面的
三花智控子公司成为蔚来二代车供货商,正面的
顺络电子：董事长及高管拟增持不超1亿元,正面的
【北斗星通：2017年净利1.05亿 同比增103%】,正面的
太极实业：国家集成电路产业投资基金以9.49亿元受让公司股权 将成第三大股东,正面的
力源信息：2017年净利预增近6倍,正面的
【南京高科：减持逾1200万股中信证券股票 增利1.2亿元】,正面的
创业软件：中标1315万元医疗大数据项目,正面的
宏大爆破上半年净利润同比增长19倍,正面的
围海股份中标3.5亿元重大工程,正面的
中国铁建公告，公司及下属公司联合体中标陕西省眉县至太白公路PPP项目，项目总投资122.95亿元。,正面的
丹化科技：大股东筹划重大事项，公司控制权或变更,正面的
海伦哲上半年业绩预增逾5倍,正面的
贵州燃气去年净利增长38% “牛散”成碧娥现身前十大股东,正面的
恒康医疗拟约17亿元收购澳大利亚影像诊断企业,正面的
万顺股份：拟2.76亿元收购江苏中基23%股权,正面的
跨境通：拟2.7亿元收购帕拓逊10%股权 实现全资控股,正面的
宏润建设：中标6.08亿元杭州地铁项目 金额占上年,正面的
金逸影视年报拟10转6派6元 成泉资管进入十大流通股东,正面的
宏大爆破上半年净利润同比增长19倍,正面的
步长制药拟1.6亿元控股九洲龙跃药业公司,正面的
捷顺科技筹划签署战略性合作协议 31日起停牌,正面的
铁流股份年报净利略降 拟10派11.5元,正面的
君正集团年报：证金持股由3.65%增至4.9%,正面的
回天新材：去年净利同比增长13.74% 2017年拟10派5元,正面的
鲁西化工年报净利增长672% 一季报增长240%,正面的
激智科技：重大事项涉及购买资产，2月26日复牌,正面的
重组过会 越秀金控、穗恒运A明日复牌,正面的
玉龙股份：拟7.9亿控股玉汉尧石墨烯储能公司，布局锂电池材料,正面的
比音勒芬：首次回购股份4.25万股,正面的
西藏珠峰：年报净利预增69.16%-92.23%,正面的
克明面业一季度业绩预增80%-120%,正面的
长春一东：拟收购控股股东旗下大华机械和蓬翔汽车的股权,正面的
国电南瑞：重大资产重组获国资委批复,正面的
亿帆医药：拟要约收购新加坡一家生物医药公司逾90%股权,正面的
索通发展2017年净利润5.47亿元，同比增长516%,正面的
阳光城：子公司拟31.85亿元收购地产企业 获广州,正面的
高伟达：2017年并未有关于区块链技术研发成果而直接产生的业务收入,正面的
宝信软件：拟与武钢集团等合资设立武钢大数据产业园,正面的
伊利股份：董事长潘刚治疗及恢复期间正常主持公司相关工作,正面的
北斗星通年报净利润同比增长103%,正面的
鹏起科技实控人方面拟增持9亿-10亿元,正面的
富森美：独董计划增持不超过1%股份,正面的
顶点软件：控股股东增持0.146%股份，拟继续增持1000万元-2000万元,正面的
博汇纸业：产品售价大幅上升 2017年净利预增约三倍,正面的
永兴特钢业绩快报：2018年净利同比增14% 拟10派10元,正面的
A股上市银行首份年报出炉 平安银行去年净利润232亿,正面的
华贸物流：间接控股股东拟向两家央企转让全部持股,正面的
万华化学拟522亿元吸收合并控股股东万华化工,正面的
常山北明：与腾讯商议部分股权转让事宜 股票停牌,正面的
广发证券2月净利润为1.38亿元,正面的
赢合科技：一季度净利预增50%-65%,正面的
嗨皮网络终止吴通控股100%收购事项,正面的
中国动力大股东一致人拟增持不低于1亿元,正面的
创业环保：联合中标4.38亿元PPP项目,正面的
津膜科技：联合中标9300万元PPP项目,正面的
航天发展：拟逾15亿收购航天开元等三家公司股权,正面的
太阳纸业：发行12亿元可转债获证监会核准,正面的
富祥股份：2017年净利同比微增，拟10转10派5元,正面的
金达威一季度净利润同比增4倍,正面的
广生堂：控股股东增持超25万股，占总股本的0.18%,正面的
新美星：年报拟每10股转增9股派6元,正面的
正平股份：公司预中标施工总承包项目 总投资约100亿元,正面的
卫星石化：不会受到对美国进口液化丙烷加征关税的直接影响,正面的
多喜爱：继续推进股权转让事项,正面的
三峡新材：获批郑商所指定玻璃期货交割厂库,正面的
新钢股份：全资子公司拟4亿元参与设立江西国资创新发展基金,正面的
勤上股份拟1.4亿控股华顿文体 深耕教育产业,正面的
深天马A：三季报预增50%-100%,正面的
胜利股份前三季度业绩预增逾284.60%,正面的
新和成年报：拟10转7派7元,正面的
万达电影：董事、高管拟增持股份,正面的
【吉林化纤：控股股东增持130万股】,正面的
欣旺达：全资子公司拟1.08亿元转让欧盛自动化90%股权,正面的
江河集团收购光正眼科医院股权 加码眼科医疗,正面的
光迅科技：拟定增募资不超10.2亿元,正面的
三六零：拟定增募资不超107.93亿元加码主业，股票复牌,正面的
蒙草生态：签署两PPP项目合作协议  总投资额21亿元,正面的
冀凯股份：控股股东及实际控制人变更为冯春保,正面的
招商公路：与部路网中心、外运长航战略合作,正面的
广汇能源：2018年净利预增169%至176%,正面的
金一文化：海科金集团拟受让公司20%股权,正面的
康泰生物公告，全资子公司民海生物自主研发的“13价肺炎球菌结合疫苗Ⅲ期”临床试验数据完成揭盲工作，进入统计分析与临床研究总结阶段。,正面的
长白山南景区6月1日重新开放 每日限额3000人,正面的
春秋航空半年报扣非净利增长五成,正面的
与阿里云达成战略合作 宝信软件涨停,正面的
山煤国际：拟23.7亿元收购河曲露天51%股权,正面的
华塑控股：拟重组收购遥望网络不低于51%的股权，5月31日起停牌,正面的
王府井：一季报净利4.54亿元，同比增长107.81%,正面的
斯太尔：中科迪高或收购公司股份获得控股权 23日复牌,正面的
西陇科学：拟收购山东艾克韦生物技术70%股权,正面的
花园生物：2018年净利预增130%-153%,正面的
围海股份：正式签订1.58亿施工合同,正面的
申能股份：子公司一项目获上海发改委核准,正面的
投资收益大增 曙光股份半年报增384%,正面的
卫星石化：去年净利增逾两倍,正面的
世纪华通：就游戏研发等与三七互娱签战略合作,正面的
科达股份：拟5000万元到1亿元回购股份,正面的
江西铜业：三季报预增50%-70%,正面的
众泰汽车：拟与福特汽车组建合资公司 合作纯电动乘用车业务,正面的
东华软件：腾讯科技12.66亿元增资诚信电脑，用于向公司增资或共同对外投资,正面的
东山精密筹划4亿元-6亿元员工持股计划,正面的
宏润建设中标6.09亿元轨道交通土建工程,正面的
旺能环境：2017年度净利增长七成 拟10转7派2.5,正面的
再升科技主要产品获欧洲EUCEB认证,正面的
新通联年报拟10转15 净利同比下滑38%,正面的
宏润建设中标3.03亿元工程项目,正面的
鹏起科技：1.11亿股10月20日解禁限售,正面的
金晶科技：年报净利1.44亿元 同比增282%,正面的
圆通速递：4月快递产品收入17.76亿元，同比增23%,正面的
金晶科技：2017年净利同比增282%,正面的
宜通世纪：预中标广东移动管线优化项目,正面的
神州长城：全资子公司商职医院堤角分院扩建获批复,正面的
贵州茅台第一季度净利润85.1亿元,正面的
东方日升：拟20亿元义乌投建太阳能电池组件生产基地,正面的
浦东建设：子公司中标8亿项目,正面的
宏润建设拟投资建设不超过60亿元PPP项目,正面的
中金环境2017年度净利5.91亿元 拟10转6派0.5元,正面的
新凤鸣：拟40亿元投建PTA项目 延伸产业链,正面的
北纬科技拟斥资6000万元至2.6亿元回购公司股份,正面的
黑猫股份：2017年净利增逾4倍 近2亿元新建发电项目,正面的
方大集团三季报预增198%-250%,正面的
信维通信：员工持股计划已买入2.57亿元股份,正面的
神州长城中标四川珙县中医院PPP项目,正面的
博汇纸业：年产14万吨文化纸项目恢复生产,正面的
易联众：大股东张曦增持5% 成为公司实控人,正面的
万科A：广信房产资产包完成交割,正面的
科斯伍德：油墨及相关产品价格上调5%-10%,正面的
武进不锈：实控人之一提议新分红方案 拟10派3.16元,正面的
盾安环境：签1.8亿施工合同,正面的
瑞尔特年报拟10转6派5元,正面的
晨鸣纸业一季度净利预增300%-340%,正面的
今天国际：中标3.68亿项目,正面的
中国人寿全年净利润323亿元,正面的
北新路桥中标3.99亿元铁路线下工程施工项目,正面的
美尔雅：实控人将变更为宋艾迪7月28日复牌,正面的
上海建工：拟12亿投资产业基金 参投城市更新项目,正面的
通合科技：筹划收购西安霍威电源 明日起停牌,正面的
本钢板材：控股股东拟增持不超过3亿元,正面的
*ST昌九停牌筹划购买教育类资产事项,正面的
东方新星：去年业绩预告大幅向上修正 同比预增59至62倍,正面的
新和成年报拟10转7派7元,正面的
长久物流：召开2017年度现金分红说明会暨业绩说明会,正面的
贵州燃气：年报净利同比增长38%,正面的
广博股份：重大事项构成重组，继续停牌,正面的
今天国际年报拟10转8派3元,正面的
2017年保利地产年报：营收跌破1500亿 净利润增长26%（附图表）,正面的
名家汇：2018年净利预增78.51%-96.36%,正面的
中国巨石：预计2018年一季度净利润同比增加30%以上,正面的
凯恩股份：拟27亿元收购锂电池公司,正面的
天夏智慧股东累计增持488万股,正面的
中设集团中标3.3亿公路改建工程EPC项目,正面的
硕贝德拟并购精密光学元器件厂商五方光电,正面的
比亚迪：拟参设62.5亿元基金 投资云轨项目建设,正面的
孚日股份被郑商所指定为棉纱交割厂库,正面的
金洲管道大幅上调前三季度业绩预期,正面的
欧普照明：拟投资建设粤港澳大湾区区域总部项目,正面的
锦富技术：拟15亿投建奥英光电新型显示器件及背光模组项目,正面的
完美世界：拟不超过10亿元且不低于5亿元回购股份，回购价格不超过36元/股。,正面的
精工钢构：拟4.78亿元收购墙煌新材料65.74%股份,正面的
四川路桥：12月中标金额21.18亿元,正面的
瀚叶股份：耗资808万元实施首次回购,正面的
拓普集团：拟定增募集28亿元升级主业,正面的
中钢国际：子公司与玻利维亚穆通钢铁公司签署承包合同,正面的
数字认证上半年业绩预增110%-135%,正面的
美尚生态拟10转20派5.8 一季业绩预增逾两倍,正面的
凌云股份成为北京奔驰指定车型电池壳/盖项目供应商,正面的
再升科技：控股股东拟转让5%股份给融京汇聚,正面的
水泥企业宁夏建材、祁连山前三季度业绩大增,正面的
久联发展子公司中标9.74亿元项目,正面的
宏图高科：重组拟并购中信金融租赁,正面的
德赛电池年报净利增长18% 拟10派2.5元,正面的
韵达股份：3月快递业务收入超10亿 同比增四成,正面的
东方园林联合中标20.13亿元PPP项目,正面的
新研股份上半年净利润同比增长4倍,正面的
深圳惠程：控股股东拟增持1亿至10亿元,正面的
华录百纳：控股股东拟协议转让17.55%股权,正面的
漳泽电力上网电价上调,正面的
贵州燃气去年净利增长38% “牛散”成碧娥现身前十大股东,正面的
首开股份：前两个月签约金额同比降低近五成,正面的
三六零（360）重组更名，将正式登陆A股,正面的
乐视网：乐视致新已更名为新乐视智家 贾跃亭不再任法人,正面的
丽鹏股份：联合中标14.5亿元工程项目,正面的
思维列控：推不超400万股限制性股票激励计划,正面的
海陆重工控股子公司签署重大合同,正面的
潮宏基：近13亿收购思妍丽74%股权 实现全资控股,正面的
天虹股份：拟10转5派4.5元,正面的
易事特：实控人之子拟增持不少于4000万元,正面的
特一药业：去年净利同比增12% 拟10派5元,正面的
南风股份：上海市公安局解除杨泽文、杨子江等人的强制措施,正面的
浙江医药：一季度净利预增逾18倍,正面的
徐工机械：2017年净利预计突破10亿元,正面的
新莱应材实控人的两名一致行动人拟每人增持不低于1000万元股份,正面的
新华保险发布澄清公告称，公司第六届董事会即将届满，目前正在筹划董事会换届事宜，公司经营管理一切正常。,正面的
中天能源：停牌系正在筹划战略合作，或导致公司控制权变更,正面的
创业环保联合中标4.38亿元PPP项目,正面的
铁汉生态：联合中标5.58亿元EPC项目,正面的
菲达环保：签下1.02亿元PPP项目合作协议,正面的
欧派家居：2017年净利增长37%，拟10派10元,正面的
诚志股份2017年度盈利同比增长6.3倍,正面的
盛运环保签署约13.8亿美元项目合作框架协议,正面的
新华文轩：签下约10亿元教科书采购合同书,正面的
三安光电：三安集团今日增持555万股，计划累计增持5亿-15亿,正面的
上海云鑫入股润和软件 4日复牌,正面的
东华科技部分董监高拟增持公司股票,正面的
浙江富润获得分红款项 增加税前利润2290万元,正面的
海正药业：注射用帕瑞昔布钠获药品注册批件,正面的
科迪乳业：正在筹划重大资产重组事项，2月27日起停牌,正面的
美盈森积极拓展主业 与猪八戒网达成战略合作,正面的
拓斯达：拟收购野田智能80%股权，2月23日复牌,正面的
福田汽车获6300万元政府补助,正面的
宁波海运：获注实控人旗下8.43亿元水路货运业务资产,正面的
利亚德：中标上饶市亮化提升改造项目 合同价4.24亿元,正面的
纵横通信：预中标中国移动近5亿元采购项目,正面的
棕榈股份：获河南省国资系战略入股 拟受让公司13.1%股份,正面的
康达新材：拟3.14亿元收购必控科技68%股权拓展军工领域,正面的
力源信息：2017年净利预增近6倍,正面的
云南白药：白药控股完成混改 新华都陈春花入选董事,正面的
海特生物停牌筹划涉及购买资产重大事项,正面的
温氏股份：广东温氏集团财务有限公司开业获批,正面的
软控股份拟投8000万美元海外布局  并购标的亏损但持有钴矿资源,正面的
索菲亚：员工持股计划买入1846.85万股,正面的
重庆建工：子公司中标7.2亿元项目,正面的
永安林业：相关股东已有效降低触发平仓风险的可能 明日复牌,正面的
药明康德：拟对全资子公司上海药明增资20亿元 ,正面的
海南橡胶控股股东拟增持0.1%-1%股份,正面的
实控人父女出让股权抵债 上海钜成入主晨鑫科技,正面的
易华录：联合预中标4.488亿元PPP项目,正面的
洋河股份：一季报同比增长26.69%,正面的
*ST天业：济南高新城建计划增持4%-4.99%股份,正面的
钱江摩托：一季度净利润同比预增约6倍,正面的
陕西金叶：控股股东股票质押平仓风险解除，停牌筹划重大资产重组,正面的
福田汽车2017年新能源汽车销量同比增76%,正面的
三聚环保：王亚伟或清仓报道不实 明日复牌,正面的
上峰水泥年报净利增4倍 一季报增近9成,正面的
【旭升股份：拟公开发行不超4.2亿元可转债】,正面的
中国铁建中标孟加拉铁路项目,正面的
高乐股份：与科大讯飞在人工智能方面展开合作,正面的
锦龙股份拟披露重大事项 12日停牌,正面的
方大炭素：一季度净利同比增2477% 产品销量及价格同比大幅增长,正面的
兴化股份2018年度净利润同比增长15.32%,正面的
英力特：产品售价上升 前三季净利预增约1.5倍,正面的
杰瑞股份：与美国商务部工业安全局签署和解协议,正面的
三垒股份资产重组交易对方拟增持公司股份,正面的
金路集团获控股股东增持1861万股,正面的
徐工机械预计一季度净利润同比扭亏为盈,正面的
华测导航：预计上半年净利同比增长25.80%至36.04%,正面的
【迪安诊断：拟出售杭州意峥65%股权 推动博圣生物IPO进程】,正面的
弘信电子公告，2018年净利预增六至九成，拟10转7派2.5元。,正面的
巨人网络：已向证监会申请对305亿重组事项恢复行政许可审查,正面的
长荣股份：董事长增持42万股,正面的
高新发展：签订2亿元订重大施工合同,正面的
云南白药年报净利增长8% 拟10派15元,正面的
太龙照明2017年净利增24% 拟10转7派2.5元,正面的
众合科技子公司中标9.7亿元PPP项目,正面的
蓝光发展拟实施股权激励 2017年业绩预增40%-60%,正面的
亿利达拟1.28亿元转让青岛海洋51%股权,正面的
西山煤电年报预增245%-295% 煤炭板块业绩增幅较大,正面的
水晶光电年报拟10转3派1元,正面的
京蓝科技：执行总经理11月17日以自有资金从二级市场购入公司249600股。,正面的
蓝色光标澄清：不存在大规模裁员,正面的
锦旅B股：累计出售浦发银行160.05万股，税前收益1310.72万元,正面的
福田汽车：收到3.8亿新能源汽车推广补贴,正面的
天域生态：预中标约5.51亿元PPP项目,正面的
中国中铁与河源市政府签订战略合作协议 初拟合作项目总投资1000亿元,正面的
游族网络：员工持股计划完成股票购买,正面的
杰瑞股份：子公司联合体中标6.4亿元肯尼亚项目,正面的
众泰汽车与福特汽车将组建合资公司 投资总额50亿元,正面的
胜利股份：斥资6.64亿收购胜邦燃气100%股权,正面的
泰禾集团：2017年净利预增20%-39% 明日复牌,正面的
北陆药业：年报预增590%-620%,正面的
常熟汽饰：参股公司成为蔚来汽车ES8车型供应商,正面的
TCL集团：拟在深圳投约426.83亿元建生产线,正面的
神雾环保：部分董监高计划增持3.4-3.5亿元,正面的
恺英网络全资子公司与盛大游戏子公司签订战略合作协议,正面的
中色股份与中国瑞林签合同 确保刚果RTR项目顺利执行,正面的
久联发展：子公司签订9.74亿元重大合同,正面的
新华文轩签10亿元教科书采购合同,正面的
金字火腿：拟超10亿元收购晨牌药业81.23%股权,正面的
平高电气中标19.79亿元国家电网项目,正面的
亚星客车：收到国家新能源汽车推广补贴1亿元,正面的
兰州民百：预计2018年净利润同比增1003.86%至1031.75%,正面的
中京电子获实控人增持1.6%股份,正面的
北特科技重组过会 11日复牌,正面的
榕基软件：中标3676万元海关总署系统改造采购项目,正面的
报喜鸟：第一大股东及其一致行动人再次举牌，持股达20%,正面的
保利地产3月实现签约金额逾222亿同比增长197%,正面的
盾安环境筹划重组：将出售节能、装备等资产,正面的
迪安诊断：控股股东定向减持股份，引入战略投资者天士力集团,正面的
众应互联：拟以资产置换方式收购瀚德信用45%股权,正面的
江山股份：年报净利增375%，拟10派2.6元,正面的
当代明诚：停牌系因公司正在筹划重大事项,正面的
运达科技：实控人之一致人增持78万股,正面的
游族网络：因股价走低，拟不超5亿元回购股份,正面的
农药产品畅销 广信股份半年报增近六成,正面的
【赛轮轮胎：拟设立合资公司 扩大在越南生产规模】,正面的
老白干酒重组获证监会无条件通过 1日复牌,正面的
富瑞特装业绩快报：公司的LNG气瓶等相关产品市场需求增加，营业收入、净利润同比有,正面的
泸州老窖：一季报预增50%-60%,正面的
隧道股份：中标逾30亿元新加坡项目,正面的
长春燃气：拟定增15亿投向主业燃气改造工程,正面的
金固股份：前三季度净利286.86万元，同比增长105.11%,正面的
爱康科技8亿收购爱康能源工程股权 涉足光伏电站业务,正面的
国科微：与国家大基金等设合伙企业 投资集成电路领域,正面的
龙建股份：联合体中标总投资4.32亿元PPP项目,正面的
天康生物：发行10亿元可转债获证监会核准,正面的
祁连山上半年扭亏 预计盈利约1.8亿元,正面的
陕西金叶：筹划重组停牌 控股股东将解除质押平仓风险,正面的
中青旅：美大学生在朝鲜旅游被逮捕一事与公司无关,正面的
顺丰控股：获颁发国内首张无人机航空运营许可证,正面的
北汽蓝谷拟建设北京高端智能生态工厂 一期投资25亿元,正面的
中环环保：股票停牌自查工作已完成 明日复牌,正面的
京投发展：去年净利增10.77% 拟10派2元,正面的
万科A：一季度净利润8.9亿元 同比增长28.7%,正面的
红墙股份：与奥克股份就购买原材料事项签下协议,正面的
辉煌科技：预中标1.42亿元工程项目,正面的
朗玛信息大幅下调2017业绩 医药电商不纳入合并报表,正面的
全筑股份：签合作协议，获2.7亿精装修施工合同,正面的
塔牌集团：去年净利增近六成，拟10派3元,正面的
辉煌科技：中标1.42亿元项目,正面的
智慧松德拟2.79亿元剥离印刷机相关业务,正面的
中国铁建：新签41亿元合同,正面的
瑞和股份：签4亿元建设工程施工合同,正面的
理工环科：拟5000万至1亿元回购股份,正面的
万方发展拟签署股权投资意向协议 18日起停牌,正面的
方大炭素半年报业绩预增逾26倍,正面的
四川美丰半年报扭亏为盈,正面的
广汇能源：甲醇等产品涨价 前三季净利预增超四成,正面的
光洋股份：实控人终止股份减持计划,正面的
兴业证券：2017年净利23.13亿元 同比增长1,正面的
富森美独董拟增持不低于3万股,正面的
仙鹤股份：拟近10亿元投资高档特种纸项目,正面的
瑞贝卡筹划非公开发行投资境外营销网络 29日复牌,正面的
中航黑豹：拟变更证券简称为“中航沈飞”,正面的
必创科技：一季报微增0%-20%,正面的
物产中大：财通证券首发申请获得通过,正面的
鹏起科技：实控人宋雪云拟通过信托计划继续持有公司股票,正面的
环旭电子：出售腾讯控股、中国平安股票 确认投资收益约1.24亿元,正面的
东华软件：预中标1.49亿PPP项目,正面的
中交地产：年报拟10送5派5.2元,正面的
宜宾纸业：国有股权无偿划转获批,正面的
胜利精密：拟4.76亿收购硕诺尔，扩大智能制造领域份额,正面的
福耀玻璃：出售北京福通75%股权 投资收益6.6亿元,正面的
华北高速：招商公路拟换股吸并公司，换股比例1:0.6956,正面的
蒙草生态：签署两PPP项目合作协议  总投资额21亿元,正面的
东方园林中标5.31亿元PPP项目,正面的
赣能股份30日停牌 拟筹划重大事项,正面的
实达集团：超20亿港元收购仁天科技控股股权,正面的
正业科技：控股股东鼓励员工增持公司股票并承诺兜底,正面的
【宜宾纸业：国有股股份无偿划转完成过户 五粮液集团成控股股东】,正面的
国创高新：拟38亿元收购房产中介商深圳云房100%股权,正面的
东方嘉盛：与华为、腾讯等设立 “前海改革创新技术联盟”,正面的
华凯创意：签下1.04亿元施工合同,正面的
民生银行修改分红方案:派现0.9元 此前派0.3元引不满,正面的
星帅尔：2017年营收净利均增长两成，拟10转5派3,正面的
龙洲股份：年报拟10转5派0.9元,正面的
远兴能源预计前三季度净利润同比增882%至912%,正面的
华立股份拟5.16亿元投建装饰复合材料生产项目,正面的
长川科技年报拟10转9派1.5元,正面的
天康生物：第二大股东拟协议转让不超15.79%股份,正面的
中国铁建：联合中标75.36亿元BOT项目,正面的
利亚德年报拟10转5派1.1元,正面的
顺丰控股：拟2亿至4亿元回购股份 ,正面的
河北宣工：2017年预计实现净利润3.24亿元-3.64亿元,正面的
小天鹅A：年报净利增长28% 拟10派10元,正面的
建设银行：一季度净利润738亿 同比增长5.43%,正面的
华润三九年报净利增9% 拟10派4.6元,正面的
盈峰环境：全资子公司预中标1.45亿元项目,正面的
现代制药：拟公开发行不超过20.35亿元可转债,正面的
方大特钢：预计三季度净利同比增长210%-260%。,正面的
思维列控：推不超400万股限制性股票激励计划,正面的
现代制药拟公开发行可转债不超20.35亿元,正面的
维尔利：拟回购1亿-2亿元股份,正面的
盈趣科技：获得“国家技术创新示范企业”认定,正面的
英威腾：控股子公司中标深圳地铁采购项目,正面的
北京银行：今年安排总额不超80亿元的不良贷款核销额度,正面的
长川科技：年报净利同比增长21% 拟10转9派1.5元,正面的
江丰电子自查工作完成 23日起复牌,正面的
科林电气：实控人之一增持100万股,正面的
露天煤业业绩快报：净利比上年同期增加112.95%,正面的
东音股份：拟10派1元,正面的
横店影视：一季报净利1.88亿元，同比增长63.75%,正面的
中青宝：年报净利同比238.3%,正面的
吉艾科技拟8亿元出售安埔胜利100%股权,正面的
中富通：预中标5870万元项目,正面的
诚志股份年报净利增逾六倍，拟10派1.5元,正面的
广汽集团：上半年净利同比增55% 拟10派1元,正面的
*ST德奥：拟收购多旋翼无人机公司，6月5日复牌,正面的
[公司]海航控股近27亿元收购新华航空、天津航空少数股权,正面的
沙钢股份 ：一季报预增110%-160%,正面的
中兴通讯：去年净利45.68亿元 同比大幅扭亏,正面的
中国巨石：年报净利增四成，拟10转2派2.5元,正面的
金达威：拟8000万美元收购国外营养品生产商,正面的
博世科：全资子公司联合体中标8亿元项目,正面的
美年健康：上半年净利润预增超7倍,正面的
南京银行：江苏金融租赁首发申请获通过 公司持股近27%,正面的
【冀东水泥：拟与金隅股份共建合资公司 继续停牌】,正面的
通富微电：拟3.71亿美元对价收购AMD两中国子公司股权,正面的
三七互娱：因正筹划发行可转债8月29日起停牌,正面的
百利科技签订4.98亿元工程承包合同,正面的
安迪苏：1.93亿美元收购跨国特种饲料添加剂供应商,正面的
天科股份半年报业绩增长93%,正面的
中文在线：与快手战略合作 提高内容吸引力,正面的
长久物流控股股东拟增持5000万元至1亿元,正面的
电广传媒与华为技术签署战略合作协议,正面的
用友网络公告，耗资8168万元实施首次回购。,正面的
金洲管道大股东增持1%公司股份，拟继续增持4%公司股份,正面的
东湖高新：拟6亿元收购泰欣环境100%股权,正面的
新文化：拟不超1亿元投资电影《美人鱼2》,正面的
[公司]山鼎设计实控人拟增持3000万元-8000万元 股票复牌,正面的
大连电瓷：拟18.6亿元收购数字营销公司紫博蓝100%股权,正面的
宏润建设：中标逾4亿元工程项目,正面的
盈峰环境：拟152.5亿元收购中联环境100%股权,正面的
富临精工21亿并购锂电池材料公司,正面的
漳泽电力子公司参投太原民营区售电项目,正面的
【中核钛白业绩快报：2017年净利3.89亿元 同比上升362.06%】,正面的
科大讯飞：与华为全面战略合作，共同做强人工智能产业生态,正面的
规划5年投资600亿 游资1亿追涨深圳华强,正面的
隆华科技：实控人拟向河南高创转让5.46%股份,正面的
森特股份：中标3.61亿元深圳国际会展中心项目,正面的
比亚迪：前4月新能源车销量4.35万辆,正面的
江铃汽车：拟中期特别派息每10股派送23.17元,正面的
东旭蓝天联合中标18.53亿PPP项目,正面的
梅雁吉祥：获中睿新能源及一致人举牌,正面的
【龙蟒佰利业绩快报：2017年净利同比增长463.95%】,正面的
荣盛发展：签订整体开发建设经营唐山市玉田高铁新城项目框架协议,正面的
新力金融：公司已增持股份827.63万股,正面的
金融街前三季预增45%-80%,正面的
科力尔完成停牌自查 9月1日起复牌,正面的
18日停复牌：云铝股份云南国资委筹划重大事项 18日起停牌（更新中）,正面的
上海银行去年净利增一成，拟10转3派5,正面的
*ST昌九：公司及子公司拟2.54亿元置出闲置资产，预计增利7000万元,正面的
北新路桥中标3.99亿元铁路线下工程施工项目,正面的
新大洲A：实控人拟增持至少2亿元,正面的
恺英网络年报拟10转5派1.2元,正面的
基蛋生物：2017年净利同比增4成 拟10转4派4.5元,正面的
康恩贝年报预增60%-80%,正面的
东易日盛：上调前三季度业绩预告,正面的
苏宁易购员工持股计划落地 资金总额不超过5亿元,正面的
联建光电：实控人等倡议员工增持 并承诺兜底,正面的
农产品与万科签署战略合作框架协议 拟在新零售等领域合作,正面的
恒华科技：2017年净利同比增五成 拟10转10派2元,正面的
签订5.78亿元重大合同 蓝晓科技涨停,正面的
中远海特：2017年净利同比增长378.67%,正面的
盈峰环境：子公司预中标逾1亿元项目,正面的
科力尔完成停牌自查 9月1日起复牌,正面的
拓斯达实控人拟增持2000万元至1亿元,正面的
中国巨石：全资子公司获第五届中国工业大奖,正面的
上汽集团2017年财报亮点分析 | 厚势汽车,正面的
融钰集团：董事长拟斥资5亿至10亿元增持股份,正面的
露笑科技2017年净利增376% 拟10转5派0.2元,正面的
汇金通：3375万股首发限售股22日上市流通，占总股本19.28%,正面的
吉林化纤：年报营收增近六成，净利增163%,正面的
人福医药拟3.52亿美元出售中原瑞德80%股权,正面的
晶盛机电一季度业绩预增100%-130%,正面的
和晶科技：转让BoCo株式会社股权 预计获利超3500万,正面的
锐科激光：2018年净利预增44.31%~65.96%,正面的
当升科技上半年净利润同比增长近3倍,正面的
中国联通河北雄安新区分公司完成挂牌 为业内首家,正面的
青松股份获股东之一致行动人增持395万股,正面的
隧道股份：中标新加坡逾30亿元人民币项目,正面的
英力特半年报预增逾1倍,正面的
*ST运盛：控股股东增持100万股 拟继续增持不低于2%股份,正面的
英洛华：年报净利增长197%,正面的
上海电力：控股股东一致行动人拟增持3000万元-1亿元,正面的
绿庭投资：近日减持申万宏源651万股,正面的
围海股份：拟14.29亿元收购千年设计88.23%股权,正面的
山鹰纸业拟19亿元收购北欧纸业公司,正面的
京能电力：控股子公司部分机组停机实施节能减排技术改造,正面的
隧道股份：子公司中标23亿元海外工程项目,正面的
金陵饭店：年度净利同比增长近150% 拟10派2.4,正面的
盛运环保：将讨论重大事项，6月5日起停牌,正面的
财通证券：2017年营收、净利双双下滑,正面的
奋达科技：全资子公司原股东增持345万股,正面的
全新好：股东圆融通达拟转让7.4%股份给汉富控股,正面的
中信重工：两家下属公司拟4亿元参与中信财务增资,正面的
泰瑞机器：年报拟10转3派1.3元,正面的
招商证券(06099)5月净利同比增长34.5%至3.47亿元,正面的
锐科激光：预计2018年净利同比增44.31%-65.96%,正面的
安图生物年报净利增长28% 拟10派7.2元,正面的
博世科一季报预增262%,正面的
凌云股份成为北京奔驰指定车型电池壳/盖项目供应商,正面的
东睦股份半年报增九成 社保基金增持,正面的
宏润建设：中标4.85亿元工程施工项目,正面的
三毛派神：前三季度预计扭亏为盈，1-9月盈利约8000-9500万元。,正面的
三维丝：正在筹划重大事项，明日停牌,正面的
中兴通讯：BIS已终止2018年4月15日拒绝令并将中兴通讯从《禁止出口人员清单》中移除，上述事项自拒绝令解除令发布之日起生效。,正面的
【泰合健康：2017年净利同比增108% 拟10送3派0.8元】,正面的
国元证券：母公司2018年净利5.02亿元,正面的
宜宾纸业：2018年净利预增82%-91%,正面的
美年健康：重组无条件过会7月13日复牌,正面的
惠博普、洲际油气等签伊拉克油气田开发合作协议,正面的
陕西金叶：控股股东正积极消除股权质押风险  拟继续停牌,正面的
中国平安：20日举行投资者日 深度解析公司发展战略,正面的
卫星石化拟投建年产400万吨烯烃综合利用产业园 投资额超300亿元,正面的
中信证券：2017年净利润114亿元同比增一成，拟10派4元,正面的
世纪鼎利：发行股份及支付现金购买资产获审核通过 25日复牌,正面的
中国天楹：非公开发行获核准,正面的
安通控股：拟定增募资不超34亿,正面的
广宇发展：1-9月实现销售金额71.65亿元,正面的
豫园股份重组获通过，郭广昌持股比例上升至68.25% |新京报财讯,正面的
金一文化拟建全国总部基地及黄金珠宝产业园 金一文化多地布局 打造区域产业中心,正面的
包钢股份：向控股股东定增募资约100亿，偿还控股股东借款,正面的
鹏鼎控股：2018年合并营收超260亿 同比增8.89%,正面的
章源钨业一季度业绩预增50%-100%,正面的
阳谷华泰：预计2018年净利同比增75%-95%,正面的
中国国旅年报拟10派5.2元 一季报净利增长6成,正面的
美达股份2017年业绩预计扭亏为盈,正面的
东方嘉盛与华为、腾讯等联合发起设立前海改革创新技术联盟,正面的
金明精机年报拟10转5派0.21元,正面的
露天煤业：上半年实现净利润10.51亿元，同比增201.99%，主要是煤炭综合售价及煤炭销量同比增加所致。,正面的
数据港:与阿里巴巴合建数据中心 投资规模拟大幅增加,正面的
通威股份拟在包头投资年产5万吨高纯晶硅新能源项目,正面的
中兴通讯：正在采取措施以遵守美国拒绝令,正面的
科陆电子：5月4日复牌，继续推进重组,正面的
上海能源半年报增三成,正面的
集泰股份：今日首次回购71万股,正面的
电连技术控股股东提议10转8,正面的
海陆重工：控股子公司签署重大合同,正面的
嘉化能源27亿收购触跌停 实控人一年赚13亿损害股民？,正面的
宏润建设中标6.09亿元轨道交通土建工程,正面的
东风科技拟吸收合并东风汽车零部件集团,正面的
岱美股份：拟收购境外汽车遮阳板业务 年度分红为10派5元,正面的
常熟汽饰部分高管及骨干员工拟增持,正面的
智能自控年报拟10转7派0.8元,正面的
赤峰黄金：拟推2850万份股权激励计划,正面的
宗申动力：拟10.5亿收购大江动力100%股权，12月14日复牌,正面的
海虹控股与易联众签订战略合作协议,正面的
西部创业：控股股东终止筹划公司控制权变更 明日复牌,正面的
永安药业：拟斥资2500万元至5000万元回购股份,正面的
片仔癀年报预增40%-60%,正面的
雪榕生物上半年净利预增逾2倍,正面的
双鹭药业：重组全人抗CTLA-4单克隆抗体注射液药物临床试验批件,正面的
北讯集团控股股东消除平仓风险,正面的
佳都科技中标广东公安视频云项目 人工智能安防技术渐落地,正面的
凯伦股份：2017年净利4457万元 拟10转8派2元,正面的
汇川技术：预中标2.55亿元轨道交通项目,正面的
闽发铝业业绩快报：2017年净利翻倍,正面的
西王食品：前三季净利同比预增59%至76%,正面的
新研股份：拟定增募资约15亿元延伸产业链,正面的
大名城：拟参与开发杭州余杭区地产项目,正面的
东百集团：控股股东一致行动人计划增持1%-2%股份,正面的
翰宇药业：拟4亿至8亿元回购股份,正面的
曙光股份：华泰汽车拟再受让5.28%股权，将成为公司控股股东,正面的
晨鸣纸业公告，控股子公司海鸣矿业获采矿许可证。,正面的
九牧王年报净利增长17% 拟10派10元,正面的
紫鑫药业：签订工业大麻合作研究协议,正面的
金能科技：计划投资建设新材料与氢能源综合利用项目,正面的
保税科技：拟8.8亿元收购能通科技100%股权,正面的
卫星石化2017年净利润同比增逾两倍,正面的
益丰药房：2017年净利同比增四成，拟10派3元,正面的
美格智能：2017年净利增两成，拟10转7派1元,正面的
天康生物：猪瘟DIVA疫苗获兽药产品批准文号,正面的
武进不锈：预计2018年净利同比增长约50%,正面的
[公司]燕京啤酒获重阳系举牌 持股达5%,正面的
中国电建签署129亿元海外工程项目合同,正面的
亚太药业半年报拟10转10,正面的
永安林业：相关股东降低触发平仓风险可能 明日复牌,正面的
双一科技：年报拟10转6派10元,正面的
大连电瓷：18.6亿收购数字营销公司,正面的
环旭电子：出售腾讯控股、中国平安股票 确认投资收益约1.24亿元,正面的
尚荣医疗：与兰州新区签订战略合作协议 项目总投资20 25亿,正面的
京威股份：拟投资约160亿在秦皇岛投建新能源整车基地项目,正面的
海伦钢琴与迪士尼签署许可协议,正面的
龙元建设预中标逾4亿元PPP项目,正面的
天圣制药子公司获得药品注册批件,正面的
雪莱特股东陈建顺拟增持不低于1000万元,正面的
光迅科技：非公开发行股票事项获证监会核准,正面的
博雅生物推3.9亿元员工持股计划,正面的
云投生态：公司参与的联合体预中标7.1亿元道路工程建设项目,正面的
永安行将和北汽新能源共同推进智慧交通业务,正面的
东旭光电筹划第二期员工持股计划，总额不超1.9亿元,正面的
格力电器董事会换届选举结束 董明珠连任董事长,正面的
东旭蓝天：签14.4亿元生态综合治理项目合作协议,正面的
辉煌科技：预中标1.42亿元工程项目,正面的
新泉股份：预计2017年净利润同比增加121%左右,正面的
电连技术：乐视移动被判支付货款213.7万美元及利息,正面的
晨鸣纸业一季度净利润同比预增300%至340%,正面的
得润电子：拟9800万元转让得康电子28%股权,正面的
江南水务：江阴市拟上调自来水水价 对公司影响较大,正面的
上海建工年报净利增逾两成 拟10派1.35元,正面的
海普瑞：一季报扭亏,正面的
暴风集团：公司与推出BCN区块链平台的暴风新影之间无控制关系,正面的
桃李面包：一季度净利同比增长五成,正面的
国风塑业1.79亿投建年产180吨聚酰亚胺膜项目,正面的
江苏有线：证金公司二季度大幅增持 成第一大流通股东,正面的
均胜电子公告，预计2018年净利润同比增长约216%-266%。,正面的
泰达股份控股股东或变更为泰达控股,正面的
振东制药：股东耀翔瑞天举牌 持股达到5%,正面的
棕榈股份：获河南省国资系战略入股 拟受让公司13.1%股份,正面的
恒康医疗：全资子公司拟16.94亿元收购PRP公司,正面的
格力电器年报净利增长45% 证金公司增持至2.78%,正面的
海天味业：年报拟每10股8.5元,正面的
*ST正源：控股股东及其子公司拟增持1%-4.21%股份,正面的
满仓飙升牛股: 荣安地产，创维数字，海越股份，振华股份,正面的
克明面业一季度业绩预增80%-120%,正面的
新时达拟4.05亿元收购之山智控100%股权,正面的
新华制药：2017年净利同比增逾7成，拟10转3派0.5元,正面的
汉商集团：共2565万股股份接受要约收购，1月16日复牌,正面的
长城动漫：倡议增持期间共1位员工增持 合计1000股,正面的
欧普照明：拟投资建设粤港澳大湾区区域总部项目，预计总额约为25.8亿元。,正面的
复星医药：近亿美元收购汉霖生技剩余股权,正面的
粤水电：联合中标13.35亿元PPP项目,正面的
博瑞传播拟8.2亿元购买传媒公司 29日起复牌,正面的
口子窖2017年盈利11亿元 拟10派7.5元,正面的
爱尔眼科：定增报价认购环节结束 明日复牌,正面的
比音勒芬：首次回购股份4.25万股,正面的
劲胜智能公告，拟为子公司创世纪引入投资人，融资6亿元。,正面的
清水源2018年净利预增95%-125%,正面的
银亿股份子公司转让旗下两公司部分股权 将获3亿收益,正面的
尚品宅配拟投资约21亿建设智能定制家居生产基地,正面的
中金环境员工响应增持倡议，目前增持金额近1.3亿元,正面的
新纶科技：2017年拟10转10派0.35元,正面的
多家上市券商12月份业绩出炉 国泰君安净利润居首,正面的
联得装备：签逾亿元订单 金额占去年营收的24%,正面的
红星发展年报预增105%-124%,正面的
隆盛科技停牌筹划购买资产事项,正面的
中国银行：2017年净利1724亿元 同比增4.76%,正面的
中国平安2017年归母净利润增长42.8% 派息提升100%,正面的
全新好：继续推进重组，6月29日复牌,正面的
交通银行：澳大利亚第3家分行于墨尔本开业,正面的
中洲控股：将获注中洲集团35亿元资产 15日起停牌,正面的
【复盘笔记】韶钢松山预增2364.82%；明日成都银行可申购,正面的
华懋科技：控股股东将公司10.7%股权转让给两名自然人,正面的
天山股份：对子公司阜康天山以债转股方式进行增资,正面的
TCL集团年报预增62%-75%,正面的
宝色股份：签1.05亿元供货合同，占去年营收四成以上,正面的
子公司引入投资人 劲胜智能融资6亿元,正面的
赤峰黄金拟推2850万份股权激励计划,正面的
坚瑞沃能孙公司与中国铁塔签订6.84亿元采购合同,正面的
东方网络：东柏文化将成为公司第一大股东,正面的
建科院：联合中标约4亿元工程项目,正面的
中化国际：拟获注大股东逾17亿元资产 预计提升当期,正面的
风范股份：停牌拟收购3D打印相关资产,正面的
普利制药：收到海南药品监督管理局颁发的《药品GMP证书》,正面的
利群股份：与腾讯云签订智慧新零售O2O项目服务协议,正面的
众生药业：抗流感病毒新药临床试验注册申请获受理,正面的
红豆股份：控股股东低价攫取上市公司资产报道不实,正面的
杰瑞股份：与美国财政部外国资产控制办公室签署和解协议,正面的
道明光学上半年业绩预增130%-180%,正面的
万年青：年报净利翻番，拟10派3.5元,正面的
洲际油气：拟33.62亿元购买上海泷洲鑫科96.70%股权,正面的
同济科技：控股子公司中标7.82亿元工程项目,正面的
均胜电子：拟回购18亿-22亿元股份,正面的
天地源7.4亿投建佛山市南海区里水镇流潮项目,正面的
大连电瓷：项目荣获国家科学技术进步奖特等奖,正面的
民生银行修改分红方案:派现0.9元 此前派0.3元引不满,正面的
泰禾集团参与设立融乐健康 试水住宅共享,正面的
山河智能：广州市政府旗下企业拟获取公司控制权,正面的
鸿特科技控股股东拟转让公司5.68%股份,正面的
锦龙股份拟10.9亿元增资中山证券 持股比例增至71%,正面的
东旭蓝天：签下至少35亿元战略合作协议,正面的
将展开ETC与交通大数据区块链研究 金溢科技涨停,正面的
[公司]银轮股份通过德国大众供应商审核,正面的
亿晶光电股东勤诚达拟增持不超2%股份,正面的
中京电子获实控人增持1.6%股份,正面的
富煌钢构：中标8.8亿校区建设项目,正面的
西水股份：天安财险前11月原保费收入138亿元 同比增长8%,正面的
太极集团：公司药品藿香正气口服液获得柬埔寨卫生部传统药物注册批文,正面的
元成股份：联合预中标2.09亿元PPP项目,正面的
朗科科技起诉三星中国等四公司 涉嫌侵犯公司发明专利权,正面的
海航控股：近27亿元收购新华航空、天津航空少数股权,正面的
启迪桑德：子公司签署1.35亿元BOT特许经营许可业务协议。,正面的
诺德股份：定增募资募集不超20亿元加码动力电池用电解铜箔项目,正面的
万科A：钜盛华所持6669万股解除质押,正面的
上海建工：两全资子公司共同中标赣州27亿元项目,正面的
"中兴通讯:拟定增130亿助力5G发展,多点支撑业绩增长可期",正面的
巨人网络：已向证监会申请对公司重大资产重组事项恢复行政许可审查,正面的
康普顿网上发行中签号出炉 共22500个,正面的
航天发展：拟收购资产隶属信息安全行业，继续停牌,正面的
宁波联合：拟23亿元收购盛元房产100%股权,正面的
中山公用：间接持有宁德时代0.40%股份,正面的
迪安诊断：控股股东定向减持股份 引入战略投资者天士力集团,正面的
南大光电：拟5亿元投建集成电路材料生产基地,正面的
莱宝高科：未收到有关受到美国制裁的官方信息,正面的
【大通燃气：董事长号召员工增持 股票复牌】,正面的
中曼石油：签下约3.82亿人民币伊拉克项目合同,正面的
方大炭素：成功受让合肥炭素47.89%股权,正面的
华域汽车半年报增6% 证金二季度增持,正面的
凯恩股份拟签署战略合作协议 30日起停牌,正面的
中航机电：拟1.5亿元至3亿元回购股份,正面的
首航节能：控股股东及大股东消除平仓风险,正面的
游族网络员工持股计划完成股票购买,正面的
国电南瑞年报：净利润同比增长123.92%，证金持股增至2.15%,正面的
冠昊生物：控股股东增持140万股,正面的
天广中茂：第二大股东承诺12个月内不主动减持,正面的
科陆电子：明日复牌 继续推进重大资产重组,正面的
宏达矿业控股股东及高管拟增持至少6.2亿元,正面的
大众公用：控股子公司中标污水处理项目,正面的
合众思壮：签6.92亿元委托加工合同,正面的
深圳惠程第一大股东及一致行动人完成增持计划,正面的
正业科技：筹划重大资产重组，3月7日起停牌,正面的
百洋股份：拟10转10派3元,正面的
智慧松德实控人两度转让股权 佛山市国资委将入主,正面的
聚光科技：一季报预增115%至145%,正面的
均胜电子:拟回购18亿元-22亿元股份,正面的
金冠股份：洛阳国资系企业拟受让公司不低于12%股份，且受让完成后不排除继续增持公司股份。,正面的
福建水泥：一季度预盈8600万元左右，同比扭亏为盈,正面的
深振业A：重组拟收购园区类运营公司股权,正面的
【三圣股份：拟定增募资不超9.62亿元 股票复牌】,正面的
凯普生物回复问询函称高送转与成泉资本无关联,正面的
江特电机子公司签署13.485亿元采购合同,正面的
江南化工:拟24.99亿元收购盾安新能源100%股权,正面的
科泰电源控股股东出具不减持公司股份承诺函,正面的
中国国旅：15亿元收购日上上海，获上海机场免税经营权,正面的
国金证券：母公司9月净利8208.87万元,正面的
杰恩设计拟10转15派15 股价涨停,正面的
道氏技术：年报拟10转8派2.2元,正面的
深赛格：与童猫公司签署战略合作协议,正面的
长白山：发行不超3.5亿元可转债获吉林国资委同意,正面的
机器人中标沈阳地铁售检票系统项目金额1.25亿元,正面的
神州长城：中标2.95亿元海外承包项目,正面的
天奇股份：中标9984万元设备采购项目,正面的
大康农业：拟定增募资不超33亿元加码主业及补血,正面的
北新路桥中标广元至平武高速公路PPP项目,正面的
广博股份披露重组进展，拟约12亿元收购掌优科技100%股权。掌优科技主要从事移动互联网广告推广服务。,正面的
海能达：实控人拟增持5000万元-1亿元,正面的
南纺股份：控股股东拟协议转让29.96%股权,正面的
[公司]健帆生物2018年净利4亿元 同比增四成,正面的
苏利股份：年报拟10转2派5元,正面的
苏州高新：拟购买多项节能环保资产 置出酒店业务资产,正面的
陕西煤业举牌隆基股份 持股达到5%,正面的
东旭蓝天：联合中标18.53亿PPP项目,正面的
台基股份：年报拟10转5派2元,正面的
贵州茅台上半年净利润同比增近三成,正面的
荣晟环保半年报预增约247%,正面的
隆基股份：控股股东增持近96万股，拟未来三个月继续增持不少于100万股,正面的
猛狮科技：实控人拟增持不超2%股份,正面的
当代明诚：一季度净利润同比增约212倍,正面的
腾信股份控股股东、实际控制人拟变更,正面的
中国交建2017年新签合同金额9000亿元 增长23%,正面的
中国平安：前三季度原保费收入4714亿元,正面的
白云机场半年报增长一成,正面的
凯龙股份：参与设立产业基金,正面的
华昌化工：原料结构调整技术改造项目二期投产,正面的
万里石：中标7032万元石材采购项目,正面的
山河智能：广州市政府旗下企业拟获取公司控制权,正面的
公告精编丨唐德影视控股股东增持19万股,正面的
科华恒盛业绩快报：2017年净利增147%,正面的
博汇纸业：员工持股计划买入4789万股,正面的
新莱应材：拟2.6亿元收购山东碧海100%股权,正面的
康恩贝2017年业绩预增60%-80%,正面的
棕榈股份：签80亿合作开发项目战略协议,正面的
美尚生态：拟5亿-6亿元收购智慧园林资产,正面的
华润三九：投资3.79亿元收购山东圣海65%股权,正面的
天沃科技：子公司张化机签下5460万元供货合同,正面的
银泰资源：重组获批，12月14日复牌,正面的
光启技术公告，签订超材料舰艇隐身结构产品批产合同。,正面的
南京银行参股公司IPO过会,正面的
吴江银行业绩快报：2018年净利润8亿元 同比增长近10%,正面的
艾德生物：年报利润增四成，拟10转8派2.4元,正面的
联络互动五名高管计划增持不低于1500万元,正面的
隆基股份：2017年净利润近36亿元,正面的
恒力股份：控股股东及部分员工拟成立信托计划增持公司股份,正面的
熙菱信息：签1.59亿元工程分包合同,正面的
中润资源：控股股东一致行动人增持919.24万股,正面的
招商轮船：2018年净利预增84％-104％,正面的
广生堂停牌筹划非公开发行股票事项,正面的
天宇股份：2018年净利预增54.72%-79.67%,正面的
中核钛白上半年净利润同比增长21倍,正面的
晶盛机电中标8.58亿元项目,正面的
骅威文化：倡议增持期间共36位员工增持 合计77.53万股,正面的
大丰实业：联合中标2.79亿元重大工程,正面的
宝新能源参股公司长城证券IPO过会,正面的
基蛋生物：2017年净利同比增4成，拟10转4派4.5元,正面的
驰宏锌锗：铅锌产品量价齐升 年报大幅扭亏,正面的
唐人神：拟合资成立香肠业务公司并布局雄安，目标5年上市,正面的
康达新材：实控人拟增持不超1亿元，11月3日复牌,正面的
海格通信：子公司预中标逾4亿元中国移动采购项目,正面的
中泰化学参股设立商业保理公司,正面的
山东路桥：全资子公司路桥集团中标5231万美元工程,正面的
姚记扑克：拟以2.55亿元对价收购万盛达扑克85%股权,正面的
西部黄金重组拟收购佰源丰和科邦锰业各51%股权,正面的
宏达电子：拟5亿元投资军民电子产业基地项目,正面的
华脉科技：1.8亿元收购江苏道康60%股权,正面的
福斯特去年净利增长49.8% 拟10派7元,正面的
卫士通：1.39亿股12日解禁,正面的
恒瑞医药：一季报净利增17%，证金有所减持,正面的
中房地产拟更名“中交地产”,正面的
美康生物新设南京美康基因子公司 加码基因诊断业务,正面的
思美传媒：拟2.5亿元-5亿元回购公司股份,正面的
中超控股：中标国家电网3.16亿元招标项目,正面的
沙隆达A：将更名为“安道麦A”,正面的
浙江广厦：拟以15.38亿元剥离房地产开发业务,正面的
迪马股份：子公司联合竞得重庆九龙坡区地块,正面的
兴源环境：拟5.5亿元收购源态环保100%股权,正面的
新美星：因筹划非公开发行股票，11月30日起停牌,正面的
金洲管道大股东增持1%股份 拟累计增持5%股份,正面的
中鼎股份子公司成沃尔沃供应商,正面的
华宇软件：定增询价环节结束，9月14日复牌,正面的
天宇股份：2018年净利预增54.72%-79.67%,正面的
长海股份：计划回购5000万元-1亿元,正面的
乐视网5月14日举行2017年度网上业绩说明会,正面的
天铁股份：中标1亿元川藏铁路线项目,正面的
广博股份拟不超8.5元回购0.5-2亿元股份,正面的
中电环保：旗下污水处理BOT，项目正式商业运行,正面的
钱江水利：控股股东拟溢价20%要约收购10%公司股份 明日复牌,正面的
中顺洁柔年报：高送转预案调整为10转7派1元,正面的
冀东水泥：重大资产重组事项获证监会无条件通过 明日起复牌,正面的
盛屯矿业上半年净利预增300%-350%,正面的
新世界2017年上半年业绩预增10倍,正面的
宜宾纸业：控股股东向五粮液划转公司股份获国资委同意,正面的
中国重工：发行股份购买资产方案获国资委批复,正面的
融钰集团：董事长拟斥资5亿至10亿元增持股份,正面的
永兴特钢子公司投建锂电新能源材料项目,正面的
陕国投A拟受让1.48亿股长安银行,正面的
易成新能：一季报预增378.74%-408.45%,正面的
*ST中安澄清：不存在超过6亿元筹码面临爆仓的情形,正面的
金通灵：筹划购买资产，股票停牌,正面的
海王生物：“虎杖苷注射液”获准开展美国II期临床,正面的
中工国际：签署8.89亿元肯尼亚输变电项目,正面的
九鼎投资：公司及九鼎集团和中国国新未接洽，媒体报道不实,正面的
星湖科技：2018年年度业绩预盈公告,正面的
光正集团拟6亿元收购新视界眼科51%股权，继续停牌,正面的
司尔特：多名高管合计增持141万股,正面的
铁汉生态预中标楚雄市大紫溪山旅游区基建PPP项目,正面的
中国建筑前11月建筑业务新签合同额逾2万亿元,正面的
梅安森：年报营收翻倍 净利扭亏,正面的
岭南股份：中标“渭南市华州区赤水河高塘镇至入渭口段综合治理工程建设项目”,正面的
【海南矿业：拟2.3亿美元收购洛克石油51%股权 积极参与南海石油天然气开发】,正面的
必创科技：股东陈发树增持137万股 持股比例升至9.59%,正面的
杉杉股份：证监会核准子公司发行境外上市外资股,正面的
人福医药：天风证券IPO过会，公司持股13.4%,正面的
中信银行2017年净利426亿元 同比增2.25%,正面的
航天发展：股东基布兹、康曼迪承诺暂不减持,正面的
当升科技：拟投资30亿元建设锂电新材料产业基地,正面的
耀皮玻璃：一季度净利同比增344%,正面的
卫星石化拟建年产400万吨烯烃综合利用示范产业园项目,正面的
海航投资：海航投资控股增持公司股份38.7万股,正面的
滨化股份：拟10转3派2.2元,正面的
【中富通：拟筹划第一期员工持股计划】,正面的
高能环境：2017年净利预增15%至35%,正面的
特锐德签署4.16亿元PPP项目合同,正面的
华录百纳：一季报业绩同比增长67%,正面的
南国置业：与控股股东各出5000万元开发重庆一地块,正面的
一汽股份称尚无继续转让一汽夏利股份计划,正面的
川金诺：拟定增募资不超5.86亿元加码主业,正面的
弘信电子：实控人期权交易获利约108万元，拟将收益全额赠与公司,正面的
国企结构调整基金再出手 认购中国国航2.31亿增发股,正面的
复星医药：治疗胃癌与乳腺癌新药获临试批件,正面的
纳川股份：中标4.34亿元PPP项目,正面的
联合光电年报：拟10转6派3元,正面的
中工国际签署8.89亿元肯尼亚输变电项目合同,正面的
南极电商一季度业绩预增239%-249%,正面的
四川长虹：拟17.28亿元收购零八一集团100%股权,正面的
华峰超纤：2017年拟10转8派0.5元,正面的
法拉电子：年报净利增9% 拟10派12元,正面的
卫星石化：去年净利增逾两倍,正面的
新凤鸣拟9300万美元设立中益化纤,正面的
众应互联：拟以资产置换方式收购瀚德信用45%股权,正面的
爱建集团：拟6.72亿元转让高锐视讯11.2%股权,正面的
滨海能源：实控人变更,正面的
兴业银行年报：拟10派6.5元,正面的
博实股份：控股股东计划转让不超过公司4%的股份,正面的
盛屯矿业：在刚果（金）投资设立公司 增加钴资源储备,正面的
西部证券：母公司8月净利4431.7万元,正面的
晨鸣纸业预计上半年盈利17-18亿，同比大增逾8成,正面的
创意信息拟发起成立5G实验室,正面的
长久物流年报净利增9% 拟10转4派1.97元,正面的
雪浪环境：向松祚对公司投资不涉及内幕交易，增资程序合理,正面的
同济科技：中标台州1.3亿元EPC工程总承包,正面的
中环环保：签下1.3亿元合同,正面的
东方雨虹：投资15亿建防水材料生产项目,正面的
乐普医疗：公司副总经理吕永辉12月11日增持2.12万股，并将继续增持公司股份。,正面的
景峰医药：子公司获得新药注册证书,正面的
博雅生物人纤维蛋白原生产车间通过GMP认证,正面的
复星医药：治疗胃癌与乳腺癌新药获临试批件,正面的
方大集团2017年轨交屏蔽门项目签约逾7亿元,正面的
优博讯：2018年度净利预增140%-170%,正面的
康泰生物：13价肺炎球菌结合疫苗Ⅲ期临床试验数据完成揭盲,正面的
中通客车：三季报业绩预降75.84%-71.45%,正面的
新凤鸣：拟40亿元投建PTA项目 延伸产业链,正面的
宝馨科技：成功研发MCCE黑硅制绒设备 提高晶硅电池光电转换效率,正面的
【云铝股份：2017年净利同比增近5倍 取得历史最好经营业绩】,正面的
成都路桥举牌方称与股东李勤无关联关系,正面的
雪榕生物去年净利增17% 拟10转9派1.2元,正面的
金钼股份：控股股东拟继续增持0.5%-1%股份,正面的
罗牛山今年前11月生猪销售收入同比增近三成,正面的
珠江啤酒年报拟10转10派1元,正面的
天神娱乐：签约进入海南生态软件园，拟与盛大游戏子公司合作,正面的
新华保险澄清：正在筹划董事会换届事宜,正面的
伊力特控股股东变更为伊力特集团,正面的
*ST舜船：4月19日起摘星脱帽简称变为“江苏国信”,正面的
爱康科技停牌筹划发行股份购买资产事项,正面的
金字火腿：拟收购一家制药行业标的公司，3月6日起停牌,正面的
四川路桥：全资子公司中标48.63亿元工程,正面的
海马汽车：11月汽车销量同比下降41.02%,正面的
深圳国资旗下基金拟受让和而泰逾5%股份,正面的
华域汽车：出售上海天合50%股权，收购萨克斯动力剩余股权,正面的
通威股份前三季度业绩预增50%-70%,正面的
集泰股份：今日首次回购71万股,正面的
当代明诚：子公司与国际足联签2018世界杯亚洲区独家市场销售代理,正面的
晨鸣纸业：拟剥离非核心业务，引入长城国瑞证券为战略合作方,正面的
中润资源：杭州汇成受让7.09%股份,正面的
万安科技：累计收到各类政府补助资金2542.12万元,正面的
国创高新：拟定增13亿投建三项目 增强长租公寓服务能力,正面的
*ST嘉陵扭亏拟申请摘帽 重大重组正在推进中,正面的
梦百合：控股股东增持314万股,正面的
清水源：2018年净利预增95%-125%,正面的
【广发证券：母公司2018年净利37.23亿元】,正面的
深天马A子公司收到4.5亿元政府补助,正面的
中国联通控股股东协议转让部分公司股份完成过户登记,正面的
宁波韵升：年报拟10转8派3元,正面的
恒瑞医药去年利增43% 拟10送2派1元,正面的
钱江摩托控股公司拟31.8亿元投建锂电池项目,正面的
神州长城：预中标14亿PPP项目,正面的
爱尔眼科：定增报价认购环节结束 明日复牌,正面的
上海建工：子公司中标33.8亿元项目,正面的
新文化全资子公司拟不超1亿元参与投资电影《美人鱼2》,正面的
江苏有线：证金公司成第一大流通股东,正面的
广发证券母公司2018年净利37.23亿元,正面的
环旭电子：2017年全年及12月单月合并营收均创历史新高,正面的
凯伦股份年报拟10转8派2元,正面的
卫宁健康：上海云鑫拟受让公司股权并战略合作,正面的
顺丰控股：全年营收约为711亿元 净利润47.7亿元,正面的
唐人神：控股股东拟出让6.93%股份 引入湖南资管,正面的
拟现金购买奇热信息84%股权 恒大高新复牌涨停,正面的
【华平股份：实际控制人变更】,正面的
锦旅B股：出售豫园股份127.56万股，税前收益1126万元,正面的
万向钱潮：前三季度净利同比微增 证金加仓升至二股东,正面的
中国建筑与山西省及太原市政府达成战略合作,正面的
达华智能：重组标的为类金融行业资产 明日复牌,正面的
宏润建设：联合中标22.57亿元施工项目,正面的
美芝股份：拟收购建元建设51%股权 明起停牌,正面的
银轮股份：成为捷豹路虎指定供应商,正面的
掌阅科技：上市以来股价上涨15倍 提醒投资者注意风险,正面的
新纶科技年报净利增244% 拟10转10派0.35元,正面的
福田汽车前二月新能源车产销大增,正面的
东方新星：2018年业绩预告大幅向上修正 同比预增59至62倍,正面的
洲际油气：拟33.62亿元购买上海泷洲鑫科96.70%股权,正面的
上海贝岭参股公司先进半导体私有化交易完成 获投资收益6112万元,正面的
欣龙控股年报预增103%-118%,正面的
华峰氨纶：三季度业绩增长177.63%,正面的
同益股份年报：拟10转5派1.2元,正面的
龙元建设预中标14.33亿元PPP项目,正面的
青岛啤酒年报：净利同比增长21.04%,正面的
新凤鸣拟40亿元投建PTA项目,正面的
【富煌钢构：中标8.8亿校区建设项目】,正面的
泛海控股：控股股东增持123万股,正面的
万盛股份：部分阻燃剂在全球范围内上调销售价格,正面的
奥联电子：目前核查工作仍在进行中 将尽快复牌,正面的
花园生物：年报净利预增192.42%-219.83%,正面的
巨星科技：中标智能家居产品项目,正面的
圆通速递拟4.5亿元增资浙江驿栈,正面的
国祯环保预中标11.16亿元PPP项目,正面的
大唐发电：大唐集团承诺将非上市火电资产注入公司,正面的
蓝思科技：2017年拟10转5派2.3元,正面的
华域汽车：参股的亚普股份首发申请获通过,正面的
九阳股份：拟不超过1.1亿元回购股票，用于股权激励计划,正面的
常山北明：联合中标舞钢市1.7亿元项目,正面的
申万宏源：5月份净利润2.83亿元,正面的
环旭电子成长动能充沛 去年营收297亿元创新高,正面的
思源电气获上海承芯举牌,正面的
良信电器：年报业绩增长25%，推10股转10股派5元,正面的
时代万恒：拟将贸易业务中各子公司股权转让给控股股东,正面的
中国石化：一季报净利187.7亿元，同比增长12.8%,正面的
天银机电：新产品订单大增 前三季净利预增25%-35%,正面的
空港股份：2017年净利润同比下滑44%,正面的
神州长城：中标7.5亿元四川珙县中医院PPP项目,正面的
辉煌科技：签1.56亿轨交项目合同,正面的
一线|蚂蚁金服子公司成新开普第二大股东 布局校园支付,正面的
天润乳业：2017年度拟10转10派2.9元,正面的
合众思壮累计签署11.78亿元重大合同,正面的
申通快递：11月快递服务收入15.15亿元，同比增长29.52%,正面的
华夏幸福：下属公司竞得土地使用权,正面的
宗申动力停牌筹划重大事项,正面的
中国平安：1-2月寿险业务原保险合同保费收入1507​亿元,正面的
奥瑞金：拟回购1亿-1.8亿元股份,正面的
阳光电源与安徽金寨县合作新能源示范项目 总投资100亿元,正面的
日海智能：中标广东联通采购项目,正面的
中设集团：中标西藏公路工程勘察设计项目,正面的
康泰生物：13价肺炎球菌结合疫苗Ⅲ期临床试验数据完成揭盲,正面的
新时达与京东在智慧物流、机器人等领域开展合作,正面的
风华高科一季报净利预增三倍,正面的
天安新材：拟收购新材料企业广东中旗 明起停牌,正面的
东方材料：年报拟10转4派1.9元,正面的
北陆药业：拟收购阳光诺和不低于51%的股权，3月20日起停牌,正面的
白银有色：重组过会 明起复牌,正面的
【红宝丽：子公司12万吨环氧丙烷项目试生产成功】,正面的
科陆电子：董事长倡议员工买入公司股，若亏损予以补偿,正面的
海螺水泥半年报业绩预增90%到110%,正面的
【岷江水电：2018年净利预增56%】,正面的
泰合健康实控人筹划涉公司控制权变动重大事项,正面的
科陆电子复牌继续推进重大资产重组事项,正面的
建设银行：2017年实现净利润2436.15亿 同比增长4.83%,正面的
通威股份：年报净利预增80%-100%,正面的
旗滨集团：一季度净利润同比增31%，社保基金及沪股通资金增持,正面的
山东海化半年报预增约11倍,正面的
三角轮胎：拟斥资逾38亿在美国建首个海外轮胎生产基地,正面的
东华软件：与廊坊市人民政府签战略合作协议,正面的
上海电气：子公司6800万元参投人工智能产业基金,正面的
恒瑞医药：注射用塞替派获美国FDA批准文号,正面的
坚瑞沃能预计前三季净利同比增772%-802%,正面的
科伦药业子公司四产品获美国FDA登记审核通过,正面的
再升科技：部分董事高管拟增持50万股-200万股,正面的
*ST椰岛获海南红棉及其一致人王正强举牌,正面的
恺英网络拟10.64亿收购浙江九翎 三年完成7亿净利润,正面的
城地股份：签下上海9528.8万元工程合同,正面的
京威股份：拟在秦皇岛投建新能源整车基地项目，总投资约160亿元,正面的
南方航空：控股股东改制为国有独资公司,正面的
兔宝宝：供应商持股计划完成购买，累计购买778万股,正面的
天虹股份：去年净利同比增37% 拟10转5派4.5元,正面的
乐凯新材年报拟10派4元,正面的
日机密封：一季报预增60%-90%,正面的
世纪鼎利停牌筹划购买教育行业资产,正面的
岭南股份：中标逾7亿元河水治理项目,正面的
新钢股份：一季度净利增逾2倍,正面的
节能风电：投9.25亿元在青海建设两风电场项目,正面的
振东制药：股东耀翔瑞天举牌 持股达到5%,正面的
[公司]金鹰股份控股股东拟增持100万股-720万股,正面的
神雾节能：神雾集团增资扩股事项继续推进中，交易金额约30-50亿元,正面的
金智科技：与金风科技签下《战略合作框架协议》,正面的
[公司]科达股份拟以5000万元到1亿元回购股份,正面的
华录百纳：美的少东家何剑锋将入主,正面的
大冶特钢年报净利增长35% 拟10派3元,正面的
潜能恒信控股股东一致行动人转让5.05%公司股份,正面的
航锦科技中报净利同比预增270％-320％,正面的
中捷资源：拟收购易联盈100%股权，11月20日复牌。,正面的
中国人寿：拟三年内实施不超过800亿元资本性债务融资计划,正面的
江特电机参股公司澳大利亚巴尔德山锂矿项目投产,正面的
广博股份拟约12亿元收购掌优科技100%股权,正面的
乐视网澄清：嘉睿汇鑫已按照协议支付全部投资款项,正面的
同兴达：累计收到政府补助1007万元,正面的
金盾股份：签订9228万元杭州地铁采购合同,正面的
东方航空：一季报净利19.8亿，同比下滑29.63%,正面的
腾达建设：出资5.15亿元投建台州PPP项目,正面的
上汽集团发布财报：2017利润实现344亿元 同比增长7.5%,正面的
方大集团：2018年净利同比增长96% 拟10派2元,正面的
强力新材非公开发行A股股票申请获证监会审核通过,正面的
江苏有线：股东国安通信补充质押300万股,正面的
方大特钢：每股派现金1.0元 共计派发现金红利21.2亿,正面的
金逸影视：拟10转6派6元 成泉资管进入十大流通股东,正面的
达华智能：参股公司IPO申请获证监会受理,正面的
瑞和股份：签下4亿元施工合同及协议,正面的
光一科技：中标3121万元国家电网项目,正面的
中信银行2017年净利426亿同比增2.25%，发力零售转型,正面的
金字火腿：拟收购晨牌药业及汉晨药业股权 明起停牌,正面的
控股股东提议我爱我家回购1-2亿元公司股票,正面的
中百集团：2018年净利4.29亿元 同比增长534%,正面的
南京化纤预计年报净利扭亏为盈,正面的
国轩高科：已开始建设811电池相关产品中试线,正面的
广博股份：拟约12亿元收购掌优科技,正面的
万达电影：2018年实现票房同比增8.9%,正面的
赣锋锂业去年净利增46% 今年一季度预增逾3倍,正面的
华夏幸福：成为沈阳一PPP项目社会资本方,正面的
龙元建设中标宁波“三路一桥”PPP项目,正面的
银泰资源重组获证监会通过 14日复牌,正面的
【华电重工：签署2.76亿元重大合同】,正面的
初灵信息子公司中标3054万元中国移动采购项目,正面的
良信电器年报业绩增长25% 推10股转10股派5元,正面的
白云山(00874)拟与一心堂、广药金申设立合资公司 加快布局医药连锁终端,正面的
鸿路钢构：向涡阳投资约20亿建绿色装配式建筑产业园,正面的
鄂尔多斯控股股东方面拟增持公司B股,正面的
上海莱士：同方股份拟收购公司不超29.9%股份,正面的
朗玛信息大幅下调去年业绩 医药电商不纳入合并报表,正面的
新国都：7.1亿元现金收购嘉联支付100%股权,正面的
贵州茅台年报预增58% 因销量增长,正面的
美达股份：拟20亿投建年产20万吨聚酰胺新材料项目,正面的
云南铜业：中国铝业公司完成改制,正面的
复星医药：拟在上海松江区投建生物药产业化基地,正面的
北新路桥中标8.98亿元公路项目,正面的
中通客车：将收到国家新能源汽车推广补贴23亿元,正面的
佳讯飞鸿一季度业绩预增100%-120%,正面的
金圆股份：收购两水泥固废处置公司股权,正面的
中国人寿：全年净利润323亿元人民币 高于市场预估,正面的
碧水源：中标25.2亿PPP项目,正面的
盘江股份半年报实现净利4.6亿,正面的
科森科技：年报净利增17.74% 拟10转4派2.5元,正面的
花王股份：2017年年度业绩预增公告,正面的
唐人神一季度净利预增五到七成,正面的
长城汽车上半年净利增长52%,正面的
士兰微：与厦门海沧区人民政府战略合作,正面的
联得装备：2017年净利同比增47% 拟10转10派2元,正面的
向日葵：拟出售部分光伏设备等资产,正面的
凯中精密：控股股东吴瑛补充质押150万股,正面的
东旭蓝天联合体中标25.77亿PPP项目,正面的
阳泉煤业半年报预增逾8倍,正面的
东华软件拟6亿元投建互联网医院项目,正面的
鹏鹞环保：拟在亳州投建有机类肥料项目 投资额2亿元,正面的
陕国投A：每10股配售3股，陕高速集团承诺全额认购可配售股,正面的
景峰医药：子公司安非他命混合盐获得美国ANDA批准文号,正面的
海量数据：拟10转4派1.6元,正面的
高新发展：子公司签订64亿元PPP项目合同,正面的
铜陵有色：年报净利预增183%-222%,正面的
华夏银行年报：净利198亿元，证金增持至4.4%，拟10派1.5元,正面的
安诺其：确认拟收购盐城东吴100%股权，2月27日起停牌,正面的
百川能源：2017年净利预增50%到60%,正面的
宏达电子拟5亿元投建军民电子创新产业基地项目,正面的
兴业银行：出资20亿元参股国家融资担保基金,正面的
三祥新材公告，实控人拟增持2%-5%股份。,正面的
集友股份一季度预增48%至68% 因营业收入增长,正面的
九鼎新材引入战略投资者正威新材 控股股东向其转让10.23%股权,正面的
首开股份：2018年签约金额1007亿元 同比增46%,正面的
柳钢股份：2018年净利预计增加17.85亿元到20.88亿元,正面的
易华录：联合中标淮海数据湖PPP项目，总投资逾39亿元,正面的
万华化学2018年2月份中国地区MDI价格公告,正面的
欧浦智网上半年净利润同比增长116%,正面的
隆盛科技：筹划收购新三板公司 明起停牌,正面的
正邦科技：4月销售生猪5.24亿元同比增逾一倍,正面的
金龙汽车：收到18.64亿元国家新能源汽车推广补贴款,正面的
中信国安：拟以21.72亿元向荣盛控股转让子公司股权,正面的
浩云科技：拟定增6.8亿元，年报推10股送转15股,正面的
金能科技拟203亿元投建新材料与氢能源综合利用项目,正面的
万业企业：年报预增100%至120%,正面的
华安证券业绩快报：净利同比增长11.74%,正面的
亚泰集团：年报预增400%至430%,正面的
熙菱信息签1.59亿元合同,正面的
力源信息：拟2900万至3000万元回购股份,正面的
北特科技拟4.73亿收购新三板汽车零件公司,正面的
王子新材拟50亿元收购飞流九天 进军移动游戏领域,正面的
海南瑞泽拟定增募资38.6亿元加码园林行业,正面的
中顺洁柔：员工持股计划完成股票购买 累计买入2.3亿元,正面的
中国中铁：近期重大工程中标金额合计约289亿元,正面的
三维通信拟13.5亿收购巨网科技 切入移动互联网广告行业,正面的
北新路桥：中标4.93亿元公路工程项目,正面的
电连技术：控股股东提议2017年10转8,正面的
金路集团半年报增长三倍,正面的
金龙羽：中标广东电网1.53亿元招标项目,正面的
华联股份拟调整重组方案 29日起停牌,正面的
天际股份：控股股东、实控人拟增持不超900万股,正面的
铁汉生态 ：联合体预中标5.2亿元PPP项目,正面的
股价闪崩！新华保险澄清：公司经营管理一切正常,正面的
漳泽电力上网电价上调,正面的
电熔氧化锆涨价 三祥新材半年报增三成,正面的
中国神华：1-8月煤炭销量增16.3%，售电量增12.4%,正面的
辰安科技：筹划重大事项 股票停牌,正面的
泰合健康拟4.3亿元出售业康置业100%股权 15日复牌,正面的
三六零回应“股东质押借款600亿”：不涉及新增贷款,正面的
西水股份：天安财险前11月原保费收入138亿 同比增8%,正面的
万方发展：拟全资收购贵士信息，聚焦移动端大数据研究,正面的
杭汽轮B：预计2018年净利润同比增365.45%-467.27%,正面的
天邦股份拟投建盱眙食品产业园，总投资或超40亿,正面的
[公司]光洋股份实控人终止股份减持计划,正面的
全筑股份签署6.5亿元建筑装饰施工合同,正面的
华贸物流：将与京东物流开展跨境物流业务合作,正面的
东方园林：联合中标河南34.98亿元PPP项目,正面的
泰禾集团半年报预增约两成,正面的
上海电气(02727)拥有天沃科技总股本对应表决权的29.87%  成为其控股股东,正面的
物产中大：财通证券首发申请获得通过,正面的
A股掀起举牌小高潮 华夏人寿增持同洲电子至10%,正面的
云南能投：重组拟收购大股东光伏资产,正面的
城地股份：签下奉化9947万元施工合同,正面的
环旭电子售出友邦保险144万股股票 赚取1104万元,正面的
东方电缆2018年预盈1.7亿元 同比增约240%,正面的
东方明珠：控股股东拟继续增持不低于1亿元,正面的
坤彩科技：6月1日起上调部分系列产品出厂价格,正面的
我武生物：一季报预增25%-45%,正面的
中国铁建：新签423亿元海外合同,正面的
宝通科技：停牌筹划重大事项，或构成重大资产重组,正面的
盈趣科技获得“国家技术创新示范企业”认定,正面的
英力特：前三季度净利预增142%-166%,正面的
海螺水泥：2018年净利预增80%-100%,正面的
中国建筑：近期获总计481.9亿元项目,正面的
神剑股份：控股股东终止4300万股的减持计划,正面的
浙富控股：定增获发审委审核通过,正面的
青岛啤酒：一季报净利同比增长15%，证金持股降至2.4%,正面的
中国核建：2月新签合同同比增长158.96%,正面的
宝信软件与武钢集团等合资设立武钢大数据产业园,正面的
威尔泰停牌筹划购买资产事项,正面的
岭南股份：签署2.38亿元雄安新区苗景兼用林建设项目合同,正面的
星湖科技：预计2018年盈利4100万元左右 同比扭亏为盈,正面的
三棵树：拟6亿至10亿元在河北博野经济开发区投建项目,正面的
东方新星：2018年业绩预告大幅向上修正 同比预增59至62倍,正面的
石英股份拟15.6亿元投建太平洋石英产业园二期项目,正面的
克明面业去年净利增长64% 拟10转20派5元,正面的
凯龙股份：参与设立氢能源产业基金,正面的
长城汽车:预计上半年净利同比增长52%,正面的
长城动漫：2.01亿元债务重组议案获董事会审议通过,正面的
携手四家上市公司开展“VR+广电”试播 佳创视讯涨停,正面的
英特集团：公司国有股份无偿划转事项获得证监会核准批复,正面的
健帆生物业绩快报：2018年净利4亿元 同比增四成,正面的
五洲交通：2017年净利增长65% 拟10送3.5派1.5,正面的
招商公路：与部路网中心、外运长航战略合作,正面的
20日上市公司停复牌：铭普光磁股价异动停牌核查,正面的
三晖电气 ：中标9275万项目,正面的
德艺文创年报拟10转8派2.5元,正面的
山东矿机年报净利同比增567% 拟10转7,正面的
中国化学：前2月累计新签合同90亿元,正面的
融钰集团：与阿里巴巴签订《合作框架协议》,正面的
洲明科技：员工持股计划完成股票购买，耗资1.67亿元,正面的
中金环境中标5.26亿元施工项目,正面的
拓普集团拟募资不超28亿元 拓展汽车电子业务,正面的
国电南瑞获注264.8亿元资产 控股股东核心资产拟整体上市,正面的
华大基因去年净利增两成 拟每10股派3元,正面的
永安药业：拟斥资2500万元至5000万元回购股份,正面的
携手顺丰，中集集团优化物流板块商业模式,正面的
中恒电气：中标5000多万元项目,正面的
通合科技：筹划收购西安霍威电源 明日起停牌,正面的
易事特拟29亿收购宁波宜则100%股权 11日复牌,正面的
游族网络员工持股计划完成股票购买,正面的
悦心健康：并购重组事宜有条件通过 明起复牌,正面的
中国铝业：2017年净利润预增约239%,正面的
日上集团控股股东减持计划到期未减持股份,正面的
云天化：子公司合成氨尿素装置恢复生产,正面的
美晨生态：实控人拟增持1亿至3亿元，并为员工增持兜底,正面的
龙宇燃油半年报预增400%-500%,正面的
中原环保：预中标8.5亿PPP项目,正面的
深圳能源：参股企业长城证券首发过会 参股比例约14%,正面的
恒力股份重组事项顺利过会  全产业链民营石化巨擘又进一程,正面的
晨鸣纸业：拟剥离非核心业务，引入长城国瑞证券为战略合作方,正面的
围海股份：联合签下约22.95亿元PPP项目合同,正面的
天域生态中标衢江区沿江景观带PPP项目,正面的
驰宏锌锗：年报预计扭亏为盈,正面的
欧浦智网2017年上半年净利润2.36亿元  增长116%,正面的
鸿特科技公告，公司实控人将变更。,正面的
中粮生化：拟收购中粮集团旗下3家企业，交易金额约80亿元,正面的
杰赛科技：拟17亿元收购五家公司股权,正面的
欢瑞世纪:股价在平仓线以下 与资金融出方商议宽限期,正面的
南京银行九年布局终“结果” 江苏金融租赁IPO过会,正面的
大丰实业：联合中标2.79亿元EPC项目,正面的
和顺电气控股子公司被拟列入江苏售电公司目录,正面的
索菱股份：子公司预中标中国移动1.63亿元采购项目,正面的
国祯环保：2017年净利同比增五成 拟10转8派1.5元,正面的
我乐家居：年报拟10转4派1.6元,正面的
三毛派神：上半年净利增长逾两倍 牛散赵建平新晋第五大股东,正面的
专门说说年报行情股——兰太实业,正面的
苏宁环球：拟3.71亿元收购宜兴农业100%股权,正面的
白云机场：签订二号航站楼出境免税店项目经营合作协议,正面的
崇达技术年报拟10转10派5.4元,正面的
宏润建设：中标7.3亿杭州地铁施工项目,正面的
萃华珠宝：拟定增募资不超7.92亿元，9月12日复牌,正面的
新城控股全年净利润60.3亿元，同比增长99.68%,正面的
招商公路：与部路网中心、外运长航战略合作,正面的
佛山照明：拟1.44亿元参与国轩高科配股,正面的
海达股份：2017年净利同比增近7成 今年一季度净利预增80%-110%,正面的
江龙船艇上半年业绩预增78.99%-103.68%,正面的
平高电气：中标多个特高压工程项目，中标金额总计19.79亿元,正面的
珠海中富：拟出售陕西中富100%股权，料获收益2875万元,正面的
航天长峰：拟3.96亿元收购两公司各51%股权。,正面的
华策影视实控人之女拟增持1.57%股份,正面的
长江电力拟27亿元增资三峡资本,正面的
*ST尤夫：实控人承诺，若公司被立案调查而遭受损失，其本人将予以全额赔偿,正面的
金诚信：取得三份合同，总价2.52亿元,正面的
三祥新材：控股股东提议年报10转4派1.5元,正面的
龙净环保大股东之控股股东增持5.87%股份,正面的
重庆建工：中标8.77亿元项目,正面的
许继电气：预中标国家电网约2.4亿元项目,正面的
西部证券6月净利润环比增长超5倍,正面的
城地股份：中标9528万元工程项目,正面的
康恩贝年报预增60%-80%,正面的
大连友谊：5.76亿收购武汉信用小贷公司30%股份,正面的
紫鑫药业与九州通医药签署1.95亿元人参产品购销协议,正面的
宜通世纪：预中标1.39亿广东移动采购项目,正面的
哈三联：年报拟10转5派5元,正面的
中超控股：控股股东变更，股票复牌,正面的
联络互动：拟出资1.79亿美元收购新蛋37.81%股权,正面的
兰石重装再签EPC大单,正面的
永安林业相关股东已有效降低触发平仓风险的可能,正面的
高伟达：与蚂蚁金服子公司共同投资伟达金科,正面的
华自科技成为军队采购入库供应商,正面的
我武生物：2017年拟10转8派4元,正面的
乐通股份：控股股东拟增持8%-13%股份,正面的
南天信息：实控人云南国资委正在筹划与工投集团相关的重大事项,正面的
龙元建设：中标杭州市城市档案中心项目,正面的
天域生态：中标衢州市一PPP项目,正面的
【理邦仪器：2018年净利预增135%至165%】,正面的
福田汽车：2017年新能源汽车销量同比增75.54%,正面的
南卫股份获得国家科学技术进步二等奖,正面的
中超控股：控股股东筹划转让所持公司股权 明起停牌,正面的
宝新能源：转让百合网13.37%股权,正面的
"[招商蛇口]招商蛇口2017年全年签约销售金额1127.79亿元,同比增加52.54%",正面的
榕基软件：员工持股计划买入262万股,正面的
华域汽车拟10派10.5元 多家公司发布年报,正面的
圣农发展：2018年半年度业绩报告预告,正面的
迪安诊断：控股股东定向减持股份 引入战略投资者天士力集团,正面的
百利电气拟引入两名战投,正面的
金桥信息获文心致禾二度举牌,正面的
上海贝岭：参股公司先进半导体私有化交易完成,正面的
美达股份：控股股东计划增持不超1.5%股份,正面的
恒大高新：一季报预计扭亏为盈,正面的
海格通信：子公司预中标逾4亿元中国移动采购项目,正面的
神雾节能：神雾集团增资扩股事项继续推进中 交易金额约30-50亿元,正面的
新研股份上半年净利润同比增长4倍,正面的
金明精机：年报拟10转5派0.21元,正面的
人福医药：与咸宁市中心医院合作从事医养项目,正面的
苏宁云商拟更名为“苏宁易购”,正面的
宝新能源7.73亿元转让百合网13.37%股权,正面的
龙蟒佰利：拟发行不超18.54亿元可转债加码主业及补血,正面的
众泰汽车与福特智能出行公司签署合作备忘录,正面的
藏格控股拟14亿投建年产2万吨碳酸锂项目,正面的
国科微:与国家大基金等设合伙企业 投资集成电路领域,正面的
中信证券：拟不超134.6亿收购广州证券 1月10日复牌,正面的
南京高科：减持逾1200万股中信证券股票 增利1.2亿元,正面的
克明面业一季度业绩预增80%-120%,正面的
多喜爱复牌继续推进股权转让事项,正面的
文化长城：与潮州国企战略合作 涉大股东股权质押业务,正面的
晋亿实业2017年业绩预增98.06%-135.99%,正面的
嘉凯城：2017年净利约19.88亿元，同比增长398.39%,正面的
3.34亿收购远洋翔瑞剩余股权 田中精机押注智能装备,正面的
太极实业半年报实现倍增,正面的
华谊集团控股股东拟继续增持不超1%股份,正面的
葵花药业：“小儿肺热咳喘口服液”被列为2018年流感防治推荐用药,正面的
【杰瑞股份：与美国财政部外国资产控制办公室签署和解协议】,正面的
中国铁建：控股股东改制为国有独资公司并更名,正面的
东方钽业2018年扭亏为盈 净利润约2200万�C3200万元,正面的
桐昆股份：年报拟10转4派1.4元,正面的
阳谷华泰2018年度净利润预增75%-95%,正面的
鲁信创投：子公司的参股企业山东国信IPO已过港交所聆讯,正面的
文一科技：股东拟增持100万股-707万股,正面的
开立医疗：收到政府补助3136万元，占去年净利16%,正面的
中南建设：员工持股计划买入1.3亿股,正面的
中国武夷：拟非公开发行不超20亿元公司债,正面的
【财经】广信材料揽入航盛60%股权，从涂料行业再进新能源领域,正面的
浙大网新：与万汇通就西南云计算智慧产业基地项目签协议,正面的
招商蛇口去年净利超过122亿元 三大业务板块高速增长,正面的
雏鹰农牧实控人及一致行动人等拟增持不超3亿元公司股票,正面的
太化股份：控股股东股权被注入山西国资投资运营公司,正面的
博迈科拟1亿-2亿元回购股份,正面的
嘉欣丝绸上修2017年度业绩预告,正面的
云内动力获控股股东累计增持1.1%股份,正面的
武汉中商：一季报预增218%-243%,正面的
永安药业：拟斥资2500万元至5000万元回购股份,正面的
东风科技：拟吸并零部件集团，2月1日复牌,正面的
深高速：发行不超22亿元可转债获深圳国资委批复,正面的
辉煌科技：预中标郑州市轨道交通4号线工程综合监控系统集成项目,正面的
金鸿控股：员工持股计划买入1.64%股份,正面的
*ST宜化：拟10.4亿元转让新疆宜化80.1%股权，明起停牌,正面的
【华懋科技：控股股东将公司10.7%股权转让给两名自然人】,正面的
包钢股份：拟以12.03亿元收购北方稀土与稀土选矿有关的实物资产及资源,正面的
唐德影视控股股东增持19万股,正面的
天目药业获汇隆华泽三度举牌  拟再增持2%-5%,正面的
光环新网：重组拟收购控股股东旗下IDC公司，继续停牌,正面的
弘信电子：股东上海金投、邱葵、王毅拟6个月内合计减持6.33%股份,正面的
国发股份：控股股东计划增持1%-2%股份,正面的
川投能源获长江电力举牌,正面的
绿地控股：联合中标160亿南京求雨山文创园PPP项目,正面的
中国联通：11月4G用户净增150万户 累计2.17亿户,正面的
中国电建：前四月新签合同额1873亿元，同比增长6%,正面的
深天地A半年报预增132%-171%,正面的
兴发集团年报预增两倍 因有机硅、草甘膦涨价,正面的
悦心健康：重组拟9.18亿元收购三家医院,正面的
荣晟环保：年报预增两倍 受益造纸业景气度提升,正面的
三聚环保：关联交易已履行程序并披露 4日复牌,正面的
顾地科技控股股东拟增持1%至2%股份,正面的
巨化股份年报：净利润同比增长518.57%，拟10转3派1元,正面的
艾比森：2018年度净利同比增132%,正面的
森特股份中标7.9亿元天府国际机场工程项目,正面的
深康佳A：拟投资140亿在滁州建智能家电等项目,正面的
建研集团年报拟10转10派2,正面的
中材科技发布年报称，2017年度拟10转6派3元；全年净利润为7.67亿元，同比增91.15%。,正面的
美都能源：逾29亿元收购瑞福锂业98.51股份,正面的
天康生物7月销售收入环比增长34.25%,正面的
TCL集团董事长李东生拟增持3000万元公司股份,正面的
【上海家化：本次控股股东要约收购的清算过户手续已经办理完毕】,正面的
首份上市银行年报 平安银行去年实现净利约232亿元,正面的
葵花药业：拟10转10派10元,正面的
东方雨虹拟超6亿元扩建岳阳云溪基地,正面的
泰合健康：2017年净利同比增108%，拟10送3派0.8元,正面的
西水股份：保险子公司前11月保费收入128.41亿元,正面的
鹏起科技实控人方面拟增持9-10亿元,正面的
中天能源：拟收购海外油气资源拓展产业链5月19日复牌,正面的
分众传媒：已累计耗资11亿元回购股份,正面的
光威复材前三季度业绩预增80%-99%,正面的
中核钛白上半年净利润同比增长21倍,正面的
安通控股：2017年净利增长37% 拟10转4派1,正面的
凯盛科技池州3D玻璃盖板生产线开工建设,正面的
天康生物：去年12月商品猪销售收入环比增长6%,正面的
平高电气：中标19.79亿元国家电网项目,正面的
北新路桥中标广元至平武高速公路PPP项目,正面的
联得装备2017年净利同比增47% 拟10转10派2元,正面的
智飞生物年报净利增逾12倍 一季报预增281%-348%,正面的
平高电气：公司及子公司平芝公司中标6.63亿元,正面的
上海钢联：钢银电商设立全资子公司,正面的
鸿利智汇：拟2.3亿元并购LED汽车照明公司谊善车灯,正面的
京汉股份获取四川简阳土地资源 8日复牌,正面的
华创阳安公告，公司正筹划员工持股计划方案。此次员工持股计划所持有股票累计不超过公司总股本的10%，股票来源为公司回购股票。,正面的
兴业银行年报净利增6% 拟10派6.5元,正面的
江龙船艇年报拟10送1转7派0.3元,正面的
胜利精密：拟4.76亿收购硕诺尔 扩大智能制造领域份额,正面的
宝信软件：合资设立武钢大数据产业园 IDC向全国布局,正面的
乐普医疗：降糖药产品布局完善 门冬和二代胰岛素获批临床,正面的
新大陆半年报净利增长82% 社保基金二季度买入580万股,正面的
上海机电：年报拟10派4.8元,正面的
龙马环卫：中标7970.95万元PPP项目,正面的
力源信息：一季度净利预增159%-176%,正面的
中兴通讯35.42亿元竞得南山区一地块土地使用权,正面的
乐视网：股票仍需继续停牌,正面的
南京银行参股公司IPO过会,正面的
*ST河化：8000万元受赠资金已到账,正面的
格林美：一季报预增40%-70%,正面的
焦作万方：年报预增55.21%-104.59%,正面的
围海股份：联合中标16.37亿元PPP项目,正面的
四川金顶：正在筹划收购深圳市海盈科技有限公司股权,正面的
中国联通：11月4G用户净增150万户，累计2.17亿户,正面的
坤彩科技：中期拟10派0.6元，拟涉足锂电池材料业务,正面的
江南化工拟25亿收购盾安新能源 年内多次调整收购方案,正面的
【蓝鲸教育晚报】全通教育中标政府采购；经纶传媒正上市辅导,正面的
太龙药业：上调回购股份的金额为1.25亿元-2.5亿元,正面的
*ST众和股价异动 21日起停牌核查,正面的
九洲药业年报拟10转8并派现,正面的
朗玛信息：大幅下修17年业绩，净利由3.2亿下修至1亿,正面的
隆盛科技：筹划收购新三板公司，11月3日起停牌,正面的
美都能源逾29亿元收购瑞福锂业98.51股份,正面的
隆华科技：实控人拟向河南高创转让5.46%股份,正面的
中房股份7日复牌 忠旺集团拟作价282亿借壳上市,正面的
利尔化学2017年度净利润同比增长93%,正面的
中国建筑：建筑业务前11月新签合同额2.08万亿元，同比增6.3%,正面的
环旭电子(601231.SH)1月合并营收升30.36%至32.25亿元,正面的
科达洁能控股子公司粉煤气化项目中标,正面的
欣旺达：全资子公司拟1.08亿元转让欧盛自动化90%股权,正面的
景兴纸业：产品售价上升 2017年净利翻倍,正面的
大名城：拟参与开发杭州余杭区地产项目,正面的
大秦铁路：2017年货物运输量同比增长23.1%,正面的
兴化股份业绩快报：2018年净利同比增15%,正面的
苏宁云商拟更名为“苏宁易购”,正面的
长缆科技：去年净利1.21亿 拟10转4派1.5元,正面的
亨通光电：子公司中标3.31亿元海底电缆项目,正面的
华侨城A：一季报净利同比增长48.07%,正面的
文化长城拟斥资6000万元至1亿元回购，回购价不超过12元/股。,正面的
勘设股份：签订3.15亿元重大合同,正面的
吴通控股：中标2.8亿元中国移动采购项目,正面的
电气装备集团成广日股份间接控股股东,正面的
振华股份年报净利增逾两成 拟10转4派1.38元,正面的
如意集团：拟35.04亿元对价收购远大物产48%股权,正面的
中百集团半年报预增逾3倍,正面的
要约收购长园集团再攻新能源车？这次是格力集团,正面的
众合科技子公司中标政府采购BOT项目,正面的
天沃科技：签下4648万元采购合同,正面的
凯美特气一季度业绩预增210%-260%,正面的
中国电建：前两个月新签合同额1106.27亿 增长6.19%,正面的
鲁北化工大股东拟实施混改 7日复牌,正面的
一汽夏利控股股东或变更 一汽股份拟转让所持部分股份,正面的
神火股份：非公开发行股票获河南省国资委批复,正面的
嘉化能源：控股股东累计增持近1115万股,正面的
众应互联：拟以资产置换方式收购瀚德信用45%股权,正面的
保利地产：去年净利增长25.8% 证金持股升至4.7%,正面的
华电重工：签署2.76亿元重大合同,正面的
博深工具：高速列车制动闸片获准装车运用考核,正面的
美诺华：2018年净利预增116%-131%,正面的
海航投资：年报净利预增102.3%-105.74%,正面的
拓斯达实控人拟增持2000万元至1亿元,正面的
【迪安诊断：控股股东定向减持股份 引入战略投资者天士力集团】,正面的
围海股份中标3.5亿土建及安装工程,正面的
步森股份：公司控股股东及实际控制人变更,正面的
振芯科技：签订3.35亿元核高基重大专项合同,正面的
康普顿网上发行中签号出炉 共22500个,正面的
中国巨石：子公司获第五届中国工业大奖,正面的
商业城半年报扭亏为盈,正面的
华新水泥:2018年净利预增139%-159%,正面的
天虹股份：与腾讯签合作备忘录，就零售数字化开展合作,正面的
【格林美：2017年营收超百亿元 净利翻倍】,正面的
中金环境：629位员工响应增持倡议 合计增持1.3亿元,正面的
雪浪环境：签订2.2亿元重大合同  占去年经审计营业收入31.55%,正面的
茶花股份：年报净利微增，拟10派2.5元,正面的
涪陵电力去年净利增159% 拟10派3.5元,正面的
大众交通1亿元增资入股中车城市交通有限公司,正面的
迪安诊断：拟近10亿元收购体外诊断行业公司股权 明起停牌,正面的
利亚德2017年净利润大增8成 拟10转5股派1.1元,正面的
马钢股份：受益钢材涨价 年报净利增236%,正面的
汇源通信拟近33亿收购资产转型“大安防”行业,正面的
光线传媒：参股公司猫眼文化增资扩股引入战略投资者,正面的
中国电建签署129亿元海外合同,正面的
华新水泥：一季度净利增459%,正面的
卫宁健康：一季报预增40%,正面的
星徽精密：15.3亿收购跨境电商泽宝股份 明日复牌,正面的
东华科技：董监高拟增持150万股-200万股,正面的
天音控股：2.88亿元出售易天新动51%股权,正面的
联络互动：拟收购Newegg Inc.剩余部分股权,正面的
西王食品：2018年净利预增约三成,正面的
远达环保拟出售所持西南证券不超1000万股,正面的
再升科技：增资获深圳中纺34%股权 丰富产品结构,正面的
勘设股份：与肯尼亚公司签下26.29亿美元施工合同,正面的
【金字火腿：拟收购晨牌药业及汉晨药业股权 明起停牌】,正面的
铁汉生态联合体中标雄安新区园林建设项目,正面的
智慧能源：近期中标金额2.64亿元,正面的
金牌厨柜预计2017年净利润同比增长60%�D80%,正面的
苏宁易购：完成出售阿里巴巴股票，获利56亿元,正面的
韶钢松山一季报：净利同比增长410.42%,正面的
海泰发展：控股股东筹划重大事项 或导致实控人变更,正面的
当代东方拟收购当代陆玖49%股权 23日复牌,正面的
佳讯飞鸿一季度业绩预增100%-120%,正面的
宜宾纸业：预计2018年净利同比增82%-91%,正面的
霞客环保：重组标的曝光 拟并购上海鸿宇,正面的
合众思壮：管理层拟集体增持股份不少于1.2亿元,正面的
科陆电子复牌继续推进重大资产重组事项,正面的
开尔新材重组拟购买沃驰科技剩余93.48%股权,正面的
方大炭素年报净利增53倍 拟10派19元共派现33.99亿元,正面的
津膜科技：联合中标9300万元PPP项目,正面的
新世界半年报预增10倍,正面的
盈峰环境：拟152.5亿元收购中联环境,正面的
潮宏基：近13亿收购思妍丽74%股权，实现全资控股,正面的
金达威：一季报净利同比增长409.96%,正面的
大通燃气：正在筹划重大资产重组事项,正面的
钱江摩托：控股企业拟31.8亿元投建锂电池项目,正面的
太极实业半年报实现倍增,正面的
乐视网：5月14日举行2017年度网上业绩说明会,正面的
华创阳安：筹划员工持股计划,正面的
*ST宜化：拟10.4亿元转让新疆宜化80.1%股权 明起停牌,正面的
招商蛇口拟购买招商局漳州开发区有限公司78%股权,正面的
英洛华半年报预增逾1倍,正面的
吉林化纤：年报营收增近六成 净利增163%,正面的
【正平股份：多名高管终止减持股份计划】,正面的
昆仑万维预计全年实现净利润同比增95.67%至124.84%,正面的
沪市首份三季报出炉，旗滨集团前三季度净利同比增长90%,正面的
*ST嘉陵：2017年业绩扭亏，申请“摘帽”,正面的
瑞尔特：年报拟10转6派5元,正面的
保利地产：前9月签约金额突破2000亿,正面的
新宏泰：拟43.2亿元收购天宜上佳100%股权,正面的
上海医药半年报增长一成,正面的
易见股份：实际控制人拟变更为国资委,正面的
龙元建设：中标4.58亿元工程项目,正面的
【中国中冶：前两个月新签合同额936.2亿 同比增长19.3%】,正面的
北方国际：收购克罗地亚公司布局海外风电项目,正面的
航天发展：拟逾15亿收购航天开元等三家公司股权,正面的
【富森美：2017年净利6.51亿元 拟10派6元】,正面的
东方雨虹：投资15亿建防水材料生产项目,正面的
韶能股份签订生物质发电项目投资合同,正面的
同方股份：旗下子公司无境外上市计划,正面的
京东、腾讯入股步步高 探索区域零售市场,正面的
悦心健康：重组拟9.18亿元收购三家医院,正面的
博天环境：联合预中标逾24亿元PPP项目,正面的
洪城水业联合体中标营口市城市污水处理PPP项目,正面的
徐工机械：预计2017年盈利超10亿元,正面的
光大银行：2017年净利同比增4% 获证金公司增持,正面的
海通证券：母公司2018年12月净利9.43亿元,正面的
甘肃电投：预计前三季度净利2.2亿元-2.4亿元,正面的
鲁阳节能：一季报预增180%-230%,正面的
东方时尚：拟发行可转债募资不超7.1亿元,正面的
凯瑞德获董事长举牌,正面的
同济科技：子公司中标上海5.17亿元工程项目,正面的
冀凯股份：第二大股东增持695万股 成为第一大股东,正面的
宝新能源：参股公司长城证券首发过会 持有发行前1.79%股份,正面的
欧浦智网：股东已消除质押平仓风险，2月26日复牌,正面的
旋极信息：拟回购股份2亿元至5亿元,正面的
邦宝益智：拟4.4亿元收购玩具运营商美奇林100%股权,正面的
比亚迪：1月新能源汽车销量2.87万辆，同比增291.11%,正面的
京汉股份拟定增15.2亿元推动绿色纺织,正面的
拓邦股份年报：净利润2.1亿元同比增长45.55%，拟10转5派1元,正面的
先导智能：2017年营收翻倍 净利增85%,正面的
易世达：2017年拟10转5,正面的
国药股份：年报预增100%至120%,正面的
丽鹏股份：子公司联合中标约14.5亿元项目,正面的
*ST东凌：拟以自有资金2亿元投资扩建老挝钾盐项目,正面的
藏格控股孙公司提取碳酸锂试验成功,正面的
宜宾纸业一季报净利扭亏为盈,正面的
精测电子年报拟10送5转5派5元,正面的
龙元建设预中标14.33亿元PPP项目,正面的
亨通光电：中标3.31亿元海底电缆项目,正面的
富祥股份：2017年净利同比微增 拟10转10派5元,正面的
海联金汇：拟回购不超1.5亿元股份,正面的
全筑股份：签订两份施工合同 预计总投资6.5亿元,正面的
南山铝业拟合资设立航空零部件公司,正面的
首旅酒店：拟挂牌出售燕京饭店20%股权，预计将产生投资收益约1.26亿元,正面的
中国中冶：前8月新签合同额3646.7亿元,正面的
江南化工减持雪峰科技1%股份 获益近950万元,正面的
复星医药治疗胃癌与乳腺癌新药获临试批件,正面的
顶点软件：年报净利同比增4成，拟10转4派5元,正面的
荣晟环保：年报净利预增216.10%-224.25%,正面的
日发精机：子公司中标上海4100万元项目,正面的
创业软件：证券简称自1月30日起改为“创业慧康”,正面的
武汉中商停牌筹划收购居然新零售100%股权,正面的
光启技术股份有限公司关于签订超材料舰艇隐身结构产品批产合同的公告,正面的
紫鑫药业：签订工业大麻合作研究协议,正面的
傲农生物：拟投资6亿元建设生猪养殖项目,正面的
东方电缆：中标2.01亿元重大海底电缆项目,正面的
榕基软件：员工持股计划买入262万股,正面的
博迈科拟1亿-2亿元回购股份,正面的
平安银行：每10股派发1.36元，全年净利润232亿元,正面的
中原特钢211亿收购触跌停 标的负债高现金流不稳定,正面的
奥拓电子一季度业绩预增318%-367%,正面的
华大基因高估值低增长 半年无研报更新疑被打入冷宫,正面的
荣泰健康：2017年净利2.16亿元 拟10派5元,正面的
永兴特钢子公司投建锂电新能源材料项目,正面的
我武生物：一季报预增25%-45%,正面的
京东方A：与工商银行签订500亿元战略合作协议,正面的
银河电子：公司累计回购2434万股,正面的
陆家嘴：13.14亿元竞得陆金发11.8%股权,正面的
预计2017年净利润同比增长71%至91% 联创互联涨停,正面的
农尚环境与乌苏市签订战略合作框架协议,正面的
国祯环保：2017年净利同比增五成 拟10转8派1.5元,正面的
中信重工：新能源汽车政策调整影响拟收购标的，11月30日起停牌,正面的
川环科技年报净利增长35% 拟10转10派10元,正面的
长川科技：年报拟10转9派1.5元,正面的
道恩股份年报拟10转10派1.6元,正面的
*ST正源：控股股东计划增持1%-4.99%股份,正面的
江苏神通控股股东拟增持1%至5%股份,正面的
力帆股份拟出售力帆融资租赁51%股份,正面的
广电网络：与同方股份签订“智慧城市”业务战略合作协议,正面的
锦龙股份：目前公司及控股子公司经营稳定，运作正常。公司股票将于12日复牌。,正面的
中集集团：年报预增345%至419%,正面的
一汽夏利：11月23日复牌,正面的
中国化学：公司联合体中标133亿元安徽安庆PPP项目,正面的
中国铝业预计2017年净利润同比增长约239%,正面的
我武生物一季度业绩预增25%-45%,正面的
深天马A：拟收购美国天马78.1%股权,正面的
诺普信：子公司拟7.5亿增资其下属公司诺农资,正面的
云天化预计前三季度同比扭亏,正面的
华西能源：出资2.2亿增资黑河农村商业银行,正面的
百利科技：拟1.8亿元收购南大紫金锂电,正面的
小康股份：并购美国电池系统公司InEVit 特斯拉首任CEO全职加盟,正面的
宣亚国际实控人拟增持100万-216万股,正面的
中通客车：将收到国家新能源汽车推广补贴23亿元,正面的
晶盛机电签订3.65亿元合同,正面的
[公司]美力科技拟5000万至9500万元回购股份,正面的
海螺水泥：2018年净利预增80％-100％,正面的
三祥新材：实控人拟增持2%-5%股份,正面的
和顺电气子公司被拟列入江苏售电公司目录,正面的
东山精密：拟推出员工持股计划，总规模为4亿元-6亿元,正面的
永利股份：2017年净利预增70%至100%,正面的
韶钢松山年报预增2365%,正面的
天房发展：三季报预计扭亏为盈,正面的
天奇股份：签下7760万元分包合同,正面的
步森股份：控股股东暂缓并购计划，确保质押股份不存在平仓风险,正面的
广汇能源：2018年净利预增169%-176%,正面的
鲁北化工：一季度净利增377%，预计上半年净利大幅增长,正面的
京投发展：控股股东拟增持1%-2%股份,正面的
韵达股份：11月快递服务业务收入同比增长33.21%,正面的
东方精工拟945万欧元收购公司欧洲代理商,正面的
沧州大化年报净利增长246% 拟10转4派5元,正面的
福斯特：2017年净利下滑三成 拟10转3派6,正面的
光韵达获实控人增持103万股 占比0.7503%,正面的
安徽合力：年报净利超4亿，拟10派5元,正面的
科伦药业一季度业绩预增80%-120%,正面的
凯美特气：一季度净利预增210%-260%,正面的
永太科技控股子公司六氟磷酸锂项目将启动试生产,正面的
嘉欣丝绸：获凯喜雅举牌 拟继续增持,正面的
露天煤业上半年业绩预增180%-210%,正面的
人福医药：天风证券IPO过会 公司持股13.4%,正面的
苏宁易购业绩快报：净利同比增长497.66%,正面的
捷成股份：2017年度业绩预增30%-40%,正面的
梅花生物：拟派现超10亿 证金持股升至4.9%,正面的
亚翔集成：中标4.5亿元项目,正面的
供销大集：前三季度净利润预期增长超35倍,正面的
国祯环保：联合中标2.2亿元污水处理工程项目,正面的
富邦股份：配股发行成功 29日起复牌,正面的
苏州高新：拟收购节能环保资产 置出代建及酒店业务资产,正面的
片仔癀年报预增40%-60%,正面的
广电运通子公司与腾讯就微信乘车码业务签订合同,正面的
金健米业控股股东方面拟增持2000万-5000万元,正面的
润欣科技：公司2018年度拟10转5,正面的
氯碱化工年报净利近10亿元 大幅扭亏为盈,正面的
中国人寿2017年净利润预计同比增加约55%到75%,正面的
小康股份：并购美国电池系统公司InEVit 特斯拉首任CEO全职加盟,正面的
思美传媒公告，拟以自有或自筹资金2.5亿元-5亿元回购公司股份，回购股份价格不超过10元/股。,正面的
安妮股份：2017年拟每10股转5股,正面的
乐视网:乐视致新更名为新乐视智家 贾跃亭不再任法人,正面的
华策影视：实控人之女拟增持1.57%股份,正面的
中国交建：中标16.2亿元呼伦贝尔市PPP项目,正面的
易联众获微医集团举牌 或继续增持,正面的
暴风集团发布澄清公告 称与暴风新影无控制关系,正面的
海默科技：发出增持倡议书 并承诺兜底,正面的
金逸影视：拟10转6派6元，成泉资管进入十大流通股东,正面的
四通新材年报净利增近五成 拟10转2派3.3元,正面的
五洲交通：年报拟10送3.5派1.5,正面的
鸿利智汇：拟回购公司股份5000万元-1亿元,正面的
太龙照明：2017年拟10转7派2.5元,正面的
中科电气：筹划2.4亿元收购格瑞特100%股权 延伸新能源材料产业链,正面的
联建光电：实控人等倡议员工增持 并承诺兜底,正面的
纵横通信：预中标中国移动5亿元采购项目,正面的
台基股份：拟10转5派2元 一季度业绩预增,正面的
信息发展年报拟10转8派1元,正面的
中金环境停牌筹划发行股份购买资产事项,正面的
众泰汽车：2017年净利11.36亿，同比增12倍,正面的
华安证券母公司六月净利环比增166.15%,正面的
我爱我家：控股股东提议回购1亿元-2亿元,正面的
天润数娱年报：拟10转7,正面的
万向钱潮：前三季度净利同比微增 证金加仓升至二股东,正面的
上市公司迎来增持潮 长江证券大股东增持逾541万股,正面的
晨光生物：拟出资5000万元参股邯郸银行,正面的
兆丰股份：年报拟10派15元,正面的
新联电子：中标5460万元国家电网项目,正面的
捷顺科技公告，拟斥资1亿元-3亿元回购股份，回购价格不超过15.5元/股。,正面的
锦龙股份拟10.9亿元增资中山证券 持股比例增至71%,正面的
上港集团：同盛投资折价转让所持15%股权至中远海运集团,正面的
欣旺达全资子公司拟1.08亿元转让欧盛自动化90%股权,正面的
上海贝岭：参股公司先进半导体私有化交易完成,正面的
世茂股份：1-9月实现合同签约额154亿元，同比增长25%,正面的
鲁阳节能一季度业绩预增约2倍 岩棉产品供不应求连扩产能,正面的
国统股份预中标近5亿元PPP项目,正面的
王子新材拟50亿元收购飞流九天 进军移动游戏领域,正面的
新潮能源：年报预计扭亏为盈,正面的
金逸影视年报拟10转6派6元 成泉资管进入十大流通股东,正面的
翰宇药业公告，拟回购4亿至8亿元，回购价格不超过16元/股。,正面的
德豪润达定增20亿元 投入LED芯片及封装项目,正面的
良信电器年报业绩增长25% 推10股转10股派5元,正面的
太平鸟：首次回购27.33万股 耗资500万元,正面的
康美药业：与昆明市政府达成康美健康城合作意向,正面的
甘肃电投预计年报扭亏为盈,正面的
合众思壮：一季报预增887.58%-927.08%,正面的
融钰集团：与中车公司等就平行进口车达成战略合作,正面的
中国外运(00598.HK)换股吸收合并外运发展已获国资委原则同意,正面的
金信诺：中标爱立信公司（中国区）相关项目,正面的
兴业科技向上修正业绩预告 2018年净利预增150%至190%,正面的
神火股份：非公开发行股票获河南省国资委批复,正面的
航天发展拟收购三家公司股份 拓展信息安全业,正面的
国机汽车：拟注入控股股东旗下资产，4月4日起停牌,正面的
梅花生物：2017年拟每10股派3.3元现金红利,正面的
宁波建工：子公司联合中标镇海区6.56亿元工程总承包,正面的
利达光电：重组获国务院国资委批复,正面的
海格通信：子公司预中标逾4亿元中国移动采购项目,正面的
惠威科技年报拟10转5派2元,正面的
神雾节能部分董监高增持计划完成 耗资2.97亿元,正面的
士兰微半年报预增逾两倍,正面的
莎普爱思三日跌25% 控股股东补充质押993万股,正面的
中化国际半年报预增105%-125%,正面的
龙星化工：筹划重大事项 明起停牌,正面的
佳士科技：回购公司股份比例达1%,正面的
雪莱特：股东陈建顺拟斥资逾1000万元增持,正面的
山大华特上半年实现净利1.47亿 社保基金合计持股3.19%,正面的
风范股份：停牌系正筹划收购3D打印及智能制造资产，或构成重组,正面的
亚星客车：收到1亿元国家新能源汽车推广补贴,正面的
柯利达：子公司中标苏州2.7亿元工程,正面的
招商蛇口：拟收购招商局漳州开发区有限公司78%股权,正面的
太平鸟：首次回购股份27.33万股,正面的
凯龙股份：参与设立产业基金,正面的
水星家纺：年报净利2.57亿元 拟10派5元,正面的
实控人变更 滨海能源主业或调整,正面的
三毛派神年报预增395%-585%,正面的
美尔雅：实控人将变更为宋艾迪 28日起复牌,正面的
东方园林联合中标5.68亿元PPP项目,正面的
维维股份：控股股东已累计增持1%股份,正面的
岳阳林纸：一季度净利预增8-10倍,正面的
包钢股份：向控股股东定增募资约100亿 偿还控股股东借款,正面的
中体产业联合体中标24亿元体育小镇PPP项目,正面的
三棵树拟在河北博野投建新型建材生产项目,正面的
信维通信：员工持股计划已买入2.57亿元股份,正面的
东方电缆：中标2.01亿元国家电网项目,正面的
潞安环能控股股东拟增持公司股份0.5%,正面的
拓尔思停牌筹划重大资产重组事项,正面的
龙建股份：中标1亿元工程施工,正面的
东杰智能：2018年净利预增60.06%-85.24%,正面的
华策影视实控人之女拟增持1.57%股份,正面的
桐昆股份半年报增长七成,正面的
晨曦航空：年报拟10转9,正面的
赛摩电气：重组无条件过会4月28日复牌。,正面的
厦门港务：子公司拟斥资1.27亿新建仓库,正面的
首航节能：控股股东及大股东消除平仓风险,正面的
新元科技：重大资产重组获通过，20日复牌,正面的
东方银星：预计1-9月净利690万元到750万元，同比扭亏。,正面的
中洲控股将获注中洲集团35亿元资产 解决同业竞争,正面的
三木集团获福建阳光集团增持 几近举牌,正面的
中交投资、二航局、一公院/中化岩土、北京场道携手中标86亿余杭连接线,正面的
万兴科技：一季报净利微增1.90%-6.33%,正面的
中国铁建：联合体中标总投资181亿元PPP项目,正面的
赢合科技拟定增募资16亿元，一季度业绩预增,正面的
宣亚国际：年报净利润同比增28%，拟10转5派5元,正面的
银龙股份：拟10转4.5派1.5元,正面的
奥瑞金包装股份有限公司关于回购公司股份的报告书,正面的
完美世界：上修半年报业绩预期，预增7.25%-23.63%,正面的
首航节能：在雄安新区布局储能+清洁供热业务,正面的
华铭智能：拟16.65亿元收购国政通90%股权 延伸大数据业务,正面的
捷成股份：2017年年度业绩报告预告,正面的
青岛啤酒2017年销量增幅放缓 销售导向或是主因,正面的
瑞贝卡：参股公司中原银行拟在港上市,正面的
葛洲坝年报：证金大幅增持3.49%,正面的
深赤湾A去年净利增26% 拟10派4.1元,正面的
TCL集团：大股东及一致人提议2018年度10派1元,正面的
片仔癀一季报净利增逾4成 证金入股,正面的
保税科技跨界并购 拟8.8亿收购成都能通科技100%股权,正面的
通合科技：筹划收购西安霍威电源 明日起停牌,正面的
创意信息：与缅甸公司签合作，在缅甸开展市场,正面的
福田汽车：1.4亿元增资北汽集团财务公司,正面的
新莱应材：一季报预增74.25%-90.1%,正面的
中国建筑：1月建筑业务新签合同额同比增97%,正面的
华凯创意：子公司签重大工程承包合同,正面的
广博股份：拟约12亿元收购掌优科技,正面的
智能自控年报拟10转7派0.8元,正面的
*ST云网控股股东孟凯回国 今早涨停,正面的
天音控股：2.88亿元出售易天新动51%股权,正面的
宝钢股份：2017年净利192亿元同比翻番 证金持股增至4.86%,正面的
透景生命年报拟10转5派4元,正面的
方大集团获实控人增持107.97万股,正面的
乐通股份控股股东拟增持8%-13%股份,正面的
农业银行业绩快报：净利同比增长4.9%,正面的
江苏吴中半年报增长1564%,正面的
深振业A重组拟收购园区类运营公司股权,正面的
中金环境停牌筹划发行股份购买资产事项,正面的
铁汉生态：联合预中标近20亿元PPP项目,正面的
胜宏科技：部分董事高管终止减持计划,正面的
泰瑞机器年报净利增逾一成 拟10转3派1.3元,正面的
中国石油：控股股东发行可交换债券获核准通过,正面的
高新发展：全资子公司签逾6亿元合同,正面的
北方股份逾25%股份被协议转让,正面的
神州长城：签下10.18亿元施工合同,正面的
晨鸣纸业：控股股东增持公司股份至25%,正面的
大冶特钢年报净利增长35% 拟10派3元,正面的
南京新百：拟向五季文化出售HoF Group 51%股权,正面的
武进不锈：2018年净利预增57%左右,正面的
国金证券2月盈利4772.4万元,正面的
威帝股份拟10转15股送5股派1.5元,正面的
盛运环保获菲律宾工程项目 总投资约20亿美元,正面的
片仔癀年报拟10转5派3.5元,正面的
浦发银行年报拟10派1元 证金一季度增持,正面的
世纪鼎利：发行股份及支付现金购买资产获审核通过 25日复牌,正面的
通鼎互联：中标10.8亿元采购项目,正面的
大豪科技：年报拟10转4派10元,正面的
全筑股份定增申请获证监会通过,正面的
腾达建设：中标14.4亿工程总承包项目,正面的
中富通：中标华为4618万元项目,正面的
申通快递董事长拟增持4亿元-8亿元股票,正面的
拓斯达：拟收购野田智能装备剩余80%股权,正面的
三一重工去年净利暴增九倍 挖掘机卖出近140亿元,正面的
塔牌集团前三季度净利润同比增长122%,正面的
万科A拟参与投资设立60亿元的物流地产投资基金,正面的
科华恒盛去年业绩增长近1.5倍 拟10派10元,正面的
香雪制药：拟斥资不超1.3亿元回购股份,正面的
中国中冶：2017年净利超60亿元 同比增13%,正面的
中环环保：签订1.3亿元合同 占2017年营收的56%,正面的
爱尔眼科全资子公司拟1.9亿元设立爱尔安星,正面的
滨海能源：拟3.66亿元出售泰达能源100%股权,正面的
创业环保：山东子公司拟引入战投大连东泰,正面的
牧原股份拟向自家人募资50亿元加码主业,正面的
苏宁易购减持阿里巴巴获利56亿元,正面的
紫鑫药业签订工业大麻合作研究协议,正面的
科陆电子：签订2.14亿元储能合同,正面的
亚翔集成：中标逾7亿元工程项目,正面的
云南旅游：控股子公司中标14.63亿元项目,正面的
优德精密上半年净利润同比增长105.44%,正面的
南京新百：拟向五季文化出售HOF GROUP的51%股权。,正面的
中国中冶(01618)前两月新签合同额同比增19.3%至936.2亿元,正面的
海量数据：每10股转增4股派1.6元,正面的
宝泰隆：上半年净利预增140%-156%,正面的
贵州茅台：年报净利预增58%,正面的
辉煌科技：预中标1.56亿轨道交通监控项目,正面的
五矿资本：年报净利预增59.61%,正面的
天目湖年报净利增长两成 拟10派4元,正面的
卫光生物：停牌系实控人筹划涉及公司的重大事项,正面的
上海新阳：首次回购股份39万股,正面的
天茂集团上半年实现净利润6.26亿元,正面的
北部湾港：控股股东提议回购1.5亿元至3亿元股份,正面的
一汽夏利：控股股东正积极商议、研讨股权转让方案 继续停牌,正面的
设研院：2017年拟10转8派5元,正面的
碧水源：中标48.45亿元PPP项目,正面的
葵花药业：拟10转10派10元 现金红包占净利润近7成,正面的
万科A拟不超168亿元参与私有化普洛斯 18日复牌,正面的
方大集团：2018年净利同比增长96%，拟10派2元,正面的
神州长城：中标2.1亿元PPP项目,正面的
科达股份拟32.7亿并购四家公司拓展汽车服务业务,正面的
平治信息一季度业绩预增92%-119%,正面的
歌尔股份：终止实施减持计划,正面的
江淮汽车与大众汽车成立合资公司,正面的
盛运环保签署13.8亿美元菲律宾生态项目框架协议,正面的
杉杉股份去年净利6.65亿 逾九成靠炒股赚来,正面的
雪松控股A股再下一城？旗下公司有望获猛狮科技控制权,正面的
济川药业蒲地蓝消炎口服液等药品纳入安徽医保目录,正面的
金钼股份：控股股东增持462万股 拟继续增持,正面的
中国重汽：2017年重卡销量134731辆，同比增67.96%,正面的
南洋科技：12月13日起改名为“航天彩虹”,正面的
中南建设：员工持股计划买入1.21亿股,正面的
格林美全资子公司获得政府资助1.5亿元,正面的
绿茵生态：拟10转10派6元,正面的
杭萧钢构中标4.65亿元EPC建设项目,正面的
中煤能源：预计前三季度净利同比增长150%-190%,正面的
德艺文创：拟10转8派2.5,正面的
普邦股份：中标3.57亿元前海项目,正面的
数码科技：2018年净利预增119.2%-146.6%,正面的
龙建股份：中标山东日照市五莲县4.21亿元工程,正面的
金贵银业拟3.8亿元收购俊龙矿业100%股权,正面的
川大智胜：获得国家科技进步二等奖,正面的
汇鸿集团：获控股股东注入11.76亿元资产,正面的
远大控股拟1.11亿元出售子公司股权,正面的
中国人寿前三季实现原保费4500亿元 同比增长19.6%,正面的
TCL集团：拟427亿在深圳投建第11代超高清新型显示器件生产线,正面的
众兴菌业：回购计划实施完毕 耗资约1亿元,正面的
民和股份：拟定增募资不超5.3亿元,正面的
龙星化工：获两股东总计6000万元借款,正面的
瀚叶股份：耗资808万元实施首次回购,正面的
农行千亿定增获证监会审核通过 将成A股最大规模再融资,正面的
赣粤高速：将收到补偿款11.67亿，预计增加收益4.5亿,正面的
正平股份：控股股东其一致行动人拟增持2亿元-5亿元,正面的
西水股份：天安财险前两个月原保费收入27.17亿元,正面的
博敏电子：拟12.5亿元并购君天恒讯全部股权,正面的
海立股份停牌 控股股东筹划与公司相关的重大事项,正面的
吉林敖东：子公司获药品GMP证书,正面的
建研集团：获福建隆顺祥二度举牌，持股达10%,正面的
金禾实业，拟10股派发6元 一季报预增29.44%-59.32%,正面的
皇氏集团：与博纳影业达成战略合作协议,正面的
宝莫股份：年报预期由大幅亏损改为盈利,正面的
新奥股份清洁能源布局连下两城：收购澳洲天然气公司股权 引进战略投资者弘毅投资,正面的
航天发展拟收购三家公司股份，拓展信息安全业,正面的
佳隆股份：一季度净利预增50%-100%,正面的
宏润建设：联合中标22.57亿元施工项目,正面的
新力金融重组方案或发生重大变更 23日起停牌,正面的
圣达生物：停牌系正筹划收购资产事项,正面的
中国国旅：15亿元收购日上上海 获上海机场免税经营权,正面的
中国巨石：子公司获第五届中国工业大奖,正面的
广发证券：母公司2018年净利37.23亿元,正面的
首航节能：拟与中核核电投150亿，合作开发500MW光热电站项目,正面的
大千生态拟收购正中路桥控股权 股票停牌,正面的
*ST锐电：4月12日起撤销退市风险警示及实施其他风险警示,正面的
大连电瓷：不排除继续重组之可能，12月6日复牌,正面的
三木集团：阳光集团累计增持4.99997%股份，拟继续增持,正面的
沧州大化：预计2017年净利同比增240%-248%,正面的
中信证券：因违反《融资融券业务管理办法》被罚3亿元,正面的
华讯方舟：实控人吴光胜及其一致行动人持股达30%,正面的
金徽酒：参与发起设立消费金融公司。,正面的
中科金财2015年净利1.6亿元 同比增106%,正面的
联泰环保：拟联合竞标总投资近30亿污水处理PPP项目,正面的
新野纺织复牌继续推进重大资产重组事项,正面的
海航创新出售所持华龙证券1470万股股份,正面的
易见股份年报预增35%,正面的
金浦钛业：实控人由郭金东、郭金林二人变更为郭金东,正面的
岭南股份公告称，签署2.38亿元雄安新区苗景兼用林建设项目合同,正面的
天神娱乐：签约进入海南生态软件园；拟与盛大游戏子公司合作,正面的
中国中冶：年报净利60亿，同比增长11.13%,正面的
南京港上半年净利润同比增长213.21%,正面的
亿纬锂能：2017年预计盈利同比增50%-70%,正面的
沧州明珠年产6000万平方米湿法锂离子电池隔膜项目全面投产,正面的
大丰实业：联合中标2.79亿元EPC项目,正面的
猛狮科技：控股股东质押股份的平仓风险已解除，2月27日复牌,正面的
季报]天赐材料一季度业绩预增超五倍 剔除会计核算方式变更影响业绩预减50%至80%,正面的
方大炭素：预计2018年净利同比增49.64%-57.93%,正面的
科达股份：公司已回购737万股,正面的
宝胜股份：定增募资不超12亿元方案获国资委批复同意。,正面的
火炬电子拟以4410万元控股天极电子,正面的
蒙草生态：中标4.73亿元PPP项目,正面的
合众思壮一季度净利同比增962% 半年报预增逾2倍,正面的
中百集团股东武商联拟增持,正面的
赛轮轮胎：2018年净利预增102%左右,正面的
沃施股份：重组拟收购中海沃邦50.36%股权 涉足天然气领域,正面的
鲁亿通：一季报预增1955%-1985%,正面的
申达股份称上海纺织与东方国际联合重组,正面的
罗牛山：年报预增72.76%-80.27%,正面的
神州信息拟10派0.4元 净利增25.43%,正面的
申能股份投资中天合创项目投产,正面的
碧水源：中标48.45亿元PPP项目,正面的
中化国际：携关联方不超61亿元投资扬农化工集团,正面的
兆易创新：拟17亿元收购同行上海思立微100%股权，3月2日复牌,正面的
天安新材：拟收购新材料企业广东中旗,正面的
健帆生物业绩快报：2018年净利4亿元 同比增四成,正面的
森源电气：承接11亿元煤电厂EPC工程总包项目,正面的
名家汇：2018年净利预增78.51%-96.36%,正面的
中国国航2017年实现净利72.4亿 证金公司增持,正面的
捷成股份：《战狼2》上映7日票房超16.4亿元,正面的
隆盛科技：因筹划重大事项，11月17日起停牌,正面的
上港集团：年报净利115亿，证金减持,正面的
花王股份联合预中标文旅综合体PPP项目,正面的
中国石油：中期派息总额126.76亿 派息率100%,正面的
凯瑞德董事长买入481万股公司股票,正面的
创意信息：与缅甸宽带通讯公司签订战略合作协议,正面的
王府井停牌筹划重大资产重组,正面的
乐视网：嘉睿汇鑫已支付全部投资款项 相应股权过户手续已完成,正面的
航民股份：控股股东再增持近461万股,正面的
万家乐25日下午起停牌 筹划重大重组事项,正面的
攀钢钒钛年报净利预增248%-271% 因钒产品涨价,正面的
东睦股份半年报增九成 社保基金增持,正面的
彩虹股份拟定增募资230亿 咸阳市国资委将入主,正面的
宏润建设2017年度建筑业新中标工程152亿元 同比增51%,正面的
北京科锐获控股股东增持211.62万股,正面的
东诚药业：拟1亿元至2亿元回购股份,正面的
金智科技：子公司拟4500万元转让城建隧桥10%股权,正面的
华安证券：2017实现净利润6.7亿元 同比增长11.74%,正面的
风语筑：2017年净利1.66亿元 拟10转10派8元,正面的
君正集团：20.7亿元收购中化物流剩余60%股权,正面的
江铃汽车拟每10股派送23.17元 深交所下发关注函,正面的
东北证券：一季报净利下滑31%，证金增持,正面的
中国宝安：董事局主席、总裁陈政立增持15万股,正面的
招商轮船：预计2018年净利同比增84%-104%,正面的
久立特材：一季报预增70%-100%,正面的
成都路桥：实控人拟变为刘峙宏，1月16日复牌,正面的
天健集团：子公司联合中标逾12亿元PPP项目,正面的
天康生物：猪瘟DIVA疫苗获兽药产品批准文号,正面的
桂发祥：5395万股11月20日解禁,正面的
中国电建募资120亿元 国企调整基金认购12亿元,正面的
坚瑞沃能：获16家银行初始承贷金额42.34亿元,正面的
*ST中绒拟6.3亿元向控股股东出售羊绒等生产加工业务资产及负债,正面的
南华仪器：拟回购4600万元-9600万元股份,正面的
民德电子：重大事项构成重组，继续停牌,正面的
东旭光电：收到新能源汽车推广应用第二批补贴款2.42亿元,正面的
天际股份控股股东、实控人拟增持不超900万股,正面的
好莱客预计上半年净利润同比增60%-75%,正面的
柳钢股份：前三季度净利润同比增长九倍,正面的
国祯环保预中标逾6亿元PPP项目,正面的
南山铝业：拟合资设立航空零部件公司,正面的
商业城半年报扭亏为盈,正面的
*ST锐电预计半年报业绩将扭亏为盈,正面的
成都银行拟出资设立理财子公司 出资不超10亿,正面的
胜宏科技：部分董事高管终止减持计划,正面的
三峡新材：获批郑商所指定玻璃期货交割厂库,正面的
康旗股份：与腾云天下签战略合作框架协议,正面的
易联众：大股东张曦增持5%，成为实控人,正面的
奥特佳：成比亚迪电动压缩机供货商,正面的
康泰生物：13价肺炎球菌结合疫苗Ⅲ期临床试验数据完成揭盲,正面的
国民技术自主研发的RCC技术成为手机支付国家标准,正面的
*ST油服：子公司与阿拉伯公司续签下4台钻机合同，合同额约2.86亿美元,正面的
保利地产上半年净利润增长10%,正面的
深冷股份：联合体签订1.96亿元项目合同,正面的
安正时尚：年报拟10转4派5元,正面的
美都能源：筹划出售非能源产业资产，5月30日起停牌,正面的
凯普生物拟3000万元-8000万元回购股份,正面的
奇精机械年报净利增长14% 拟10转4派2元,正面的
唐人神：拟签生猪绿色养殖项目投资协议 总投资3.5亿元,正面的
康普顿网上发行最终中签率为0.0432%,正面的
中新科技：拟定增募资不超12亿元投入平板电视项目,正面的
宁波海运：获注实控人旗下8.43亿元水路货运业务资产,正面的
美盛文化总经理今日增持31万股 耗资802万元,正面的
兆易创新拟17亿元收购同行上海思立微100%股权,正面的
酒鬼酒：上半年净利翻倍，华夏基金四产品新进前十大股东,正面的
众应互联：拟以资产置换方式收购瀚德信用45%股权,正面的
特力A：拟出售深圳兴龙机械模具43%股权,正面的
东方园林：收到两份中标PPP通知书，合计中标金额8亿元,正面的
大连友谊：5.76亿收购武汉信用小贷公司30%股份,正面的
机器人：与国防领域重要部门签下2.49亿元订货合同,正面的
和邦生物控股股东拟半年内斥资亿元增持,正面的
新疆众和半年度业绩预增逾两倍,正面的
凤凰股份参股公司南京证券IPO获通过,正面的
中科曙光：与腾讯云签署合作协议未涉及创新业务 未达信披标准,正面的
火炬电子拟以4410万元控股天极电子,正面的
金桥信息获文心致禾二度举牌,正面的
格力电器：董明珠全票当选董事长 拟每10股派现6元,正面的
华微电子：年报净利预增121.57%到133.88%,正面的
铁汉生态联合中标逾2亿元雄安新区苗景兼用林建设项目,正面的
乐视网5月14日举行2017年度网上业绩说明会,正面的
赢合科技：2017年净利预增61%-82%,正面的
迪安诊断：控股股东定向减持股份 引入战略投资者天士力集团,正面的
沧州大化：2017年净利同比增246%，拟10转4派5元,正面的
美联新材：拟定增募资不超6.87亿元忙收购和加码主业,正面的
康缘药业：已耗资1.36亿元回购2.1%股份,正面的
中国光大银行(06818)发行不超3.5亿股优先股获中国银保监会核准,正面的
三花智控子公司成为蔚来公司第二代量产车供货商,正面的
万里石：中标7032万石材采购项目,正面的
力源信息拟斥资2900万至3000万元回购公司股份,正面的
东旭蓝天中标6.28亿元PPP项目,正面的
金逸影视年报拟10转6派6元 成泉资管进入十大流通股东,正面的
龙韵股份拟购买长影置业60%股权及长影娱乐47%股权,正面的
鸿路钢构：子公司签订1.45亿元立交项目钢结构加工合同,正面的
森源电气：承接11亿元煤电厂EPC工程总包项目,正面的
哈工智能：拟收购易科机器人49%股权,正面的
扬子新材披露重组方案：永达汽车作价120亿借壳,正面的
潜能恒信控股股东一致行动人转让5.05%公司股份,正面的
申通快递1.33亿增资入股快捷快递,正面的
北部湾港：控股股东提议回购1.5亿元-3亿元股份,正面的
新大陆半年报净利增长82% 社保基金二季度买入580万股,正面的
金陵饭店：控股股东筹划涉及酒店和旅游资源整合,正面的
镇海股份：签订6.32亿元重大合同,正面的
蓝英装备：控股公司与吉利控股下属公司签署合同 累积金额占去年营收84%,正面的
山东钢铁上半年净利近60亿 同比增长20倍,正面的
建设银行：一季度净利738亿元，同比增5.43%,正面的
滨海能源实控人变更为天津文改办,正面的
银江股份：与阿里云战略合作，拓展智慧交通及城市大脑业务,正面的
泛海控股 ：控股股东增持106万股,正面的
莱绅通灵：2017年净利增长近四成 拟10派2.8,正面的
兴业证券：母公司2018年12月亏损1.42亿元,正面的
神州高铁：与腾讯云签框架合作协议，推动互联网技术落地轨道交通行业,正面的
格林美与嘉能可签署动力电池用钴原料战略采购协议,正面的
坚瑞沃能：控股股东等已接洽若干大型央企及机构,正面的
韩建河山提示风险：未在雄安新区承接业务,正面的
葛洲坝：联合中标尼日利亚383亿元项目,正面的
广汇能源(600256.SH)2018年度净利润预增169%-176%至17.68亿-18.1亿元,正面的
秋林集团：停牌筹划非公开发行,正面的
兴源环境及其子公司预中标12.24亿元PPP项目,正面的
顺丰控股2月快递业务营收同比增长53%,正面的
亿帆医药：拟要约收购一家生物医药公司逾90%股权,正面的
九鼎新材：正威新材同意为公司提供10亿借款 明起复牌,正面的
冀东水泥：间接控股股东增持1%股份,正面的
晨曦航空：年报净利降7% 拟10转9,正面的
格林美控股股东与实控人拟合计增持不超5000万元,正面的
伊利股份：第二期持股计划股票出售完毕,正面的
深华发A：股票停牌自查,正面的
和仁科技：2018年净利预增15.49%-24.60%,正面的
泰禾集团40亿受让恒祥置业股权及债权 增加项目储备,正面的
供销大集：拟43.4亿元收购远成物流70%股权,正面的
韦尔股份筹划重大资产重组 5月15日起停牌,正面的
西水股份：天安财险前11月原保费收入138亿元 同比增长8%,正面的
星湖科技拟3.94亿元购买久凌制药 25日复牌,正面的
科达洁能：新华联控股拟半年内增持公司100万股至2500万股,正面的
风华高科一季报净利预增三倍,正面的
江南化工：拟24.99亿元收购盾安新能源100%股权,正面的
绿庭投资：近日减持申万宏源651万股,正面的
甘肃电投：发电量增加 前三季净利预增逾30倍,正面的
江河集团：拟收购光正眼科医院股权,正面的
杉杉股份：子公司杉杉品牌H股上市获证监会核准,正面的
黑猫股份子公司搬迁并技改扩产项目试生产,正面的
东旭蓝天：联合中标逾10亿元生态旅游扶贫PPP项目,正面的
华新水泥：2018年净利预增139％-159％,正面的
安车检测：一季报预增106.89%-129.05%,正面的
山河智能：广州市政府旗下企业拟获取公司控制权,正面的
中电环保：中标海水淡化项目,正面的
科大讯飞与北京汽车(1958.HK)签署战略合作框架协议,正面的
保利地产：9月实现签约金额219.93亿元同比增长9.17%,正面的
国金证券：母公司8月净利7851.94万元,正面的
隆鑫通用：与宝马合作的摩托车正式发布,正面的
中国水务拟溢价要约收购钱江水利10%股份,正面的
时代新材：高性能绝缘结构产品产业化项目建成投产,正面的
东方电缆：中标2.01亿元国家电网项目,正面的
*ST云网：北京证监局12月18日召开听证会，听取公司和股东申辩,正面的
瀚叶股份：首次回购270万股 耗资808万元,正面的
派思股份：一季度净利润同比增277.86%,正面的
汤臣倍健：上半年净利增长逾6成 证金新晋第三大股东,正面的
龙大肉食控股股东承诺六个月内不减持公司股份,正面的
永辉超市：一季度净利润约4.72亿，同比增近30%,正面的
纳思达：大幅向上修正2017年业绩，预增915%-1341%,正面的
全筑股份：签合作协议 获2.7亿精装修施工合同,正面的
佳沃股份：拟通过慧聪国际的区块链技术建设现代农业产业链平台,正面的
顺丰控股获颁国内首张无人机航空运营许可证,正面的
安居宝：倡议增持期间员工合计买入239.88万元,正面的
启迪桑德：年报拟10转4派4 获证金公司增持,正面的
中公教育拟作价185亿元借壳  亚夏汽车明日复牌,正面的
旋极信息：拟在海南共同组建合资公司，创建海南通用航空平台,正面的
白云机场半年报增长一成,正面的
中信证券：母公司2018年12月净利6.47亿元,正面的
荣盛发展：子公司与神农架林区签署150亿元投资协议,正面的
*ST宜化：拟10.4亿元转让新疆宜化80.1%股权，明起停牌。,正面的
川大智胜：获得国家科技进步二等奖,正面的
九鼎投资子公司拟携手大龙网 200亿打造跨境电商小镇,正面的
中信银行去年净利426亿元,正面的
晋亿实业：中标3.34亿元铁路扣件采购项目,正面的
美芝股份：拟收购建元建设51%股权 明起停牌,正面的
信维通信上半年业绩预增131%-149%,正面的
招商蛇口：将与华为合作成立联合创新中心,正面的
淳中科技：拟近2亿元北京市海淀区购买房产,正面的
TCL集团：小米集团买入公司0.48%股份,正面的
游族网络将联手华纳打造《权力的游戏》手游产品,正面的
格林美：与北汽集团下属公司在退役动力电池回收等领域战略合作,正面的
当代明诚：拟定增募资不超20亿，增资香港子公司以收购股权,正面的
金牌厨柜：2017年净利预增60%―80%,正面的
莱茵体育：2亿收购南安普顿报道不属实,正面的
三木集团 ：阳光集团举牌 持股达近10%,正面的
成都银行：拟不超10亿元设立理财子公司,正面的
常熟银行：公开发行30亿元可转债获证监会核准,正面的
欧菲科技：拟改名为“欧菲光”,正面的
远大控股：预计2018年扭亏，赚1000万元-4900万元,正面的
当代明诚：拟斥资8000万元至1.6亿元回购股票,正面的
鸿路钢构：子公司收到1.45亿元加工合同,正面的
拓邦股份实控人武永强增持256万股,正面的
深赤湾A年报：2017年拟10派13.9元,正面的
青岛海尔：年报净利69.26亿元，增长37.37%,正面的
天健集团：子公司联合中标逾12亿元PPP项目,正面的
超图软件前三季度业绩预增86%-115%,正面的
安诺其：拟收购盐城东吴100%股权 明日起停牌,正面的
创意信息：拟5000万元至1亿元回购股份,正面的
亚邦股份：拟5000万元-3亿元回购股份,正面的
东旭蓝天：中标6.28亿元PPP项目,正面的
金达威拟8000万美元收购美国营养品生产商ZIPFIZZ。,正面的
仙坛股份：实控人拟增持不低于500万元,正面的
高伟达：2017年并未有关于区块链技术研发成果而直接产生的业务收入,正面的
东华软件：与腾讯云联合中标智慧城市建设项目,正面的
广日股份：国有产权无偿划转 电气装备集团成控股股东,正面的
恒华科技：年报净利预增50%-75%，拟10转10派2元,正面的
西藏珠峰年报预增69%-92%,正面的
星源材质：占公司总股本42%解禁股周五解禁,正面的
方大炭素：成功受让合肥炭素47.89%股权,正面的
大名城：拟参与开发杭州余杭区地产项目,正面的
永兴特钢：子公司与宜丰县政府签署锂电新能源材料项目合同,正面的
新联电子控股股东拟增持不超5000万元公司股份,正面的
博敏电子：拟12.5亿元并购君天恒讯全部股权,正面的
三六零：第一季度净利润4.78亿元,正面的
中国建筑近期合计中标237.1亿元项目,正面的
宏达矿业：董事长持股4.99%逼近举牌线 拟继续增持,正面的
吴江银行：2018年净利润8亿元，同比增长近10%,正面的
东华能源：就LPG贸易资源等于昆仑贸易签战略合同协议,正面的
我乐家居年报净利增两成 拟10转4派1.6元,正面的
华铭智能与腾讯等签战略合作协议,正面的
保利地产：前四月签约销售近1200亿元 同比增长43%,正面的
日发精机：意大利子公司中标2460万美元项目,正面的
华北高速：12月4日为公司股票最后一个交易日,正面的
凯龙股份：投资3.5亿元参与设立产业基金,正面的
四川金顶停牌筹划收购深圳市海盈科技股权,正面的
*ST狮头：控股股东一致行动人计划增持1%-3.29%股份,正面的
星徽精密：15.3亿收购跨境电商泽宝股份 明日复牌,正面的
元力股份：1.6亿收购网游公司,正面的
金诚信 ：子公司签署7746万日常经营性合同,正面的
草铵膦价格2017年每吨涨超4万 利尔化学业绩大增,正面的
南京银行参股公司IPO过会,正面的
维维股份：子公司出售超科食品10%股权，公司增利2854万元,正面的
浩云科技年报拟10转8派1.02元,正面的
内蒙华电：一季度预计扭亏为盈,正面的
招商轮船：2018年净利预增84%-104%,正面的
索通发展2017年净利润5.47亿元 同比增长516%,正面的
佩蒂股份：2017年度净利增长33% 拟10转5派5,正面的
博腾股份拟购北美生物药企CDMO资产,正面的
瑞贝卡筹划非公开发行投资境外营销网络 29日复牌,正面的
龙建股份：中标两个工程项目,正面的
兴源环境：签订超11亿元日常经营重大合同,正面的
太平洋：母公司8月净利4766.91万元,正面的
华金资本：拟参与华金证券增资扩股 后者拟备战IPO,正面的
棕榈股份：中标2.9亿施工总承包项目,正面的
坤彩科技：6月1日起上调部分系列产品出厂价格,正面的
同济科技：子公司中标7.82亿元工程项目,正面的
津劝业：控股股东无意放弃控制权,正面的
中粮生化：拟近83亿元收购实控人旗下资产 整合为玉米深加工平台,正面的
福田汽车获6300万元政府补助,正面的
冠农股份半年报净利增长664%,正面的
厦门钨业：与厦门市海沧区政府签协议 加快动力锂离子正极材料落地,正面的
广博股份：拟回购5000万元-2亿元，回购价格不超过8.50元/股。,正面的
沃尔核材：一季报预增100%-150%,正面的
元力股份：1.6亿元收购手游联运平台广州冰鸟,正面的
中粮生化拟80亿元收购中粮集团旗下3家企业,正面的
威华股份：控股股东增持655万股,正面的
鹏鼎控股：2018年合并营收超260亿 同比增8.89%,正面的
安图生物半年报增长三成,正面的
赛摩电气：拟6亿元并购广浩捷，充实智能制造生态圈,正面的
国创高新公告，控股股东增持205万股，并计划6个月内累计增持不少于5000万元，增持价格不高于15元/股。,正面的
利安隆拟20亿珠海投建高分子材料抗老化助剂项目,正面的
齐心集团全资子公司董事长继续增持672万股,正面的
方大炭素：前三季度预计净利润同比增长2460%左右,正面的
创业软件年报净利同比增长4.43% 拟10转20派1.5元,正面的
腾达建设：中标5.6亿元工程项目,正面的
海通证券：4月母公司净利润4.5亿元,正面的
万华化学：烟台工业园PDH装置检修完毕 恢复生产,正面的
*ST河化：申请撤销退市风险警示,正面的
[公司]力帆股份拟4.65亿元出售力帆融资租赁51%股权,正面的
暴风集团：东山精密拟4亿元增资暴风统帅,正面的
彩虹股份拟定增募资230亿 咸阳市国资委将入主,正面的
莎普爱思：延期回复问询函和关注函 股票继续停牌,正面的
旗滨集团：拟2.25亿元至4.5亿元回购股份,正面的
东方银星：中庚集团累计增持2.02%股份,正面的
达华智能：参股公司IPO申请获证监会受理,正面的
顺丰控股：已与各方达成共识 全面恢复业务合作和数据传输,正面的
科达股份：拟联合发起设立科达区块链产业基金,正面的
大富科技：一季报预计扭亏,正面的
*ST油服：一季度同比扭亏 上年同期亏损13.45亿,正面的
康拓红外：拟9.6亿收购两家公司股权，5月29日复牌,正面的
华英农业拟收购或参股乐港食品鸭产业相关资产,正面的
三联虹普：签下2亿元项目合同,正面的
张裕A：拟4800万美元收购贝斯酒庄子公司,正面的
机器人：与国防领域重要部门签2.49亿元重大合同,正面的
【泰禾集团：21亿受让郑州轩龙置业45%股权】,正面的
华闻传媒终止重组实控人拟增持股票逾10亿元,正面的
中原环保：联合体预中标7.6亿PPP项目,正面的
立思辰：拟发行股份购买教育资产，继续停牌,正面的
众兴菌业：回购计划实施完毕，耗资约1亿元,正面的
德生科技：完成自查，股票11月3日复牌,正面的
面临转型困局 步森股份实控人声明将力保控制权,正面的
津劝业：控股股东无意放弃控制权,正面的
国元证券：母公司2018年12月净利润1.99亿元,正面的
长园集团：格力集团要约收购，5月11日起停牌,正面的
28日高送转：大豪科技拟10转4派10元(更新中),正面的
深冷股份：联合签下1.96亿元项目合同,正面的
合众思壮累计签署11.78亿元重大合同,正面的
上海云鑫2亿拿下新开普6.28%股权,正面的
优博讯：中标中国邮政储蓄银行智能POS终端项目,正面的
华自科技：公司成为军队采购入库供应商,正面的
[公司]岷江水电2018年净利预增56%左右,正面的
锡业股份控股股东一致行动人增持近3000万元,正面的
唐德影视获控股股东增持19万股,正面的
潍柴动力：一季报净利同比增长365%,正面的
我爱我家：控股股东提议1至2亿元回购股份,正面的
华宇软件董事长增持40.34万股公司股份,正面的
天地源：子公司投3.28亿参与开发苏州太仓一地块,正面的
天夏智慧：全资子公司中标17亿元项目,正面的
新钢股份年报预增约5倍|今日钢铁财经资讯速览,正面的
江西铜业：2017年净利润16.04亿元,正面的
中国重工拟向控股股东出售亏损海工板块资产,正面的
新天科技：拟出资1.02亿元收购万特电气51%股权,正面的
中国电建：签下129.25亿元工程合同,正面的
北纬科技：拟12个月内以6000万元-2.6亿元回购股份，回购价格不超过7.9元,正面的
安车检测：2018年净利预增52%-62%,正面的
银邦股份第二期员工持股计划累计买入1808万股,正面的
张裕A拟4800万美元收购贝斯酒庄子公司,正面的
时代万恒：拟5961万元剥离贸易业务，暂不复牌,正面的
宏辉果蔬年报净利略增4% 拟10转3派2元,正面的
游族网络：员工持股计划完成股票购买,正面的
帝欧家居：2018年净利3.82亿元 同比增6倍,正面的
TCL集团：拟参建产业并购基金首期募资30.1亿元,正面的
中国铁建：海外签下约66.81亿美元协议,正面的
易联众：获微医集团举牌 或继续增持,正面的
万华化学：2017年净利111.35亿元，同比增长202.62%,正面的
泰合健康实控人筹划涉公司控制权变动重大事项,正面的
威孚高科投资Protean公司 拓展轮毂电机产业,正面的
凯瑞德董事长筹划签订一致行动人协议 或致公司控股权变更,正面的
老板电器：年报10派7.5元,正面的
雅戈尔：处置部分金融资产 增加净利近9000万元,正面的
德联集团：子公司获“中国合格评定国家认可委员会实验室认可证书”,正面的
万华化学：烟台工业园MMA、PMMA项目投产,正面的
中原特钢拟211.86亿元置入中粮资本 置出现有全部资产,正面的
普邦股份联合体预中标8.39亿PPP项目,正面的
中国天楹：拟定增募资不超8.01亿元加码主业,正面的
威星智能：与杭州电信签署《智能燃气表战略合作框架协,正面的
沧州大化：2017年净利同比增246% 拟10转4派5元,正面的
比亚迪新能源车1月销量同比暴增291.11%,正面的
神州长城：签10亿元施工合同,正面的
江特电机：“年采选60万吨锂瓷石高效综合利用项目”开始试生产,正面的
科力远：年报预计扭亏为盈,正面的
大连电瓷控股股东拟增持不低于5%股份,正面的
汇金科技：中标“光大银行动态密码锁选型入围项目”,正面的
神州信息停牌拟筹划重大事项,正面的
金通灵停牌筹划购买资产事项,正面的
格力电器年报：净利增长44.87%，证金增持1.73%,正面的
证通电子中选“科技租赁深圳证通光明IDC机房项目”,正面的
燕京啤酒：获重阳集团及其一致行动人举牌 不排除继续,正面的
众应互联：拟以资产置换方式收购瀚德信用45%股权,正面的
民生银行获华夏人寿增持1.3亿股A股股份,正面的
洲明科技2017年度业绩预增71%-89%,正面的
招商轮船：资产收购方案获国资委批复同意,正面的
派生实业向控股股东增资25亿 鸿特科技实控人将变更,正面的
正邦科技：前10月计销售生猪255.26万头，同比增长32.5%,正面的
中信证券：母公司5月净利4.7亿元,正面的
3月2日年报业绩：金陵饭店2017年度净利同比增长近150%（更新中）,正面的
兴化股份业绩快报：2018年净利同比增15%,正面的
招商证券：母公司5月净利3.47亿元,正面的
共进股份拟7亿元现金收购闻远通信100%股份,正面的
中兵红箭控股股东一致行动人累计增持达1%,正面的
金信诺：中标爱立信公司（中国区）相关项目,正面的
吉宏股份：拟定增募资9亿元，投向环保包装项目,正面的
中交地产年报拟10送5股派5.2元,正面的
贵州茅台：市场关于公司过高目标股价及估值不代表公司态度,正面的
爱建集团：拟转让高锐视讯11.2%股权 推动金融主业发展,正面的
伊利股份：董事长潘刚治疗及恢复期间正常主持公司相关工作,正面的
长信科技上半年业绩预增110%-140%,正面的
仙坛股份一季度业绩预增79%-126%,正面的
红豆股份：年报净利预增279%,正面的
金龙汽车：收到18.64亿元国家新能源汽车推广补贴款,正面的
海南瑞泽联合中标8.47亿元PPP项目,正面的
万安科技：累计收到各类政府补助资金2542.12万元,正面的
德新交运：筹划重大资产重组,正面的
杰瑞股份与美国商务部工业安全局签署和解协议,正面的
拓邦股份年报拟10转5派1元,正面的
五粮液2015年净利稳步提升 拟10派8元,正面的
润达医疗年报拟10转20派2元 净利增长22%,正面的
华菱星马：确定恒天集团为股权受让方,正面的
三安光电：控股股东引入战略投资者,正面的
东华能源2015年净利翻两番 拟10转10并派现,正面的
济民制药：半年报业绩预增30%-40%,正面的
中国电建年报增长9%，证金公司微幅增持,正面的
鲁西化工:己内酰胺二期项目投产,正面的
【金达威：一季报净利增409.96%】,正面的
棕榈股份：拟与乳源瑶族自治县合作投资30亿建设生态城镇,正面的
科林电气实控人增持100万股公司股份,正面的
元成股份：2017年净利预增60.36%至80.07%,正面的
华夏幸福：三家下属公司分别获约15亿元增资,正面的
三聚环保：董事高管等合计增持4.8亿元 完成增持计划,正面的
贵州燃气：年报净利同比增长38%,正面的
*ST昌九：停牌拟收购加煌教育旗下教育类资产,正面的
药明康德：拟向全资子公司上海药明增资20亿元现金,正面的
红太阳：年报拟10派5元,正面的
东华软件：与腾讯云联合中标智慧城市建设项目,正面的
融钰集团：拟收购中远恒信51%股权 业务拓展至私募投资领域,正面的
岭南股份：中标5.89亿元EPC项目,正面的
安迪苏：拟1.93亿美元收购跨国特种饲料添加剂供应商,正面的
江淮汽车股东实勤投资拟1500万-2500万元增持,正面的
万安科技年内累计获得政府补助2542.12万元,正面的
凯恩股份控股股东质押股票消除平仓风险 2日起复牌,正面的
泰合健康：2017年净利同比增108%，拟10送3派0.8元,正面的
兰石重装：中标7.5亿元EPC工程总承包合同,正面的
宝信软件：合资设立武钢大数据产业园 IDC向全国布局,正面的
中百集团：武商联累计增持1361万股，完成增持计划,正面的
华瑞股份年报净利同比增44% 拟10转8派1元,正面的
振芯科技一季报：净利同比增长106.87%,正面的
东方中科：筹划重大资产重组，5月22日起停牌,正面的
万达电影年报拟10转5派2元,正面的
大秦铁路：煤炭运量增加 2017年净利预增86%,正面的
雅化集团：与川能投共同收购国理公司股权 加码锂产业,正面的
广发证券：母公司2018年净利37.23亿元,正面的
华域汽车：参股企业亚普股份首发上市 持股比例近30%,正面的
佛山照明：拟1.44亿元参与国轩高科配股,正面的
ST仰帆：1月11日复牌,正面的
广誉远半年报预增逾两倍,正面的
苏利股份年报净利增两成 拟10转2派5元,正面的
超讯通信：年报拟10转4派1.2元,正面的
航民股份：去年净利增5.66% 拟10派2.8元,正面的
国星光电年报：拟10转3派3.2元,正面的
日发精机：拟12.5亿间接并购Airwork 加码航空领域业务,正面的
大众交通：1亿元增资入股中车城市交通有限公司,正面的
【梅安森：年报营收翻倍 净利扭亏】,正面的
民和股份：实控人将2000万股转让给一致行动人,正面的
环旭电子：1月合并营入同比增30.36%,正面的
深赤湾A：2017年拟每10股派13.9元现金红利,正面的
朝日终于出售青岛啤酒股权   复星集团66亿港元接盘,正面的
凯恩股份：拟27.22亿元收购锂电池公司卓能新能源97.88%股权,正面的
豫金刚石拟重组珠宝资产 标的之一曾遭A股上市公司收购未果,正面的
华鼎股份：拟29亿元收购跨境电商通拓科技100%股权,正面的
创意信息：拟发起成立5G实验室,正面的
赛腾股份：拟6120万元收购半导体封测公司,正面的
恺英网络股东海通开元计划减持不超3.1%股份,正面的
东方电热：2018年净利预增75%-105%,正面的
中工国际与沙特轮胎厂签1.78亿美元重大合同,正面的
海南海药：拟回购4亿-6亿元股份,正面的
中化国际：携关联方不超61亿元投资扬农化工集团,正面的
鲁西化工：己内酰胺二期项目投产,正面的
亿晶光电：实控人30亿转让20%股份勤诚达投资成大股东,正面的
辰安科技停牌筹划重大事项,正面的
嘉寓股份：员工持股计划完成股票购买 累计买入超8000万元,正面的
雅戈尔：预计一季度净利近百亿元 增幅近7倍,正面的
红豆股份：红豆集团增持7255万股,正面的
易世达2017年度亏损2.64亿元 拟10转5,正面的
普利特：控股股东增持209万股,正面的
博天环境：中标4.72亿元PPP项目,正面的
天域生态预中标济宁市景观工程PPP项目,正面的
一汽夏利：公司不在第三批混改名单中，目前一汽股份没有转让股份计划,正面的
中国石化：2017年净利511亿元增长10% 证金大幅增持,正面的
花园生物业绩快报：净利同比增长197.79%,正面的
陕西煤业2017年实现净利润105亿，拟分红41.8亿元,正面的
兖州煤业：2017年净利预计同比增长193%-245%左右,正面的
中国铁建：控股股东改制及更名,正面的
洪城水业联合体中标6.8亿元PPP项目,正面的
汇通能源：拟2.3亿元参与设立投资基金,正面的
新纶科技：签署PI项目合作协议 布局柔性显示关键材料产品,正面的
惠达卫浴：控股股东及实控人增持逾1%股份,正面的
中润资源控股股东筹划重大资产重组 28日停牌,正面的
亚夏汽车：中公教育拟作价185亿元借壳，5月23日复牌,正面的
万达电影：董事、高管拟增持股份,正面的
东湖高新拟收购泰欣环境100%股权,正面的
田中精机公告，拟3.34亿收购远洋翔瑞剩余45%股权。,正面的
荣安地产：拟出资1亿元设立子公司宁波荣安教育。,正面的
优博讯：2018年净利预增140%至170%,正面的
正业科技：控股股东鼓励员工增持公司股票并承诺兜底,正面的
中顺洁柔：2017年度利润分配预案,正面的
光韵达获实控人增持103万股,正面的
飞鹿股份：年度分红拟10转6派0.5,正面的
中原环保：中标5亿工程项目,正面的
诚志股份：年报净利预增622.15%-671.80%,正面的
浙江医药:维生素A、E大幅涨价 一季度净利预增逾18倍,正面的
利亚德：一季度预增60%-80%,正面的
内蒙华电：2018年第一季度业绩预盈,正面的
银河磁体年报拟10派4.5元,正面的
清水源：3.69亿收购中旭建设 55%股权，11月17日复牌,正面的
红宝丽：子公司12万吨环氧丙烷项目试生产成功,正面的
豫金刚石筹划收购4家公司控股股权 26日起停牌,正面的
岭南股份：联合中标2.38亿元雄安新区苗景兼用林建设项目合同,正面的
软控股份拟8000万美元布局锂电池核心矿产资源,正面的
汉邦高科：重组已过会7月13日复牌,正面的
中信银行：拟发行优先股计划融资规模不超过400亿元,正面的
博瑞传播：拟8.2亿收购成都公交广告媒体资产,正面的
中电电机：与印度公司签下2685万美金项目合同,正面的
航锦科技：控股股东引入战投,正面的
沪市三季报亮相 社保退出旗滨集团十大股东,正面的
江淮汽车：股东实勤投资拟在3个月内以1500万-2500万元增持,正面的
鹏欣资源拟19亿元间接获得南非奥尼金矿矿业权,正面的
花园生物：2018年净利预增130%至153%,正面的
科达股份实际控制人变更为刘锋杰,正面的
【新华联：2018年净利预增30%-42% 因营收大增】,正面的
美诺华：2018年净利预增116%至131%,正面的
光线传媒：一季度净利增长近10倍 获超18亿投资收益,正面的
爱司凯：容仕凯提前终止减持计划,正面的
康旗股份：实控人拟收购公司相关资产,正面的
耐威科技控股股东完成增持计划,正面的
环旭电子：墨西哥地震未对子公司造成影响,正面的
德赛电池年报：净利同比增长17.72%，拟10派2.5元,正面的
杭电股份中标中移动与中国电信光缆采购项目,正面的
【建研集团：控股股东号召员工增持 并承诺兜底】,正面的
天华院：实控人中国化工集团改制为国有独资公司,正面的
镇海股份预中标5.5亿炼化一体化总承包项目,正面的
克来机电：与第三方共同投资约2.1亿元获取上海众源100%股份,正面的
[公司]炬华科技中标1.64亿元国家电网项目,正面的
华新水泥业绩快报：2017净利润同比增长359.73%,正面的
南京新百：拟不超60亿收购大股东旗下Dendreon公司,正面的
先达股份：预计2018年净利润同比增104.36%-127.07%,正面的
广电运通子公司与腾讯就微信乘车码业务签订合同,正面的
东方精工拟收购公司欧洲代理商 强化智能包装设备布局,正面的
九典制药：2017年净利同比增逾两成 拟10转10派1.2元,正面的
宣亚国际：签署重组框架协议 拟收购映客运营主体蜜莱坞48%股权,正面的
鹏起科技：年报净利预增336%,正面的
光力科技拟10转10派1.5元,正面的
康缘药业：已累计回购2.1%股份 耗资1.36亿元,正面的
欢瑞世纪拟联合投资拍摄电视剧《鬼吹灯》,正面的
天龙股份年报净利微降3% 拟10转4派2.5元,正面的
龙建股份：收到孟加拉8.14亿元中标通知书,正面的
三聚环保签订55.66亿元重大经营合同,正面的
东方海洋：董事长发出增持倡议书 承诺兜底,正面的
当代东方：一季报预增644.75%,正面的
智动力：拟1.26亿元收购阿特斯36%股权,正面的
博瑞传播：拟8.2亿收购成都公交广告媒体资产，6月29日复牌,正面的
中煤能源年报净利增近两成 拟每股派0.055元,正面的
龙元建设：中标2.2亿元PPP项目 利好股价,正面的
苏州科达：年报拟10转4派1.1元,正面的
三维工程：为参股子公司提供财务资助5000万 尚未收回本金及利息,正面的
华策影视：实控人之女拟增持1.57%股份,正面的
中金环境员工1.3亿增持 第三波兜底增持来真的了？,正面的
亿利达拟1.28亿元转让青岛海洋51%股权,正面的
奥马电器年报：净利润同比增长25.15%，拟10转7派0.62元,正面的
钱江水利公告，控股股东中国水务拟溢价20%要约收购10%股份。,正面的
光环新网停牌筹划发行股份购买资产事项,正面的
得利斯：斥资数亿元收购生猪养殖业务及资产 形成生猪,正面的
天沃科技：上海电气成为公司控股股东,正面的
华伍股份：实控人及其关联人拟转让7.43%股份给丰水湖投资,正面的
*ST狮头：逾15%股份溢价转让 控股股东变更,正面的
理工环科上半年净利润同比增长近3倍,正面的
南威软件停牌筹划重大资产重组事项,正面的
豫园股份：并购重组获证监会通过,正面的
柏堡龙控股股东计划增持不超过2%股份,正面的
利亚德：2017年拟10转5派1.1元,正面的
酒钢宏兴2018年净利预增156%,正面的
天润乳业：具备高送转条件，3月28日复牌,正面的
国企结构调整基金再出手:认购中国国航2.31亿增发股,正面的
均胜电子预计2018年净利润增约216%-266%,正面的
海南海药拟21.42亿元现金收购奇力制药100%股份,正面的
中国交建：一季度新签合同金额1793亿 同比增两成,正面的
金鸿能源更名为金鸿控股,正面的
汇金股份：正在筹划重大事项，1月9日起停牌,正面的
巨人网络：已向证监会申请对公司重大资产重组事项恢复行政许可审查,正面的
奥特佳拟收购国电赛思100%股权，股票停牌,正面的
盛和资源：联合收购美国稀土矿获当地法院批准,正面的
首开股份：2018年签约金额1007亿元 同比增46%,正面的
中信证券：母公司4月净利8.97亿元,正面的
中国石油预计2017年净利润同比增长165%至203%,正面的
武汉中商拟筹划收购居然新零售100％股权,正面的
宁波银行上半年净利润同比增长15.14%,正面的
红宝丽子公司年产12万吨环氧丙烷项目试生产成功 产品达优级品,正面的
广发证券2月净利润为1.38亿元,正面的
中欣氟材：股票停牌核查,正面的
幸福蓝海：一季报预增78.71%-108.42%,正面的
科融环境董事长承诺兜底增持,正面的
川大智胜：获得国家科技进步二等奖,正面的
吉电股份电价上调 增收430万元,正面的
中国卫星半年报营收增两成,正面的
首旅酒店一季报预增95%-138%,正面的
景峰医药：子公司获得新药注册证书,正面的
晨鸣纸业：将获得财政补助1.6亿元,正面的
启迪古汉控股股东增持至25%股份,正面的
三钢闽光：一季度净利预增120%至170% 3月中下旬钢价大幅下降,正面的
爱仕达：全资子公司收购索鲁馨部分股权,正面的
拟522亿吸收合并控股股东万华化工 万华化学复牌涨停,正面的
保利地产：前11月签约金额3683亿元 同比增长34％,正面的
岳阳林纸：一季度净利预增8-10倍,正面的
沪市首份三季报出炉 旗滨集团前三季净利同比增逾9成,正面的
星辉娱乐与宝马签署全球独占授权合同,正面的
温氏股份：广东温氏集团财务有限公司开业获批,正面的
拟不超3亿元回购股份 海翔药业涨停,正面的
洋河股份一季度净利35亿元 同比增长27%,正面的
实达集团：超20亿港元收购仁天科技控股股权 推进物联网战略,正面的
海峡股份与首航直升机签合作框架协议,正面的
瑞和股份：签订4亿元建设工程施工合同,正面的
沧州大化聚海分公司TDI及烧碱停产检修,正面的
凯瑞德董事长买入481万股公司股票,正面的
兆新股份：获深圳宝信举牌，持股5%,正面的
通用股份发布一期员工持股计划,正面的
东北证券：前三季净利6.4亿元，同比下降44.72%,正面的
建研集团：全资子公司福建建研拟以自有资金 5200万元收购南京正华通捷电子系统工程有限公司52%的股权。,正面的
*ST尤夫：航天科工投资拟收购公司控股股东股权,正面的
美都能源：逾29亿元收购瑞福锂业98.51股份,正面的
广发证券：母公司2018年净利37.23亿元,正面的
特力A：年报净利同比增145.88%,正面的
华孚时尚：2017年净利增长约四成，拟10转5派5,正面的
万里马：中标两个警用采购项目，合计金额6900万元,正面的
辅仁药业拟78亿收购开药集团,正面的
悦心健康：重组有条件过会，1月18日复牌,正面的
棕榈股份：联合体中标1.2亿元项目,正面的
招商蛇口：与云顶香港签署战略合作协议，打造高端邮轮产业生态圈,正面的
航天发展：股东基布兹、康曼迪承诺暂不减持,正面的
广誉远：员工持股计划完成股票购买 累计买入2.5亿元,正面的
江特电机：拟逾亿元认购澳洲公司股权，确保锂精矿供应,正面的
申通快递1.33亿元增资入股快捷快递 获其10%股权,正面的
科陆电子：签订2.14亿元储能合同,正面的
华策影视实控人之女拟增持1.57%股份,正面的
A股上市银行首份年报出炉，平安银行去年净利润232亿元,正面的
中信重工：拟6.91亿元收购天津松正52%股权,正面的
蒙草生态：中标五原县3.5亿元PPP项目,正面的
云内动力：1.595亿股限售股22日解禁，占总股本的8.0936%,正面的
博瑞传播：正在筹划收购资产，3月6日起停牌,正面的
永安药业：拟斥资2500万至5000万元回购公司股份,正面的
鸿利智汇：拟2.3亿元收购谊善车灯51%股权,正面的
棕榈股份：停牌筹划重大资产重组,正面的
东方园林：子公司中标2.49亿元PPP项目,正面的
莎普爱思三日跌25% 控股股东补充质押993万股,正面的
中南建设：全资子公司中标约15.42亿元PPP项目,正面的
新莱应材：拟2.6亿元收购山东碧海100%股权,正面的
【华新水泥：2018年净利预增139%至159%】,正面的
河北宣工：关于重大资产重组事项获得中国证监会并购重组委审核通过暨公司股票复牌的公告,正面的
东方园林中标25亿元PPP项目,正面的
西水股份：天安财险前两个月原保费收入27.17亿元,正面的
厦门港务：配股申请获证监会审核通过,正面的
中来股份实控人协议转让公司7.3%股份,正面的
浙江富润：前三季度业绩预增逾20倍,正面的
铁汉生态：中标雄安苗景兼用林建设项目,正面的
欧浦智网：股东吕小奇拟要约收购5%公司股份,正面的
神开股份：映业文化拟半年内增持不低于7.45%股份,正面的
大千生态：四季度新签项目合同14.68亿元,正面的
云赛智联：中标阿拉善智慧城市PPP项目,正面的
祥源文化：能否设立互联网小贷公司存在不确定性,正面的
坚瑞沃能：将有5.62亿股解除限售 占股本总额比例为23%,正面的
京汉股份：11月8日复牌,正面的
泛海控股获控股股东增持123万股 拟继续增持,正面的
方大特钢前三季度业绩预增逾210%,正面的
天邑股份：中标2.41亿元中移物联网项目,正面的
华发股份：逾35亿元竞得十字门城建50%股权 获珠海地产项目,正面的
天润乳业去年净利同比增304.94%,正面的
中国中铁与广东省河源市战略合作,正面的
捷成股份：《战狼2》上映7日票房超16.4亿元,正面的
农业银行涨近3% 年度净利同比增长4.9%,正面的
荣泰健康：年报每10股派5元,正面的
公司订单│中通客车：签下新沃运力逾31亿电动物流车大单！,正面的
三六零：2017年净利润33.72亿元 同比增长80.15%,正面的
辅仁药业：拟78亿收购开药集团100%股权，公司拟向不超过10名特定对象非公开发行股票募集不超过53亿元配套资金。,正面的
韶能股份：与翁源县政府签订10亿元合同,正面的
苹果供应商信维通信：一季度扣非后净利预增约五成,正面的
我爱我家：控股股东提议回购1-2亿元公司股票,正面的
铁汉生态：新疆辖区内暂时停工的PPP项目部分复工,正面的
汇金科技：2017年拟10转10派3.6元,正面的
贝肯能源：中标逾7亿元海外合同,正面的
东山精密：中标华为2016年度天线整机外包框架招标项目,正面的
三祥新材：控股股东提议年报10转4派1.5元,正面的
正邦科技董事长计划增持不超1000万元公司股份,正面的
高伟达与蚂蚁金服子公司共同投资伟达金科,正面的
恒瑞医药一季报净利增17% 证金有所减持,正面的
万盛股份：拟37.5亿元收购匠芯知本100%股权,正面的
宏图高科：控股股东及实控人增持计划延期6个月履行,正面的
中集集团：受益全球集装箱航运业复苏 年报净利预增3,正面的
优德精密上半年净利润同比增长105.44%,正面的
蓝黛传动：出资2.1亿元建设变速器项目,正面的
【生物股份：大股东转让部分股票收益权】,正面的
国检集团：公司部分股东完成改制,正面的
航天晨光：中国航天科工集团已完成改制,正面的
兴瑞科技：董事长提议年报拟10转6派3元,正面的
云南资本被动举牌ST云维,正面的
正泰电器：董事陆川完成增持计划,正面的
盛运环保：中标山东省微山县生活垃圾焚烧发电项目,正面的
通源石油：拟1200万美元增资美国全资子公司,正面的
福星股份拟定增募资18亿投资房地产项目,正面的
通鼎互联：第二期员工持股计划完成股票购买，耗资1.95亿元,正面的
暴风集团：暴风统帅再获约4亿元增资,正面的
平治信息推出两市首份半年报高送转预案，拟10转10,正面的
华夏幸福签武汉国家航天产业基地PPP项目整体合作协议,正面的
金地集团：前四月签约金额同比降13%,正面的
鸿达兴业年报拟推10转10送5,正面的
康普顿半年报增长近三成 社保基金二季度入股,正面的
利群股份与腾讯云签订智慧新零售O2O项目服务协议,正面的
南京新百：拟近60亿间接并购美国生物医疗公司Dendreon,正面的
一心堂：拟出资1.05亿元参与设立合资公司,正面的
华英农业停牌筹划资产收购事项,正面的
光明地产去年净利几近翻番 重组上市三年利润承诺兑现,正面的
天海防务：实控人及一致人拟增持不低于1亿元,正面的
银龙股份：去年净利同比降18% 拟10转4.5派1.5元,正面的
旗滨集团：拟2.25亿元至4.5亿元回购股份,正面的
招商证券(06099-HK)2月净利润为2137.99万元,正面的
【天山生物：去年扭亏为盈】,正面的
达华智能：筹划重大对外投资事项 明起停牌,正面的
阳光城：子公司拟31.85亿元收购地产企业,正面的
常山药业：产品价格上涨 前三季净利预增30%至40%,正面的
山河智能：广州市政府旗下企业拟获取公司控制权,正面的
中钢国际停牌筹划重大事项,正面的
美晨生态：拟10转8派0.8元,正面的
利尔化学：年报净利同比增长92.93%,正面的
鹏欣资源：拟19亿元间接获得南非奥尼金矿矿业权,正面的
申万宏源：5月份净利润2.83亿元,正面的
浩云科技2018年度净利润预增11.08%-30.41%,正面的
欢瑞世纪9600万联合投拍网络剧,正面的
日科化学非公开发行股票申请获核准,正面的
农业银行业绩快报:2017年实现净利1929.62亿元 增速4.9%,正面的
九鼎投资澄清媒体不实报道,正面的
上半年净利润下滑两成  春秋航空收缩国际发力辅营,正面的
南方航空：控股股东将改制为国有独资公司,正面的
第一创业完成核查工作 19日起复牌,正面的
海正药业：注射用帕瑞昔布钠获药品注册批件,正面的
宁波海运：获注实控人旗下8.43亿元水路货运业务资产,正面的
美诺华：2018年净利预增116%-131%,正面的
国盛金控：将择机出售持有的趣店股份,正面的
云铝股份：云南省国资委正与相关方筹划重大事项，1月18日起停牌,正面的
国电南瑞：中标25亿元国网采购项目,正面的
东方嘉盛：与腾讯华为等联合设立“前海改革创新技术联盟”,正面的
寒锐钴业：一季报净利同比增长413%,正面的
宝钢股份：2017年净利192亿元同比翻番 证金持股增至4.86%,正面的
签订工业大麻合作研究协议 紫鑫药业连续涨停,正面的
上海机电去年净利增长114% 拟10派2.6元,正面的
初灵信息：全资子公司中标3054万元中国移动采购项目,正面的
泛微网络：重组拟收购上海CA中心增资项目部分股权,正面的
银亿股份：子公司转让旗下两公司部分股权 预计获得3亿元收益,正面的
国创高新：拟定增募资13亿投向长租公寓等，5月3日复牌,正面的
莱茵体育牵手瑞士CCT 打造冰雪赛事平台,正面的
众泰汽车：一季报净利同比增长351.37%,正面的
九牧王：年报净利增17% 拟10派10元,正面的
力源信息：拟2900万至3000万元回购股份,正面的
云海金属：参股公司轻合金精密压铸件项目投产 预计实现年净利约1亿元,正面的
上海家化：控股股东要约收购公司股份完成交割,正面的
万达电影业绩快报：净利增长10.22%,正面的
中核钛白：2017年净利3.89亿元 同比增362%,正面的
美力科技：拟回购5000万元-9500万元股份,正面的
常熟汽饰：参股公司成为蔚来汽车ES8车型供应商,正面的
精工钢构：拟4.78亿元收购墙煌新材料65.74%股份,正面的
耐威科技控股股东增持1.65%公司股份，增持计划实施完毕,正面的
新泉股份预计2017年净利润同比增加121%左右,正面的
天虹股份：与腾讯签合作备忘录 就零售数字化开展合作,正面的
深赛格与童猫动漫签署战略协议,正面的
南山控股：全资子公司南山地产拟9.82亿元增资赤湾地产,正面的
长信科技：三季报净利预增90%-120%,正面的
元力股份一季度业绩预增360%-390%,正面的
安车检测：2018年净利预增52%-62%,正面的
宏辉果蔬：年报拟10转3派2元,正面的
*ST新梅6日恢复上市 首日不设涨跌幅限制,正面的
东方雨虹：拟斥资15亿在荆门市投建多个项目,正面的
万华化学：将购买万华化工下属子公司股权或吸收合并万华化工,正面的
万科A：拟50.31亿元共设商业地产投资基金,正面的
高鸿股份：控股股东电信科研院正在筹划重组事宜,正面的
京东方A：与工商银行签订500亿元战略合作协议,正面的
英洛华获700万中国制造政府补助,正面的
鞍钢股份超59亿收购朝阳钢铁 鞍钢集团国企改革加速,正面的
龙元建设中标14.91亿元PPP项目,正面的
普邦股份：预中标8.39亿PPP项目,正面的
东方雨虹拟17亿元在南通建设生产、研发基地,正面的
众合科技中标5.23亿元轨道交通工程信号系统,正面的
东吴证券母公司六月业绩环比扭亏,正面的
冀凯股份拟重组中国船舶重工集团旗下资产,正面的
东华科技：联合中标32.88亿元PPP项目,正面的
安车检测2018年净利预增52%-62%,正面的
中信证券(06030)5月母公司净利减少10%至4.7亿元,正面的
万华化学：烟台工业园MMA、PMMA项目投产,正面的
美的集团与广药集团签署战略合作协议，打造“医药+科技”跨界典范,正面的
金逸影视：拟10转6派6元 成泉资管进入十大流通股东,正面的
开润股份：上半年净利增近八成，社保增持逾280万股,正面的
理工环科：拟5000万至1亿元回购股份,正面的
三棵树：拟逾2亿元收购防水材料公司大禹防漏70%股权,正面的
贵研铂业半年报增近五成,正面的
中鼎股份：成为宁德时代批量供应商,正面的
汇金通：3375万股首发限售股22日上市流通 占总股本19.28%,正面的
万里股份：万里股份获搜房网(SFUN.N)借壳,正面的
柳钢股份：一季报预增368%至499%，年报10派5元,正面的
高伟达澄清：2017年收入中未有区块链技术成果直接产生的收入,正面的
莱宝高科：截止目前，公司未获悉、也未收到任何有关受到美国制裁的官方信息，目前公司生产经营正常,正面的
比亚迪：拟参设62.5亿元基金 投资云轨项目建设,正面的
风华高科一季报净利预增三倍,正面的
焦作万方前三季度净利预增逾513%,正面的
新华网：股价异动 不存在应披露而未披露的重大信息,正面的
深深房A：正积极推进重大资产重组的各项工作,正面的
东方园林：中标5.31亿元PPP项目,正面的
宝新能源参股公司长城证券IPO过会,正面的
维维股份6500万出售超科食品 增利2854万,正面的
东方日升拟20亿元投建5GW太阳能电池组件生产基地,正面的
红豆股份：控股股东拟增持1%-2%股份,正面的
酒钢宏兴：2018年净利预增156%左右,正面的
兰花科创：兰花沁裕煤矿90万吨/年兼并重组项目重新开工,正面的
美年健康：控股股东参设并购基金 投资美年及美兆体检中心,正面的
长园集团股东计划增持不超7%股份,正面的
北方稀土：2018年净利预增37%-60%,正面的
克明面业：拟逾15亿元投建面粉面条类生产线项目,正面的
兴业银行：年报净利572亿元 拟10派6.5元,正面的
联合光电年报拟10转6派3元,正面的
 正邦科技：控股股东逾2亿元增持 完成增持计划,正面的
设研院：2017年拟10转8派5元。,正面的
盾安环境：拟出售节能、装备等资产及业务,正面的
华夏人寿增持民生银行1.3亿股,正面的
围海股份：中标1.59亿元防洪工程项目,正面的
江特电机：巴尔德山锂矿项目投产,正面的
东华能源：中国对美国液化丙烷加征关税，对公司不构成任何伤害,正面的
顺丰控股：拟回购2亿元-4亿元股份,正面的
国元证券非公开发行A股股票申请获通过。,正面的
人福医药：天风证券IPO过会 公司持股13.4%,正面的
天广中茂：第二大股东承诺12个月内不主动减持,正面的
洲际油气：29.93%股份12月19日解禁,正面的
龙元建设：预中标约3亿元PPP项目,正面的
中持股份：中标约6500万元工程项目,正面的
宜华健康拟配股募资30亿元拓展主业,正面的
*ST昌鱼：申请撤销退市风险警示及实施其他风险警示,正面的
科大智能：公司控股公司拟1.57亿收购宏达电气51%的股权,正面的
中核钛白上调钛白粉销售价格,正面的
嘉欣丝绸获凯喜雅举牌 拟继续增持,正面的
克明面业：拟逾15亿元投建面粉面条生产线,正面的
老凤祥年报净利增长7% 拟10派10.5元,正面的
大秦铁路前七月运输量增长35%,正面的
三花智控下属三花汽零被确定为戴姆勒汽车电子水泵供货商,正面的
丽江旅游：实控人将变更为张松山,正面的
*ST昌九停牌筹划购买教育类资产事项,正面的
天目药业：转让房产 预计获利1500万,正面的
苏州高新：拟置入大股东旗下节能环保领域资产，置出代建及酒店业务资产,正面的
德豪润达：定增20亿元，投入LED芯片及封装项目,正面的
工商银行：获准在捷克设立分行。,正面的
湖南海利年报预增175%-218%,正面的
*ST坊展实控人变更为廊坊市国土局,正面的
中曼石油：签1.74亿探井钻完井大包项目合同,正面的
博信股份拟协议转让贵州博信矿业100%股份,正面的
齐翔腾达上半年净利润同比增长141.93%,正面的
龙建股份中标海外8.14亿元工程项目,正面的
永泰能源：明起复牌，公司生产经营、金融债务等稳定,正面的
辉煌科技：中标1.57亿元郑州市轨道交通项目,正面的
理工环科上半年净利润同比增长近3倍,正面的
佛山照明：拟1.44亿元参与国轩高科配股,正面的
中国天楹签署扬州江都区垃圾焚烧发电项目合作协议,正面的
【航锦科技：半年报预增270% - 320%】,正面的
方大炭素成功受让合肥炭素47.89%股权,正面的
南大光电拟5亿元投建集成电路材料生产基地,正面的
老白干酒半年度业绩预增九成,正面的
达华智能：正在筹划重大对外投资事项，继续停牌,正面的
齐心集团：中标工商银行等多家单位的项目,正面的
茅台、五粮液业绩高增长加剧竞争  有酒企审慎看待销售增速,正面的
中远海特拟3.52亿元投建2艘内贸汽车船,正面的
沃施股份控股股东计划增持不超2%股份,正面的
帝欧家居业绩快报：2018年净利同比增6倍,正面的
三六零:三六零科技有限公司100％股权已过户至上市公司,正面的
模塑科技重组获证监会无条件通过,正面的
中南建设：子公司联合中标亳州市10.07亿元PPP项目,正面的
财联社3月5日讯，中航机电年报拟10转5股派0.25元。,正面的
耀皮玻璃：子公司CS1生产线投产,正面的
中核科技2018年净利最高可达1.06亿元 同比增长138%,正面的
世纪华通控股股东及大股东拟收购盛大游戏剩余9.08%股权,正面的
中房股份7日复牌 忠旺集团拟作价282亿借壳上市,正面的
三诺生物：拟共同出资7.5亿元设立三诺健康开展海外并购,正面的
乐通股份：控股股东累计增持公司2.32%股份,正面的
泛海控股：控股股东再增持43.5万股,正面的
【华安证券：获准成为机构间私募产品报价系统做市商】,正面的
欣龙控股年报预增103%-118%,正面的
万科A：4月销售金额418.9亿元,正面的
上海物贸：年报预增110%左右,正面的
豫光金铅收到政府补贴1031万元,正面的
海航创新:出售所持华龙证券1470万股股份 价值4990万,正面的
凯盛科技：子公司收到5000万元政府补贴,正面的
易华录：签订2.491亿元重大合同,正面的
氯碱化工：上半年净利预增47%,正面的
拓普集团：拟6.42亿元收购两家汽车部件公司,正面的
【鲍斯股份：2017年净利润同比增1.1倍，拟10转8派1元】,正面的
赛隆药业：实控人提议2018年中报10派0.15元,正面的
延长化建：拟逾16亿元收购北油工程100%股权,正面的
晨光生物：拟出资5000万元参股邯郸银行,正面的
荣盛发展拟携手德耳文共同打造康养主题小镇,正面的
东旭蓝天：签14.4亿元生态综合治理项目合作协议,正面的
建发股份：去年净利润增长16% 证金持股升至4.9%,正面的
山东矿机：年报拟10转7,正面的
纯碱产销量价齐升 山东海化半年报增长1174%,正面的
华夏幸福：中标马鞍山市博望区产业新城PPP项目,正面的
南大光电：拟10转7派1.2元，一季报预增312.12%-340.08%,正面的
苏州高新拟置出代建及酒店资产 置入节能环保资产,正面的
航发动力：全资子公司拟挂牌转让株洲易力达28.80,正面的
合纵科技：实控人及高管等拟6个月内增持不超2亿元,正面的
远兴能源：拟斥资不超5亿-10亿元回购股份,正面的
国盛金控拟择机减持趣店股份,正面的
力星股份：年报拟10派2.7元,正面的
上海天洋公告，由于国内环保监管日益趋紧，原材料价格大幅上涨，PA（聚酰胺）类产品销售价格上调2000元/吨，PES（聚酯）类产品销售价格上调1000元/吨。,正面的
上海钢联：钢银电商设立全资子公司,正面的
万达电影拟发行股份购买万达影视传媒100%股权,正面的
中孚信息：拟9.5亿收购剑通信息100%股权，4月24日复牌,正面的
先河环保年报拟10转6派0.5元,正面的
中源协和：龚虹嘉将借道QFII增持公司股份,正面的
方盛制药伊班膦酸钠注射液获药品注册批件,正面的
江苏有线获证金公司大幅增持,正面的
拟投入海外水电站项目 浙富控股定增被否,正面的
宏达电子：拟不低于5亿元投资建设军民电子创新产业基地项目,正面的
宏润建设：联合中标福建9.5亿元PPP项目,正面的
厦门钨业：年报净利预增324.60%,正面的
合纵科技中标2.56亿元电网招标项目,正面的
粤水电：签下1.11亿元PPP项目合同,正面的
信达地产：重大资产重组获证监会通过,正面的
南卫股份：获国家科学技术进步奖二等奖,正面的
上海天洋：拟收购新三板企业信友新材66%股权，明日复牌,正面的
万安科技年内累计获得政府补助2542.12万元,正面的
中钢国际拟购中钢股份所持的部分股权 明日复牌,正面的
顺丰控股：子公司参与设立湖北国际物流机场有限公司,正面的
大名城：第三季度房地产实现销售额39.35亿,正面的
翰宇药业：拟4亿至8亿元回购股份,正面的
星湖科技：预计2018年同比扭亏，赚4100万元左右,正面的
美的集团与广药集团就机器人及医疗器械开发等方面战略合作,正面的
太极实业：子公司中标逾12亿元集成电路工程项目,正面的
旋极信息拟组建合资公司 创建海南通用航空平台,正面的
鞍钢股份：拟59亿元收购朝阳钢铁100%股权,正面的
杰恩设计披露高送转预案 拟10转15派15,正面的
万向钱潮控股股东及其一致行动人增持公司股份达1%,正面的
*ST华泽：收到证监会《听证通知书》,正面的
鲁阳节能一季度业绩预增约2倍 岩棉产品供不应求连扩产能,正面的
元成股份：预中标逾5亿元PPP项目,正面的
亚星客车：收到新能源汽车推广应用第二批补贴款2亿元,正面的
人民网拟设立内部彩票运营机构 自营彩票信息服务业务,正面的
上海钢联：拟受让山东隆众36.42%股权,正面的
云南能投：控股股东拟溢价11%要约收购10%公司股份,正面的
盈峰环境：子公司预中标逾1亿元项目,正面的
*ST中基：拟并购莱芜泰禾 明日起停牌,正面的
华昌化工：原料结构调整技术改造项目二期投产,正面的
三安光电2017年度业绩预增45%-50%,正面的
浙江东方：拟变更公司名称，并开展黄金租赁融资业务,正面的
中通客车：2017年客车销量同比增长17.38%,正面的
*ST保千：部分董事、高管计划6个月内增持3000万股,正面的
加入国企混改“大军” 渤海轮渡拟进行员工持股试点,正面的
三六零2017年净利润达33.72亿元 同比增长80.15%,正面的
会稽山：拟公开发行不超7.35亿元可转债忙收购,正面的
建艺集团年报拟10转7派1元至1.5元,正面的
凯恩股份拟签署战略合作协议 30日起停牌,正面的
一汽夏利：对天津一汽丰田增资2.7亿元,正面的
宁波富邦：控股股东增持股份，将继续增持,正面的
中国宝安董事局主席、总裁陈政立增持15万股,正面的
天奇股份：子公司拟5850万元收购锂致实业65%股权,正面的
江苏宏图高科技股份有限公司关于控股股东股份解除轮候冻结的公告,正面的
达实智能：与腾讯战略合作 推动“智慧交通”创新应用,正面的
新华保险(01336)一季度归属股东净利润增长42%至26.09亿元,正面的
丰林集团：前三季净利预增55%至75%,正面的
岱美股份拟收购海外汽车遮阳板业务 年报拟10派5元,正面的
金牌厨柜：年报净利预增30%至35%,正面的
景峰医药：子公司安非他命混合盐获得美国ANDA批准文号,正面的
索菲亚：已累计回购股份1088.2万股,正面的
海泰发展：实控人可能变更,正面的
东方电缆：中标4.51亿元电缆采购项目,正面的
哈药股份：一季度净利1.4亿元 同比增2倍,正面的
小天鹅A：实现净利润15.06亿元 拟10股派10元红利,正面的
浦发银行董事长高国富任职资格获批,正面的
创新还是图省事 中国平安公告直接发领导PPT,正面的
坚瑞沃能：正在筹划发行股份及支付现金购买资产,正面的
中南传媒年报净利降16% 拟10派6元,正面的
圆通速递：子公司联中标香港国际机场高端物流中心发展项目,正面的
华域汽车年报拟10派8.1元 净利同比增长7%,正面的
太极实业联合中标34.7亿华虹集成电路工程项目,正面的
万科A：截至10月末借款余额为1673亿元,正面的
人福医药：吡格列酮片获得美国FDA批准文号,正面的
双箭股份拟2亿元收购医疗养老产业资产,正面的
达志科技拟10转8股派1元,正面的
名家汇：2018年净利预增78.51%-96.36%,正面的
盈趣科技获得“国家技术创新示范企业”认定,正面的
*ST南风：部分分公司恢复生产,正面的
泸州老窖：年报拟10派12.5元，证金增持至1.74%,正面的
*ST新能：拟斥资1.5亿至3亿元回购股份,正面的
重庆百货：2017年净利6.05亿 同比增长44%,正面的
坤彩科技：2018年净利预增50%-60%,正面的
东方网络：东柏文化或将成公司控股股东,正面的
浩物股份：拟11.86亿元收购内江鹏翔,正面的
科林电气实控人增持100万股公司股份,正面的
联得装备：拟10转10派2元,正面的
惠博普：与洲际油气、安东石油合作开发伊拉克油气田,正面的
远兴能源：拟斥资不超5亿-10亿元回购股份,正面的
北方股份 二股东7.8亿转让25.16%股权,正面的
云南城投：出资15亿与中国人寿设立健康养老基金,正面的
龙元建设预中标12.6亿元PPP项目,正面的
【中国交建：中标16.2亿元呼伦贝尔市PPP项目】,正面的
万年青：一季报大幅预增，预计盈利2.2亿,正面的
风华高科一季报净利预增三倍,正面的
乐视网：贾跃亭提请股东大会增加两临时提案 融创提名独董候选人,正面的
攀钢钒钛：2018年净利预增248%至271%,正面的
汤臣倍健：正在筹划重大事项，1月31日起停牌,正面的
招商蛇口一季度净利预增159%-169%,正面的
海天味业：拟10派8.5元 分红近23亿,正面的
藏格控股：签下两份协议总计2.57亿元,正面的
江苏雷利控股股东提议年报10转8派8元,正面的
国风塑业2017年度业绩预增216%,正面的
康泰生物：一季度净利增长近3倍，年报拟10转3送2派1.2,正面的
高能环境中标2.28亿元固废处置PPP项目,正面的
华西能源：签下自贡18.61亿元PPP项目合同,正面的
辽宁成大：前海开源拟转让不超过11%股份,正面的
碧水源去年净利增逾4成 拟10转15派1元,正面的
宝莱特：董事长发增持倡议书 承诺兜底,正面的
通富微电与龙芯中科签署合作意向书,正面的
财联社3月26日讯，德赛电池披露年报，2017年公司合并营业收入为124.86亿元，同比增长43.1,正面的
东方电缆2018年净利1.7亿元左右 同比增长约240%,正面的
佳都科技：中标广东公安厅6688.82万元项目,正面的
兄弟科技：子公司智能化改造升级完成并正式投产,正面的
福晶科技：2017年净利1.36亿元，同比增94%,正面的
山东金泰：拟筹划采用现金方式收购福建麦凯智造婴童文化股份有限公司51%股权,正面的
凯普生物：拟3000万元-8000万元回购股份,正面的
广誉远：员工持股计划完成股票购买 累计买入2.5亿元,正面的
江特电机：年采选60万吨锂瓷石高效综合利用项目试产,正面的
雏鹰农牧：前2月销售生猪27.11万头 实现销售收入3.57亿元,正面的
永兴特钢：子公司拟投建锂电新能源材料项目,正面的
初灵信息获董事及高管等增持逾1%,正面的
坚瑞沃能：控股股东已就引入战投事项，接洽若干关注新能源企业的大型央企,正面的
博天环境：中标4.72亿元PPP项目,正面的
金浦钛业：实控人由郭金东、郭金林二人变更为郭金东,正面的
华建集团中标观山开磷城项目工程总承包项目,正面的
永辉超市一季报：净利同比增长0.56%,正面的
药明康德：拟对全资子公司上海药明增资20亿元,正面的
东方日升拟收购江苏九九久科技有限公司100%股权,正面的
海利生物公告，获牛散章建平再度举牌，持股比例达15.37%。,正面的
凯龙股份：参与设立氢能源产业基金,正面的
国统股份：中标河北唐山5112.91万元工程,正面的
华夏幸福：中标马鞍山市博望区产业新城PPP项目,正面的
再升科技：增资获深圳中纺34%股权，丰富产品结构。,正面的
坤彩科技：6月1日起上调部分系列产品出厂价格,正面的
利源精制董事长拟增持5000万元至1亿元,正面的
刚泰控股：获控股股东累计增持1.07%股权，拟继续增持,正面的
迪安诊断：拟出售杭州意峥65%股权 推动博圣生物IPO进程,正面的
西陇科学继续收购宏啸科技股份 股票明日复牌,正面的
柏堡龙携手阿里体育和新华网 签署战略合作协议,正面的
[公司]国民技术拟80亿投建化合物半导体生态产业园,正面的
西陇科学：继续推进收购宏啸科技股权 股票复牌,正面的
棕榈股份：中标2.9亿施工总承包项目,正面的
四环生物半年报预增405%-812%,正面的
TCL集团：拟回购15亿元-20亿元股份，回购价不超过3.80元/股,正面的
航天发展：拟收购三家公司股份 拓展信息安全业,正面的
3月20日一季报：平治信息一季度业绩预增92%-119%,正面的
美力科技：拟1.8亿元收购上海科工 拓展汽车零部件业务,正面的
科士达：中标2333万充电桩项目,正面的
荣盛发展：拟携手上海德耳文 打造康养主题小镇,正面的
大通燃气公告，董事长倡议全体员工增持，凡在7.2元/股价格以下买入股票承诺兜底。此外，公司高管等拟增持金额不低于2000万元。,正面的
韶钢松山连续两年盈利，2017年净利增长近24倍,正面的
安科瑞：拟10转5派1元,正面的
【诚志股份年报净利增逾六倍 拟10派1.5元】,正面的
福建水泥预计一季报业绩扭亏为盈,正面的
欢瑞世纪：实际控制人拟增持至少300万股,正面的
道明光学上半年业绩预增130%-180%,正面的
新华文轩：签订10亿元教科书采购合同,正面的
中兴通讯：正采取措施以遵守美国拒绝令 积极与相关方沟通,正面的
井神股份：控股股东拟6个月内增持3000万元-1亿元,正面的
百川能源年报预增50%-60%,正面的
启迪桑德：年报拟10转4派4，获证金公司增持,正面的
四川路桥：12月中标金额21.18亿元,正面的
中国平安：一季报净利润257.02亿元，同比增长11.5%,正面的
永兴特钢：一季报预增30%-60%,正面的
艾迪精密：2017年净利同比增76% 拟10转4.8派2.5元,正面的
中国国旅15亿元收购日上上海，获得上海机场免税经营权,正面的
旺能环境:2017年度净利增长七成 拟10转7派2.5,正面的
杰瑞股份：控股子公司获准挂牌新三板,正面的
*ST中基：拟并购莱芜泰禾，5月4日起停牌,正面的
【滨化股份年报净利增长130% 拟10转3派2.2元】,正面的
富祥股份：2017年拟10转10派5元,正面的
蓝晓科技：三季报净利预增65%-80%，分公司停产整顿,正面的
复星医药：近亿美元收购汉霖生技剩余股权,正面的
神州长城：实控人发兜底增持倡导书,正面的
龙韵股份：拟购买长影置业60%股权及长影娱乐47%,正面的
北方股份逾25%股份被协议转让,正面的
捷顺科技：停牌筹划签署战略性合作协议,正面的
祥源文化：拟投资设立互联网阅读公司,正面的
通富微电现2亿元大宗交易 控股股东增持股份,正面的
利亚德子公司联合体中标5.21亿元照明工程,正面的
宏润建设中标6.09亿元轨道交通土建工程,正面的
跨境通：美“关税清单”影响甚微,正面的
冠昊生物控股股东或实控人拟增持不低于3%公司股份,正面的
康跃科技：一季报预增417.31%-511.36%,正面的
智飞生物拟定增募资23.5亿元加码疫苗主业,正面的
鲁西化工：2018年第一季度业绩报告预告,正面的
集友股份：一季报预增47.63%至67.68%,正面的
葛洲坝与广西政府签署1000亿元合作框架协议,正面的
岭南股份：签署2.38亿元雄安新区苗景兼用林建设合同,正面的
沃森生物：股东转让549万股,正面的
杭萧钢构：联合中标4.65亿元EPC项目,正面的
【西藏药业：2017年净利增15.81% 拟10派3.5元】,正面的
阳谷华泰一季度业绩预增163%-178%,正面的
*ST新能：拟1.5亿元至3亿元回购股份,正面的
完美世界：拟回购不超过10亿元且不低于5亿元公司股份,正面的
三一重工：一季度净利翻倍，证金公司大幅增持,正面的
深高速：子公司外环公司签订五份施工合同总计52.51亿元,正面的
*ST罗顿：“带帽”后9次跌停，实控人等抛增持计划,正面的
金利华电股东赵康拟协议转让8.55%公司股份,正面的
我武生物2017年度业绩预增40%-50%,正面的
秋林集团：筹划非公开发行 明起停牌,正面的
燕京啤酒：获重阳集团举牌，持股达5%,正面的
古井贡酒(000596.SZ)2018年净利润预增40%-50%至16.08亿–17.23亿元,正面的
湖南发展：控股股东累计增持556万股，计划继续增持不超过0.8%,正面的
万科A：拟参与投资设立60亿元的物流地产投资基金,正面的
新研股份：拟定增募资约15亿延伸产业链,正面的
东方创业出售1000万股海通证券股票 投资收益1亿元,正面的
红豆股份发布澄清公告：“红豆集团资产腾挪”等报道内容与事实不符,正面的
易联众：股东微医集团增持公司1.44%股份,正面的
新野纺织复牌继续推进重大资产重组事项,正面的
正邦科技：4月份生猪销售收入同比翻倍,正面的
东方园林：联合中标14.29亿元PPP项目,正面的
诺德股份：拟定增募资不超20亿元增加锂电铜箔产能,正面的
海伦钢琴：与迪士尼签署许可协议,正面的
保利地产：一季度签约金额869亿元，同比增51%,正面的
*ST中基：拟并购莱芜泰禾,正面的
达实智能：签下上海8450万元项目合同,正面的
新文化投资5000万元布局电竞产业,正面的
【华锋股份：股东终止减持计划】,正面的
云铝股份年报预增488% 铝产品价格回升,正面的
阳光城上半年净利预增60%-90%,正面的
长荣股份拟回购价值1亿元-2亿元公司股份,正面的
中国铝业：拟127亿元收购包头铝业等4家公司股权,正面的
高伟达澄清：并未有关于区块链技术的研发成果而直接产生的业务收入,正面的
亚星化学：控股股东转让13.2%股份 合虚实业成第一大股东,正面的
方正电机：供货吉利 深度受益优质客户成长,正面的
浩云科技：预计2018年净利润同比增11.08%-30.41%,正面的
创业软件：中标附件1315万元项目,正面的
索菲亚：已耗资2.02亿元回购1.18%股份,正面的
首航节能：控股股东、大股东消除平仓风险,正面的
金桥信息获文心致禾二度举牌,正面的
东方创业：今年累计出售1000万股海通证券股票 投资收益1.07亿元,正面的
金地集团年报：拟10派5.3元，证金公司大幅增持,正面的
庞大集团7.3亿元出售子公司股权,正面的
马钢股份：年报预增236.86%左右,正面的
科大讯飞上半年实现净利润1.07亿元,正面的
山东金泰获紫光集团及一致人举牌,正面的
蓝英装备：控股公司与吉利控股下属公司签署合同 累积金额占去年营收84%,正面的
云南白药：年报拟10派15元，证金小幅增持,正面的
爱司凯：容仕凯提前终止减持计划,正面的
同济科技：联合体中标1.5亿项目,正面的
凯瑞德：董事长筹划事项或致实控人变更7月19日起停牌,正面的
西王食品：拟10转4派1.08元,正面的
宝馨科技：成功研发MCCE黑硅槽式制绒设备,正面的
德威新材：股东苏州香塘及其一致行动人合计持股达9.99%，逼近二度举牌,正面的
隧道股份：中标逾30亿元海外项目,正面的
博汇纸业:14万吨文化纸项目复产,正面的
生益科技年报：2017年拟10转4.5股派4.5元,正面的
中国铝业：继续申请停牌 停牌时间不超过5个月,正面的
中国铝业年报净利增长274% 产品毛利大增,正面的
铁汉生态：中标两PPP项目，中标金额合计9.22亿元,正面的
神州长城公告，董事长增持倡议获42位员工响应，共增持111.66万股。,正面的
TCL集团：大股东及一致行动人提议10派1元,正面的
普利制药：一季度实现归母净利润3110万 同比增200%,正面的
中国重汽：前11个月重卡产销量均同比增长超七成,正面的
再升科技控股股东转让5%股份引入融京汇聚,正面的
圆通速递拟4.5亿增资浙江驿栈 快递末端服务盈利尚难,正面的
金证股份股东补充质押130万股,正面的
欣龙控股子公司签大单,正面的
市场景气度持续上升 大华股份三季报预增25%-45%,正面的
奥克股份：预计2018年度净利同比增48%-57.55%,正面的
特力A出售深圳兴龙机械模具43%股权,正面的
陇神戎发：公司保健食品获得俄罗斯联邦国家注册证书,正面的
爱建集团：6.72亿转让高锐视讯11.2%股权,正面的
远兴能源控股子公司恢复生产,正面的
华贸物流：间接控股股东拟向两家央企转让全部持股,正面的
中信重工：预计上半年净利润同比增198%左右,正面的
一汽夏利拟逾5亿元增资天津一汽丰田,正面的
金智科技：子公司拟4500万元转让城建隧桥10%股权,正面的
招商蛇口：一季度销售金额313亿元 同比增长18%,正面的
国电南瑞：国务院国资委同意资产重组和配套融资方案,正面的
吉林化纤：年报营收增近六成 净利增163%,正面的
高伟达：与蚂蚁金服子公司共同投资伟达金科,正面的
华鼎股份：引入国资背景股东新兴动力、义乌金控,正面的
创元科技：控股股东拟12个月内增持不超5000万元，增持比例不超2%,正面的
宁波建工：子公司中标8.85亿元工程项目,正面的
兴业科技：向上修正业绩预告，2018年净利预增150%至190%,正面的
冀东水泥：间接控股股东增持1%股份,正面的
证金公司新进昆仑万维第五大股东,正面的
智能自控年报：2017年拟10转7派0.8元,正面的
首份一季度业绩预告出炉 旋极信息一季度净利预增40%-70%,正面的
九芝堂上半年实现净利3.6亿,正面的
中国中冶：前4月新签合同2088亿元，同比增长19.6%,正面的
美的集团：与东芝深化战略合作拟收购东芝家电80.1%股权,正面的
博瑞传播筹划收购成都传媒集团资产 3月6日起停牌,正面的
东方雨虹拟33.8亿元投建天鼎丰集团总部及特种涂料产研基地,正面的
中钢国际：拟收购控股股东下属所持四家公司股权,正面的
八菱科技：拟重组汽车相关行业公司 继续停牌,正面的
莫高股份上半年实现净利1425万元 同比增逾1成,正面的
向日葵：拟出售部分光伏设备等资产,正面的
新凤鸣拟9300万美元设立中益化纤,正面的
山东金泰获杭州纯阳资产管理举牌,正面的
华统股份：年报拟10转5派1.27元,正面的
三峡新材：转让戴春林商贸95%股权,正面的
建新股份2017年度净利预增288.06%,正面的
西王食品年报拟10转4派1.08元,正面的
兴瑞科技：实控人提议10转6派3元,正面的
隆基股份：签预估金额69.96亿多晶硅材采购合同,正面的
招商证券：母公司2018年12月净利润5.35亿元,正面的
爱康科技：逾8亿收购爱康能源工程股权 涉足光伏电站业务,正面的
浦东建设：中标8亿项目,正面的
佳力图：年报利润增四成，拟10转4派2.5元,正面的
中天科技：中标约8.5亿元电缆采购项目,正面的
苹果供应商信维通信：一季度扣非后净利预增约五成,正面的
宝钢股份：2017年净利192亿元同比翻番，证金持股增至4.86%,正面的
华铭智能：与腾讯、财付通等签“交通乘车码”战略合作框架协议,正面的
【乐通股份：控股股东累计增持公司2.32%股份】,正面的
达安基因：子公司腾飞基因获准挂牌“新三板”,正面的
中原环保：预中标8.5亿PPP项目,正面的
环旭电子：墨西哥地震对位于当地的子公司未造成影响,正面的
澳洋顺昌停牌筹划非公开发行股票事项,正面的
中国联通：修订公司章程 注册资本增至302亿元,正面的
上海莱士：董事副总拟出资300万元至500万元增持股份,正面的
南方汇通控股股东一致行动人完成股份购买计划,正面的
仙坛股份：2017年净利下滑近六成 拟10转7派4元,正面的
海伦钢琴与迪士尼签署许可协议,正面的
腾达建设：下属公司出资3亿元认购私募基金份额,正面的
冠昊生物控股股东或实控人拟增持不低于3%公司股份,正面的
凯龙股份：参与设立产业基金,正面的
宝新能源：持股长城证券3500万股股份,正面的
漳州发展：近3亿元漳州诏安摘地,正面的
红豆股份控股股东计划增持1%-3%股份,正面的
众合科技：与阿里云签署合作框架协议,正面的
大名城：第三季度房地产实现销售额39.35亿,正面的
朗科智能：原实控人的继承人已签署遗产继承协议,正面的
复星医药：获证监会核准发行境外上市外资股,正面的
广发证券：母公司2月净利1.38亿元,正面的
科伦药业：一季报预增80%-120%,正面的
中国铁建联合体中标高速公路BOT项目,正面的
莎普爱思三日跌25% 控股股东补充质押993万股,正面的
迈克生物：股东及一致行动人增持418万股,正面的
中信银行：拟境内非公开发行优先股募资不超过400亿元,正面的
*ST宝鼎：2018年扭亏，申请摘星脱帽,正面的
宣亚国际年报拟10转5派5元,正面的
[公司]海普瑞子公司获美国FDA准许开展II期临床试验,正面的
恺英网络：年报拟10转5派1.2元,正面的
被曝拟“10转8股派1元”股价昨日涨停 达志科技：虚假消息,正面的
天邦股份：实际控制人和高管累计增持公司股份合计954万股,正面的
新纶科技：子公司签下不低于5亿元采购协议,正面的
东易日盛：拟3亿收购欣邑东方60%股权,正面的
焦作万方：获樟树市和泰安成再度举牌，持股达15%,正面的
元隆雅图：一季报预增50%-100%,正面的
英洛华获700万中国制造政府补助,正面的
市北高新获控股股东增持475万股,正面的
晨鸣纸业：年报净利增长近九成 拟10转5派6元,正面的
ST嘉陵披露重组预案，5月3日复牌,正面的
南山铝业拟合资设立航空零部件公司,正面的
云南城投：出资15亿与中国人寿设立健康养老基金,正面的
金智科技：签1600万供货合同,正面的
泰禾集团：拟出资25亿元参与设立融乐健康产业公司,正面的
海航投资:重组标的为医疗及大健康资产 或涉关联交易,正面的
青松股份获股东举牌 持股比超15%,正面的
中国重汽：前11个月重卡产销量均同比增长超七成,正面的
中国巨石年报净利增四成 拟10转2派2.5元,正面的
纵横通信：预中标中国移动近5亿元采购项目,正面的
国民技术：失联事件将减少公司5亿元收益 拟13.36亿元收购斯诺实业70%股权,正面的
千山药机：董事长刘祥华拟三个月内增持不超1亿元,正面的
棕榈股份：获河南省国资系战略入股 拟受让公司13.1％股份,正面的
安靠智电年报：拟10转5派5元,正面的
京东方A：未收到任何有关受到美国制裁的官方信息,正面的
九牧王：年报拟10派10元,正面的
怡亚通：引入战略投资者深圳投控，5月16日复牌,正面的
招商蛇口：一季报净利同比增长172.31%，证金社保增持,正面的
冀东水泥：拟与金隅股份共建合资公司 继续停牌,正面的
中国平安：1-2月寿险业务原保费收入1507亿元,正面的
老板电器：年报净利增长21%超14.6亿元 拟10派7.5元,正面的
恒力股份：重组有条件过会，12月15日复牌,正面的
美格智能：2017年净利增两成，拟10转7派1元,正面的
保利地产2017年度净利156.84亿元 同比增长26.27%,正面的
中国电建子公司签逾10亿美元海外工程合同,正面的
欧浦智网：董事高管拟增持2000万-1亿元,正面的
泰豪科技年报净利倍增 拟10送3派1.2元,正面的
中设股份年报拟10转6派2元,正面的
公司拟资产重组 星湖科技强势封停 ,正面的
中化国际半年报预增105%-125%,正面的
依米康：签署5.8亿数据云项目合同,正面的
中金环境：中标2.75亿元河道改造提升工程PPP项目,正面的
招商证券：母公司2月净利2137.99万元,正面的
永兴特钢：收购合纵锂业11.47%股权，拓展锂电池业务,正面的
海格通信子公司中标中移动多地服务项目,正面的
石英股份拟15.6亿元投建太平洋石英产业园二期项目,正面的
合众思壮九名公司管理人员拟增持不少于1.2亿元,正面的
拓斯达：控股股东拟6个月内增持2000万元至1亿元,正面的
中信重工可能涉及重组方案重大调整 30日起连续停牌,正面的
粤水电：子公司与中国中铁等组成的联合体预中标东莞轨道交通PPP项目,正面的
华鲁恒升一季报：净利同比增长133.91%,正面的
新力金融：正在筹划重大资产重组事项，12月12日起继续停牌,正面的
远望谷：近10亿收购两公司股权 明日复牌,正面的
格力电器：预计2018年净利260亿元-270亿元 同比增16%-21%,正面的
TCL集团：拟15亿元至20亿元回购股份,正面的
中孚实业：获控股股东增持246.8万股,正面的
博威合金：年报预增60%至80%,正面的
江南化工：出售658万股雪峰科技，预计获利近千万元,正面的
浦东建设：控股股东再抛增持计划，拟增持不低于0.5%股份,正面的
先导智能：与格力智能签订11亿元采购合同,正面的
绿城水务停牌筹划非公开发行股票事项,正面的
时代万恒：拟5961万元剥离贸易业务，暂不复牌,正面的
通达股份：拟2.9亿元收购成都航飞100%股权,正面的
开创国际被小间科技及一致行动人再次举牌,正面的
多喜爱：继续推进股权转让事项 13日起复牌,正面的
荃银高科：大北农累计增持5%，持股达到9.9%,正面的
温氏股份：广东温氏集团财务有限公司开业获批,正面的
华贸物流：间接控股股东拟向两央企划转全部持股 继续停牌,正面的
梅花生物：年报净利11.74亿元 拟派现超10亿,正面的
科大讯飞:与华为全面战略合作 做强人工智能产业生态,正面的
深圳惠程第一大股东及一致行动人完成增持计划,正面的
环旭电子：墨西哥子公司经营未受地震影响,正面的
奋达科技：管理层计划增持不低于300万股,正面的
得利斯：与京东签署战略合作意向书,正面的
棕榈股份：筹划重大资产重组 30日起停牌,正面的
酒钢宏兴：2018年净利预增156%左右,正面的
恒力股份：2000万吨/年炼化一体化项目即将投料开车 公司业务向上游延伸,正面的
中国中铁：与山东省济南新旧动能转换先行区管理委员会签署了《战略合作框架协议》,正面的
力源信息：拟回购2900万元至3000万元股份,正面的
招商轮船2018年净利预增84%-104%,正面的
上海贝岭：发行股份购买资产方案获国资委批复,正面的
华建集团：中标10.8亿工程总承包项目,正面的
大连电瓷：控股股东拟增持不低于5%股份,正面的
东宝生物：一季报预增4.91%-34.64%,正面的
广汇汽车：超12亿收购庞大集团旗下5家奔驰品牌4S店,正面的
【财通证券：2017年营收、净利双双下滑】,正面的
和晶科技复牌，国有资本成公司第二大持股股东,正面的
伊戈尔：上市至今涨幅较大 11日起停牌核查,正面的
农业银行：银保监会原则同意公司非公开发行A股,正面的
华仪电气：拟出资5亿元设立全资子公司浙江华仪创投有限公司,正面的
国美通讯：筹划定增事宜 9月6日起停牌,正面的
华夏幸福：中标马鞍山一PPP项目,正面的
炬华科技：中标1.64亿元国家电网项目,正面的
科伦药业2017年营收破百亿 川宁项目产能释放再添业绩红利,正面的
岱勒新材2017年净利润同比增长183% 拟10派3元,正面的
金利华电股东赵康拟协议转让8.55%公司股份,正面的
周大生：2017年净利同比增近四成 拟10派6元,正面的
江南高纤半年报净利增逾两倍,正面的
暴风集团：亏损最大业务板块暴风TV拟获注4亿元资金,正面的
深振业A：重组拟收购园区类运营公司股权,正面的
小天鹅A：拟10股派10元红利,正面的
上海银行：三大股东拟6个月内增持公司股份，不设价格区间,正面的
坤彩科技：2018年净利预增50%-60%,正面的
杰瑞股份：与美国财政部外国资产控制办公室签署和解协议,正面的
钱江生化：筹划收购合肥欣奕华智能机器有限公司控股股权,正面的
安靠智电2017年盈利7980万元 拟10转5派5元,正面的
西泵股份：与通用汽车签订供货协议 合同金额2.35亿元,正面的
三江购物半年报业绩增三成,正面的
东旭蓝天拟3.4亿收购星景生态 进军生态治理与环保行业,正面的
国发股份：股价五天跌超三成  控股股东火速实施增持计划,正面的
美都能源：逾29亿元收购瑞福锂业98.51股份,正面的
四川路桥：2月合计中标36.22亿元,正面的
博深工具：高速列车制动闸片获准装车运用考核,正面的
万华化学：10月起上调部分产品挂牌价,正面的
航天科技半年报实现倍增,正面的
盾安环境：拟出售节能、装备等资产及业务 股票继续停牌,正面的
棕榈股份：联合中标4.48亿元EPC项目,正面的
赛隆药业：一季报预增303.44%-333.32%,正面的
浙富控股：中标井冈山2.59亿元设备采购项目,正面的
成都银行拟出资不超过10亿元设立理财子公司,正面的
本钢板材：控股股东拟以不超过3亿元增持公司股份,正面的
振芯科技：签订3.35亿元核高基重大专项合同,正面的
分众传媒：已累计耗资11亿元回购股份,正面的
招商银行：一季度净利逾226亿元 同比增13.5%,正面的
*ST河化：清仓万华化学股票 实现投资收益747万元,正面的
中南建设：全资子公司参与的联合体中标一PPP项目,正面的
安车检测：2018年净利预增52%-62%,正面的
华谊兄弟去年净利近10亿元 拟10转10派1元,正面的
柏堡龙：与新华网、阿里体育签署战略合作协议,正面的
佩蒂股份2018年度净利润预增31.13%-59.23%,正面的
锦富技术：拟于凤台县投建光伏组件项目 3至5年内实现40亿产值,正面的
圆通速递：4月快递产品收入17.76亿元 同比增23%,正面的
宏润建设:中标上海轨道交通3.43亿元工程合同,正面的
中环环保年度分配拟10转5派0.5元,正面的
名家汇：2018年净利预增78.51%至96.36%,正面的
尚品宅配：拟投资21亿建设工业4.0智能定制家居生产基地,正面的
老百姓：拟1.17亿元重组收购江苏新普泽51%股权,正面的
金字火腿控股股东的一致人协议转让14.72%股份,正面的
东华科技联合中标32.88亿元PPP项目,正面的
国联水产：2017年年报由不分红改为10派0.2元,正面的
西部黄金半年报预增40%-45%,正面的
东方网力：与602签订战略合作协议共同开发警用无人机市场,正面的
合纵科技中标2.56亿元电网招标项目,正面的
基蛋生物年报净利增4成 拟10转4派4.5元,正面的
光线传媒：减持104万股天神娱乐股份,正面的
方大炭素预计前三季度净利润同比增长逾24倍,正面的
荣泰健康年报净利略增5% 拟10派5元,正面的
北方稀土：2018年净利预增37%-60%,正面的
亚翔集成：中标3.49亿元重大项目,正面的
*ST中基拟并购莱芜泰禾,正面的
安科瑞2017年净利增18% 拟10转5派1元,正面的
同济科技：控股子公司中标漕河泾7.82亿元工程,正面的
[公司]东杰智能2018年净利预增60.06%-85.24%,正面的
好莱客：预计上半年净利同比增60%-75%,正面的
中信重工拟6.9亿收购天津松正 布局电动汽车零部件行业,正面的
龙宇燃油年报预增110%-146%,正面的
金能科技：投资10亿元设立青岛子公司,正面的
苏利股份拟10转2派5元 多家公司发布年报和一季报,正面的
延期回复问询函和关注函 莎普爱思继续停牌,正面的
振东制药：获耀翔瑞天举牌，持股达到5%,正面的
今天国际年报拟10转8派3元,正面的
当代东方：子公司2.94亿元收购河北当代49%股权,正面的
四川路桥：全资子公司中标101.88亿元施工总承包,正面的
联建光电：实控人等倡议员工增持，并承诺兜底,正面的
洁美科技年报净利增四成 拟10派1.6元,正面的
欢瑞世纪：合作成立10亿元欢瑞基金，投资电视剧游戏领域。,正面的
海螺水泥半年报预增90%-110%,正面的
岭南股份：联合中标7.9亿元生态文化园PPP项目,正面的
利亚德：控股股东一致人增持245万股,正面的
[天眼]深圳新星拟高送转遭问询 业绩下滑仍10转10派4 ,正面的
茶花股份：年报净利微增 拟10派2.5元,正面的
云天化：一季报预增214%,正面的
拓日新能：中标广西巴马 15MW 分布式光伏扶贫项目,正面的
环旭电子：出售友邦保险144万股股票，获益1104万元,正面的
王府井一季度净利4.54亿元 同比增长107.81%,正面的
方大集团获实控人增持107.97万股,正面的
*ST宏盛：暂停上市风险将解除 8日停牌一天,正面的
文科园林：实控人提议10转6派1元,正面的
宜昌交运：鄂旅投公司拟协议转让公司7.08%股份,正面的
北京科锐：配售新股获证监会核准,正面的
激智科技复牌继续推进现金购买资产事项,正面的
亿晶光电公告，股东勤诚达投资计划6个月内增持不超2%。,正面的
新文化股东上海银久承诺3个月内不减持限售解禁股,正面的
山东钢铁：拟发行股份购买莱钢永锋等公司相关股权，3月27日起停牌,正面的
北陆药业：拟收购阳光诺和不低于51%股权 明起停牌,正面的
国祯环保：联合预中标11.96亿元PPP项目,正面的
莎普爱思三日跌25%，控股股东补充质押993万股,正面的
中利集团：中立创投向中利控股转让464万股,正面的
华信新材：2017年净利微增，拟10转6派2元,正面的
东旭蓝天联合体中标25.77亿PPP项目,正面的
厦门钨业与加拿大公司签备忘录 合作开发石墨烯,正面的
华胜天成前三季度业绩预增650%,正面的
凤凰股份(600716-CN)参股的南京证券首发申请获通过,正面的
创业黑马：4月1日至今获得1012万元政府补助,正面的
南洋科技证券简称变更为“航天彩虹”,正面的
东旭蓝天：中标3.78亿元PPP项目,正面的
国际医学重组 剥离零售板块聚焦医疗 与阿里健康深度合作,正面的
通合科技 ：拟收购西安霍威电源100%股权，3月13日起停牌,正面的
力源信息预计2018年一季度归母净利润同比增长159%至176%,正面的
万达电影、复星医药的A股“朋友圈”都有谁？,正面的
东方航空：净利润为人民币63.52亿元 同比增长40.91%,正面的
天齐锂业：40.7亿美元收购6260万股SQM的A类股票,正面的
天山生物：去年扭亏为盈,正面的
东诚药业：拟1亿元至2亿元回购股份,正面的
创意信息：中标中国邮政银行2亿元采购项目,正面的
龙元建设：中标宁波“三路一桥”PPP项目,正面的
青岛啤酒:朝日集团66.17亿港元转让公司H股给复星集团,正面的
华自科技成为军队采购入库供应商,正面的
武进不锈：2018年净利预增57%左右,正面的
丹化科技大股东筹划重大事项 6月1日停牌,正面的
宜昌交运股东鄂旅投公司拟协议转让7.08%股份,正面的
欧菲科技：拟更名为“欧菲光”,正面的
*ST海润董事长及其配偶计划增持不少于1亿元,正面的
邦宝益智：拟4.4亿元收购玩具运营商美奇林100%股权,正面的
天邦股份拟斥资逾一亿元收购鲟龙科技23.8%股权 标的曾两度闯关IPO被否,正面的
山西汾酒年报预增40%-60%,正面的
科顺股份：拟出资9900万联合设立控股子公司深圳前海铂盾新材料股份有限公司,正面的
天创时尚上半年业绩预增60%-100%,正面的
赛隆药业一季度业绩预增303%-333%,正面的
恒逸石化：一季报预增44.41%-66.62%,正面的
光启技术：年报拟10转7派0.11元,正面的
森马服饰实控人及关联人1.3亿股减持计划期满未实施减持,正面的
天通股份一季报预增50%-60%,正面的
永创智能：定增获证监会审核通过,正面的
高新发展：联合预中标2.2亿元工程项目,正面的
暴风集团：2017年净利微增0.45%,正面的
华数传媒：签下“重组框架协议”,正面的
兴业证券业绩快报：净利同比增长13.01%,正面的
深圳能源：子公司拟1.72亿元收购赵县亚太燃气100%股权,正面的
天山股份：去年净利2.65亿 同比增166%,正面的
国泰君安：2018年12月母公司净利11.58亿元,正面的
远兴能源：一季报预增80.89%-98.98%,正面的
中国银行：2017年净利润1724.1亿元 同比增长4.76%,正面的
金种子酒：拟定增募资不超6.96亿元加码主业,正面的
龙星化工：正在筹划涉及购买资产的重大事项，12月19日起停牌,正面的
长亮科技：拟推不超2232万股股权激励,正面的
新凤鸣：发行可转换公司债券获发审委审核通过,正面的
联建光电：实控人倡议全员增持 承诺兜底,正面的
雅戈尔：预计一季度净利近百亿元，增幅近7倍,正面的
中航三鑫：将申报城市更新项目,正面的
和而泰：深圳国资平台旗下基金拟受让公司5.0248%股份,正面的
华域汽车年报拟10派10.5元 证金公司增持至4.1%,正面的
天圣制药：收到国家药监局签发的注射用氟氯西林钠《药品注册批件》,正面的
鲁信创投：减持华东数控415万股 收益超4400万元,正面的
中国铝业：拟127亿元收购4家子公司股权,正面的
韶钢松山2017年净利增长近24倍,正面的
金钼股份半年报扭亏,正面的
珠海中富：拟出售陕西中富100%股权 料获收益2875万元,正面的
北京文化：《战狼2》上映4天票房约9.83亿元,正面的
瑞康医药：拟2亿元至4亿元回购股份,正面的
华东电脑：拟收购实控人旗下信息服务业务，继续停牌,正面的
兴源环境：联合预中标7.5亿元PPP项目,正面的
27日利好公告：蓝晓科技签署5.78亿元重大合同(更新中),正面的
顺丰控股：2月份速运物流业务营收同比增长52.79%,正面的
通源石油拟1200万美元增资美国全资子公司,正面的
西水股份：天安财险前11月原保费收入138亿 同比增8%,正面的
金谷源27日起更名“藏格控股”,正面的
浙江富润半年报增长16倍,正面的
鞍重股份年报拟10转7派0.24元,正面的
通产丽星上半年业绩预增141%-181%,正面的
方大炭素：2018年净利预增50%-58%,正面的
川大智胜：获得国家科技进步二等奖,正面的
罗牛山：子公司与广州一马赛马有限公司签署合作协议,正面的
中央商场：拟不超1亿元回购股份 前三季度净利增长240%,正面的
上海建工：子公司竞得土地使用权,正面的
中国铝业去年净利大增274% 2018年行业“喜忧参半”,正面的
创意信息：拟发起成立5G实验室,正面的
恒立液压年报预增四倍,正面的
金字火腿停牌筹划收购制药行业标的资产,正面的
风语筑与芒果国际签署战略合作协议,正面的
东阿阿胶获华润医药投资增持至30%,正面的
新莱应材：拟2.6亿元收购山东碧海100%股权，完善产业链布局,正面的
【祥源文化：拟投资设立互联网阅读公司】,正面的
藏格控股拟14亿投建年产2万吨碳酸锂项目,正面的
百利电气控股股东拟混改 实控人或变更,正面的
永安林业：本次重大事项为筹划收购上佰电子商务股权，3月15日复牌,正面的
凤凰股份参股公司南京证券IPO获通过,正面的
国电投公布3.4GW光伏组件、3.85GW逆变器中标结果，亿晶光电等中标,正面的
格林美控股股东及实控人拟合计增持不超2%股份,正面的
星云股份：与比亚迪及其子公司签署设备采购合同,正面的
【首开股份：前两个月签约金额同比降低近五成】,正面的
润达医疗：拟11.37亿元收购5家医疗公司股权,正面的
恒大高新预计一季度扭亏为盈,正面的
新华都控股股东拟将10%公司股份转让至阿里巴巴成都及其一致行动人,正面的
南威软件：2018年净利预增67%-94%,正面的
金徽酒计划出资1200万参与设立消费金融公司,正面的
蓝思科技年报拟10转5派2.3元,正面的
中国武夷：承接4.15亿元坦桑尼亚项目,正面的
建投能源：拟发行可转债募资20亿元 投建两发电项目,正面的
首旅酒店：拟挂牌出售燕京饭店20%股权,正面的
中国天楹：重组标的资产为Urbaser公司100%股权,正面的
安徽水利：近期中标三个项目，中标额39.98亿元,正面的
温州宏丰：拟定增募资不超5000万元补血,正面的
天圣制药：子公司获得药品注册批件,正面的
京投发展：去年净利增10.77% 拟10派2元,正面的
通源石油：实控人增持公司3.47%股份，并拟继续增持,正面的
数据港中标常山云数据中心项目一期工程项目,正面的
美锦能源前三季度业绩预增逾119%,正面的
荣盛发展：实控人拟增持1%股份,正面的
海正药业：浙江省国资委同意公司以定增方式实施员工持股,正面的
福瑞股份拟收购优德医疗58.69%股权,正面的
东方雨虹：将在荆门市投资15亿元大建项目和基地,正面的
顺灏股份：授权管理层不超3亿元投资工业大麻项目相关事项,正面的
海联金汇：公司12.86%股份将解除限售,正面的
光洋股份实控人终止股份减持计划,正面的
太平鸟收到政府各类大额补贴合计5346.67万元,正面的
麦格米特：拟8.9亿元购买三家公司股权，4月19日复牌,正面的
方大炭素去年净利增18亿-21亿元 同比增长50%-58%,正面的
美力科技：拟1.8亿元收购上海科工，拓展汽车零部件业务,正面的
万马股份：子公司中标1366万元国家电网采购项目,正面的
万科A：地铁集团受让恒大所持万科股份获深圳国资委批复,正面的
吉电股份收购广东吉科新能源70%股权,正面的
中体产业：筹划重大资产重组，3月27日起停牌,正面的
A股掀起举牌小高潮 华夏人寿增持同洲电子至10%,正面的
【万华化学：控股股东拟进行公司分立及整体上市相关工作】,正面的
丰乐种业拟收购同路科技 标的公司此前曾两次下嫁荃银高科未果,正面的
国金证券：母公司2月净利4772.4万元,正面的
尚品宅配年报拟10转8派10元,正面的
好想你控股股东、董事、高管及部分核心员工拟增持不超1.19亿元股份,正面的
大华股份三季报预增25%-45%,正面的
荣之联：拟8.4亿元收购赞融电子100%股权,正面的
厦门港务：子公司拟斥资1.27亿新建仓库,正面的
电熔氧化锆涨价 三祥新材半年报增三成,正面的
新华都控股股东将10%股权转让至阿里巴巴成都及一致行动人，公司股票复牌,正面的
三峡新材：获批郑商所指定玻璃期货交割厂库,正面的
中煤能源年报净利增近两成，拟每股派0.055元,正面的
希努尔：筹划重大资产重组 明起停牌,正面的
赢时胜：三季报预增165%-175%,正面的
陕西煤业：2017年净利润104亿元,正面的
东华科技：签10亿工程承包合同,正面的
利德曼：拟不低于5000万元且不超过1亿元回购股份，回购价格不超过10元/股。,正面的
中国化学：前11月累计新签合同额845亿元,正面的
君正集团拟34.5亿收购中化物流 进军化工物流市场,正面的
泸州老窖年报拟10派12.5元 证金公司增持至1.74%,正面的
万华化学烟台工业园PDH装置复产,正面的
中国太保：两子公司前9月保费收入2311亿元,正面的
玲珑轮胎：拟2.5亿元至4亿元回购股份 用于员工股权激励,正面的
联创电子：一季报预增100%-150%,正面的
招商蛇口：与华为签订合作协议,正面的
浩丰科技年报业绩增长6.5% 推10股转28股派5元,正面的
正邦科技：实控人抛增持计划，金额不超2000万元,正面的
乐视网：贾跃亭提请股东大会增加两临时提案,正面的
棕榈股份与平远县签署战略合作框架协议书 总投资约80亿元,正面的
格力电器：董明珠全票当选董事长；表决通过2018年半年度利润分配预案，拟向全体股东每10股派发现金红利6元。,正面的
潮宏基：近13亿收购思妍丽74%股权 实现全资控股,正面的
中原环保：预中标7.61亿元PPP项目,正面的
北特科技：重组过会，1月11日复牌,正面的
中富通：控股股东增持1%，计划增持不超过总股本2%,正面的
星云股份年报拟10转10派1元,正面的
福田汽车2017年新能源汽车销量同比增76%,正面的
国光股份年报拟10转7派20元,正面的
通富微电：控股股东增持2%股份,正面的
平治信息一季度业绩预增92%-119%,正面的
[公司]三祥新材实控人拟增持2%-5%股份,正面的
恺英网络股东海通开元计划减持不超3.1%股份,正面的
藏格控股：孙公司藏格锂业提取碳酸锂试验成功,正面的
小康股份年报净利增四成 拟10派2.4元,正面的
广汇能源：甲醇等产品涨价 前三季度净利预增超四成,正面的
启迪古汉：控股股东增持 持股比例上升至25%,正面的
方大特钢：控股股股拟发行不超30亿元可交换债,正面的
京蓝科技子公司组成的联合体中标1.32亿元PPP项目,正面的
中材节能：签下总计2002.66万美元海外承包合同,正面的
鸿利智汇控股子公司收到政府补贴4233万元,正面的
绿城水务停牌筹划非公开发行股票事项,正面的
华域汽车：出售上海天合50%股权 收购萨克斯动力剩余股权,正面的
安科瑞：去年净利同比增18% 拟10转5派1元,正面的
特锐德：预中标9477万地铁项目,正面的
山河药辅：控股股东提议年报10转5派2元,正面的
保税科技控股股东计划增持1%-2%股份,正面的
平高电气：中标三个项目涉及总投资19.8亿元,正面的
山西汾酒一季报预增50%-60%,正面的
智飞生物：一季度净利润同比增长超3倍,正面的
数据港：与阿里巴巴合建数据中心，投资规模拟大幅增加,正面的
江南嘉捷澄清“遭举报”报道：360公司相关诉讼不会影响重组,正面的
华东重机：年报净利增344%，一季报增超23倍,正面的
通合科技停牌筹划收购西安霍威电源,正面的
宏达矿业控股股东及高管拟增持至少6.2亿元,正面的
中曼石油就伊拉克油气开发与洲际油气战略合作,正面的
荣盛发展：拟合计170亿元投建云台古镇及周边项目,正面的
鄂尔多斯：控股股东一致人拟增持1090万股-3000万股B股,正面的
江阴银行2017年度净利润8.1亿元 同比增长4.11%,正面的
江丰电子：自查完毕，11月23日复牌,正面的
大元泵业：去年净利同比增46% 拟10转4派6.5元,正面的
歌力思收购薇薇安谭时装股权,正面的
西泵股份：2017年净利2.4亿元 同比增长124,正面的
易事特：预计前三季度净利同比增长80%-110%,正面的
天沃科技：中标4648万元项目,正面的
保利地产：1-5月签约金额同比增长42.95%,正面的
迪安诊断公告，副总经理、董事会秘书王彦肖拟6个月内增持不低于100万元。,正面的
中海达：在北斗年会会议期间正式向全球发布“全球精度”系统HI-RTP,正面的
广汇能源：甲醇等产品涨价 前三季度净利预增超四成,正面的
伟隆股份年报拟10转7派3元,正面的
嘉化能源拟26.9亿元现金收购美福石化100%股权，3月7日复牌,正面的
全新好公告称，获朴和恒丰及其一致人举牌，持股达5%，拟继续增持。,正面的
山东墨龙(00568)称控股股东张恩荣质押股份不存在平仓风险,正面的
华平股份：控股股东增持获得可支配20%股份表决权，拟继续增持,正面的
百傲化学：年报拟10转4派2.5元,正面的
神州信息停牌拟筹划重大事项,正面的
卧龙地产：一季度营收及净利均增超3倍,正面的
江苏雷利：2017年度拟每10股转8股并派8元,正面的
世嘉科技：拟7.5亿元收购移动通信设备制造商波发特,正面的
中金岭南：非公开发行A股股票申请获核准,正面的
燕塘乳业：占总股本60.20%的首发限售股下周二解禁,正面的
通合科技：5000万元设立新公司 加码充电桩业务,正面的
艾比森业绩快报：2018年度净利同比增132%,正面的
万润科技一季度业绩预增70%-120%,正面的
酒鬼酒：年报净利同比增长62.18%，拟10派1.50元,正面的
中国神华：9月1日复牌,正面的
凯恩股份27亿收购锂电池公司卓能股份97.86%股权,正面的
中国中冶：2017年净利超60亿元 同比增13%,正面的
TCL集团公告，小米集团买入公司0.48%股份。,正面的
大同煤业斥资亿元合资设立投资公司,正面的
金鹰股份控股股东拟增持100-720万股,正面的
梅安森：年报营收翻倍，净利扭亏,正面的
焦炭炭黑纯苯涨价 金能科技半年报增488%,正面的
瑞丰高材公告，获江苏瑞元及一致行动人举牌，持股比达5%。江苏瑞元等不排除在12个月内继续增持公司股份。,正面的
东港股份：年报净利增5.91% 拟10派4元,正面的
电广传媒：与华为在智慧家庭、智慧城市等方面战略合作。,正面的
向日葵：拟出售部分光伏设备等资产,正面的
联络互动五名高管计划增持不低于1500万元,正面的
英科医疗：2017年拟10转10派1.5元,正面的
航锦科技控股股东引入战投 将拓展公司军工业务,正面的
美达股份控股股东拟增不超1.5%股份 股价已跌近四成,正面的
【快讯】大华股份：联合体预中标43.15亿元PPP项目,正面的
秦港股份(03369)年度归属股东净利润同比增163.81%至9.63亿元,正面的
徐工机械：预计一季度净利润同比扭亏为盈。,正面的
中国石油：控股股东无偿划转4.4亿股公司股给鞍钢集团,正面的
海通证券：母公司2018年12月净利9.43亿元,正面的
大通燃气2017年扭亏为盈 盈利1700万元-2500万元,正面的
西陇科学：继续推进收购宏啸科技股权 股票复牌,正面的
九洲药业年报拟10转8并派现,正面的
金洲管道：再获新晋大股东增持1%股份,正面的
香雪制药拟斥资不超1.3亿元回购股份,正面的
圣阳股份：转入重大资产重组程序继续停牌,正面的
口子窖：年报拟10派7.5元，一季度净利同比增长37.2%,正面的
棕榈股份中标1.63亿元河道治理工程项目,正面的
腾信股份实控人拟变更,正面的
亿联网络：去年净利润同比增36.65% 拟10转10派16元,正面的
利尔化学2017年度净利润同比增长93%,正面的
星云股份：与比亚迪及其子公司签署设备采购合同,正面的
合众思壮九名公司管理人员拟增持不少于1.2亿元,正面的
苏宁环球：回购公司股份比例达1%,正面的
远望谷：近10亿元收购两家公司股权，5月24日复牌,正面的
众兴菌业：回购计划实施完毕 耗资约1亿元,正面的
保利地产：一季度签约金额869亿元 同比增51%,正面的
*ST海润半年报亏损5亿,正面的
龙泉股份实控人鼓励员工增持 且承诺兜底,正面的
启迪桑德：联合体预中标22.03亿元PPP项目,正面的
仙坛股份：一季报预增79.21%-126.37%,正面的
阳泉煤业：上半年净利同比增逾9倍,正面的
民生银行被迫修改分红预案 这6股的派现几乎都缴税了,正面的
胜利精密拟4.76亿收购硕诺尔,正面的
阳泉煤业：年报净利预增265%至300%,正面的
东山精密：净利润同比增长260.13%,正面的
哈工智能：拟收购易科机器人49%股权 参设并购基金,正面的
天山股份：对子公司阜康天山以债转股方式进行增资,正面的
上海能源半年报增三成,正面的
深天马A拟收购美国天马78.1%股权,正面的
顺络电子：拟45亿元投建新型电子元件及精密陶瓷项目,正面的
三聚环保：王亚伟或清仓报道不实，4月17日复牌,正面的
广东榕泰拟收购5G数据中心企业能通科技股权,正面的
红太阳：产品价格高位运行 前三季净利预增超12倍,正面的
方大集团2017年轨交屏蔽门项目签约逾7亿元,正面的
华昌化工：原料结构调整技术改造项目二期投产,正面的
南京银行：参股公司首发申请获通过,正面的
三棵树拟6亿至10亿元在河北博野经济开发区投建项目,正面的
三峡水利：股东增持2183万股,正面的
星云股份2017年度分配拟10转10派1元,正面的
天虹股份：去年净利同比增37% 拟10转5派4.5元,正面的
瑞特股份年报拟10送6派2.5元,正面的
年报拟10转10派1元 星云股份涨停,正面的
安徽水利：子公司中标蒙城县13.63亿元PPP项目,正面的
中南建设：拟逾7亿元受让控股股东部分房地产业务子公司股权,正面的
利亚德子公司联合体中标5.21亿元照明工程,正面的
海王生物：员工持股计划买入3830万股,正面的
亿联网络年报拟10转10派16元,正面的
阳光城：子公司拟31.85亿元收购地产企业 获广州天河近10万平米住宅用地使用权,正面的
中国石油中期派息率100%,正面的
安琪酵母：预计前三季度净利同比增长50%-70%,正面的
东方电子：中标9814万元国网招标项目,正面的
华立股份：拟5.16亿元投建装饰复合材料生产项目,正面的
康斯特实控人计划增持150万股公司股票,正面的
康盛股份：拟14.8亿元收购两家新能源客车公司,正面的
中南建设中标21.7亿元棚户区改造项目,正面的
思美传媒：拟2.5亿元-5亿元回购公司股份,正面的
安徽水利：全资子公司安徽三建、路桥集团和安建建材拟引进中安资产进行增资并实施市场化债转股，合计增资10.9亿元。,正面的
碧水源：中标48.45亿元PPP项目,正面的
南华仪器：拟回购4600万元-9600万元股份,正面的
纵横通信：预中标中国移动5亿元采购项目,正面的
国盛金控：拟回购1亿元-5亿元股份，价格不超22元/股。,正面的
弘信电子：2018年净利预增六至九成 拟10转7派2.5元,正面的
中钢国际一季度预盈9500万元-1.05亿元,正面的
金山股份拟建9.5MWP光伏发电项目,正面的
京汉股份：正实施重组事项，9月12日起停牌,正面的
法拉电子年报净利增9% 拟10派12元,正面的
东旭蓝天：联合中标逾10亿元生态旅游扶贫PPP项目,正面的
燕京啤酒获重阳系举牌 持股达5%,正面的
大族激光：发行可转债申请获证监会核准,正面的
华凯创意子公司签1.07亿元重大工程承包合同,正面的
克明面业：拟逾15亿元投建面粉面条生产线,正面的
先导智能年报拟10转10派2.3元 多家公司发布业绩快报,正面的
本钢板材：年报净利预增1倍,正面的
恺英网络：正与英雄互娱进行区块链项目合作洽谈,正面的
五粮液：去年净利96亿元同比增43% 拟10派13元,正面的
丹化科技大股东筹划重大事项 或导致公司控制权变更,正面的
重庆百货年报净利增长45%，拟10派6元,正面的
太平鸟收到政府各类大额补贴合计5346.67万元,正面的
龙元建设：预中标约3亿元PPP项目,正面的
好莱客三高管未减持股份并终止减持计划,正面的
路畅科技预中标1.8亿元中国移动采购项目,正面的
君正集团：正筹划重大事项或涉重组，12月15日起停牌,正面的
新世界半年报预增10倍,正面的
宁波港：拟30.13亿元对价收购舟港股份85%股份,正面的
巨力索具：签下卡塔尔项目合同，合同价约1.91亿元人民币,正面的
利源精制董事长拟增持5000万元至1亿元,正面的
久立特材：中标白龙核电项目,正面的
凯恩股份：拟签署锂矿石方面合作协议 明日起停牌,正面的
积成电子获山东省国有资产投资控股公司举牌 持股达5%,正面的
天宇股份：预计2018年盈利同比增54.72%-79.67%,正面的
宏达矿业等公司重要股东计划增持,正面的
汉鼎宇佑：拟回购不超2亿元股票用于股权激励,正面的
南方汇通：中标10.63亿元水处理工程运营项目,正面的
万业企业半年报业绩增长2426%,正面的
冀凯股份第二大股东增持695万股 成为公司第一大股东,正面的
新天然气拟要约控股亚美能源 先决条件均已获达成,正面的
奥瑞金获7名董监高合计增持155.71万股,正面的
上海洗霸：中标大众汽车水处理等业务,正面的
信雅达：累计减持财通证券1180万股 料获收益逾7148万元,正面的
顺灏股份：授权管理层不超3亿元投资工业大麻项目相关事项,正面的
皇庭国际：拟2亿元至3亿元回购股份,正面的
东北制药：非公开增发9493万股新股获核准,正面的
鸿博股份：“快乐十分”视频型彩票游戏正式上市,正面的
新兴铸管：年报净利预增123%-173%,正面的
光迅科技：拟定增募资不超10.2亿元,正面的
名家汇：年报净利预增70%-100%,正面的
吉电股份电价上调 增收430万元,正面的
高新发展：联合预中标2.2亿元工程项目,正面的
名家汇：2018年净利预增78.51%-96.36%,正面的
城投控股：2.32亿元参与建科院增资项目,正面的
星普医科：拟不超过6亿元收购民营医院，继续停牌,正面的
海南瑞泽：子公司大兴园林联合中标邕江8.47亿元PPP项目,正面的
复星医药2017年净利润31.2亿元,正面的
克明面业：拟逾15亿元投建面粉面条生产线,正面的
瑞康医药：拟回购2亿元-4亿元股份,正面的
广汇能源：2017年净利润同比增2.2倍，证金公司小幅增持,正面的
华能水电年报预增逾3倍,正面的
永兴特钢：成功研制并批量销售超大直径锻制不锈钢无缝管坯,正面的
岭南股份拟10转13派1.75元 多家公司发布年报,正面的
中核钛白：拟收购合志新能源35%股权 进入锂电池行业,正面的
传艺科技停牌筹划重大资产重组事项,正面的
浦东建设：中标8亿项目,正面的
金鸿控股实控人拟继续增持 员工持股计划完成股票购买,正面的
维宏股份：2017年拟推10转6派2.4元,正面的
杰瑞股份：与美国商务部工业安全局签署和解协议,正面的
环旭电子：出售腾讯控股、中国平安股票 确认投资收益约1.24亿元,正面的
新元科技：重大资产重组获通过 20日复牌,正面的
深圳华强：控股股东拟在河北未来3-5年投资600亿元,正面的
得利斯：收购Riverstone山东生猪养殖业务及资产,正面的
三祥新材控股股东提议年报10转4派1.5元,正面的
德尔股份：年报净利预增20.32%-35.81%,正面的
特力A：拟出售深圳兴龙机械模具43%股权,正面的
君正集团年报净利增36% 证金公司增持至4.9%,正面的
龙元建设中标迁建工程PPP项目 总投资13.23亿元,正面的
柯利达：中标3.46亿元重大工程,正面的
*ST嘉陵拟5.1亿出售资产,正面的
粤电力A上网电价上调 将增厚净利4375万元,正面的
杉杉股份年报拟10转10并派现 净利大增九成,正面的
华昌化工：原料结构调整技术改造项目二期投产,正面的
ST山水：获第三股东森特派斯举牌，持股达10%,正面的
联美控股：拟参与受让信达财险13.33%股权,正面的
龙蟒佰利业绩快报：净利同比增长463.95%,正面的
宁波韵升年报拟10转8派3元 投资收益大降,正面的
金新农公告，粤港澳大湾区联合控股公司指定方将成公司新控股股东。,正面的
江苏银行：股东凤凰集团增持1209万股,正面的
鲍斯股份停牌筹划收购资产事项,正面的
光一科技：预中标国家电网3121万元招标项目,正面的
三棵树：拟投资约6-10亿元新建“新型建材生产（含涂料）项目”,正面的
中国平安公告称，公司定于11月20日举行2017投资者日，并就《平安“金融+科技”双驱动战略》、《平安寿险价值深度解析（二）》、《科技提升传统金融价值》及《从平安到平台：科技创新赢未来》作出报告。,正面的
川大智胜：获得国家科技进步二等奖,正面的
晨鸣纸业(01812)为剥离非核心业务拟引入长城国瑞为战略合作方,正面的
云南旅游：中标赤峰市14.63亿元EPC总承包工程,正面的
新湖中宝：拟以总计4.96亿元出让两公司股权,正面的
华策影视：副总裁拟增持1.57%股份,正面的
富祥股份：年报拟10转10派5元,正面的
华峰超纤：2017年拟10转8派0.5元,正面的
英科医疗：2017年净利润预增63%至74%,正面的
三维工程：预计2017年净利同比增长380%-410%,正面的
启明信息上半年净利润同比增长近4倍,正面的
八一钢铁年报：2017年拟10转10,正面的
新华网：股价异动 不存在应披露未披露重大信息,正面的
*ST海投：筹划重大资产重组 明起停牌,正面的
东风科技拟吸收合并东风汽车零部件集团,正面的
刚刚宣布！国民技术拟80亿元投建化合物半导体生态产业园,正面的
欧派家居：拟发行不超18亿元可转债加码主业,正面的
洲明科技：拟2.53亿收购照明工程企业清华康利,正面的
石大胜华：股东北京哲厚将获1652万股公司股份，承诺不减持,正面的
胜利股份：三季报净利预增284.60%-333.32%,正面的
唐德影视 ：《赢天下》首映权授予两家电台，合计授权许可费4.6亿,正面的
众合科技：与阿里云签署合作框架协议,正面的
红阳能源股价持续下挫 控股股东拟增持不超1亿元,正面的
建研集团:获福建隆顺祥二度举牌 持股达10%,正面的
中金环境：629位员工响应增持倡议 合计增持1.3亿元,正面的
美诺华：签重组框架协议，拟并购宏元药业股权,正面的
中金环境停牌筹划发行股份购买资产事项,正面的
兴森科技参投大硅片项目 获国家队定向增资,正面的
立讯精密：向上修正2018年度业绩预告区间至55%-65%,正面的
辉煌科技中标1.57亿元郑州轨道交通项目,正面的
海航基础：海航地产拟19.33亿元出售资产,正面的
青松股份控股股东、实控人变更为杨建新,正面的
京蓝科技：中标9.98亿元PPP项目,正面的
中国平安：前9个月原保险合同保费收入近5000亿,正面的
海通证券：母公司4月净利润4.5亿元,正面的
光洋股份：实控人终止减持计划,正面的
首创股份：联合预中标13.87亿元海绵城市建设项目,正面的
法尔胜：筹划重大资产收购，3月23日起停牌,正面的
聚光科技一季度业绩预增115%-145%,正面的
晨鸣纸业：拟剥离非核心业务 引入长城国瑞证券为战略合作方,正面的
中信银行2017年实现净利426亿 每股分红0.26元,正面的
金杯汽车：前10月汽车销量同比下降14.54%,正面的
欣龙控股年报预增103%-118%,正面的
恒立液压：年报拟10转4派2.2元,正面的
安通控股：股东拟公开转让10.26%股权,正面的
恺英网络年报拟10转5派1.2元,正面的
上海电力重组获无条件通过 22日复牌,正面的
百川股份：员工持股计划买入2621万股 完成股票购买,正面的
安凯客车：获8.48亿元新能源汽车推广补贴款，改善现金流,正面的
赛轮轮胎：2018年净利预增102%左右,正面的
元隆雅图一季报净利预增50%-100%,正面的
华泰证券：母公司8月净利3.17亿元,正面的
鱼跃医疗设立德国子公司 进军欧美市场  鱼跃医疗2015年净利同比增逾2成,正面的
凌云股份成为北京奔驰指定车型电池壳/盖项目供应商,正面的
兴森科技公告，部分董事、高级管理人员拟6个月内增持不超800万元。,正面的
华金资本：拟参与华金证券增资扩股 后者拟备战IPO,正面的
中曼石油：签订1.44亿元人民币的巴基斯坦项目合同,正面的
华工科技拟募资18亿加码激光智能装备,正面的
中信重工：两家下属公司拟4亿元参与中信财务增资,正面的
海通证券：因违反《证券公司融资融券业务管理办法》被罚255万元,正面的
南极电商：控股股东拟6个月内增持不超1亿元,正面的
阳泉煤业半年报增九倍,正面的
光线传媒：一季度净利增长近10倍，获超18亿元投资收益,正面的
岱勒新材：年报净利增183% 拟10派3元,正面的
海特高新：出资3亿元设立天津子公司,正面的
东旭蓝天：联合体中标10.07亿元PPP项目,正面的
安徽水利：中标蒙城县PPP项目,正面的
顺丰控股(002352.SZ)拟回购2亿-4亿元股份实施员工激励,正面的
双良节能：实控人拟继续增持1000万元-3000万元,正面的
正邦科技：实控人抛增持计划 金额不超2000万元,正面的
鸿特科技公告，控股股东硕博投资拟将其持有的公司5.68%股份，以33.86元/股的价格转让给周展涛。,正面的
江丰电子自查工作完成 23日起复牌,正面的
利源精制：董事长拟增持5000万元-1亿元,正面的
旺能环境：年报净利增长七成 拟10转7派2.5,正面的
星云股份：2017年拟10转10派1元,正面的
中信建投拟定增募资不超130亿元加码主业,正面的
海兴电力：预中标国家电网设备招标项目,正面的
延长化建：签重组框架协议，拟并购北京石油化工工程公司,正面的
德尔股份拟投资7.1亿元扩产,正面的
东方电缆：2018年预盈1.7亿元 同比增约240%,正面的
深华发A：控股股东拟增持不少于280万股，11月29日复牌,正面的
康泰生物：13价肺炎球菌结合疫苗Ⅲ期临床试验数据完成揭盲,正面的
新开源：新开源生物获收购项目备案通知书,正面的
三六零：三六零科技有限公司100%股权过户至上市公司,正面的
泰禾集团：全资下属公司以2.1亿元受让轩龙置业45,正面的
【优博讯：2018年净利预增140%至170%】,正面的
方正电机控股股东提前终止减持计划,正面的
腾达建设：中标1.1亿元施工工程,正面的
东诚药业拟1亿元至2亿元回购股份,正面的
天山股份：对子公司阜康天山以债转股方式进行增资,正面的
奥维通信：瑞丽湾拟受让27.95%股份上位大股东 31日复牌,正面的
岭南股份：拟10转13派1.75元,正面的
延长化建：拟16.1亿元收购北油工程100%股权,正面的
【泰合健康：2017年净利同比增108% 拟10送3派0.8元】,正面的
国元证券非公开发行A股股票申请获通过,正面的
三维通信：拟11亿元收购移动广告商巨网科技81.48%股权,正面的
丽鹏股份：睿畅投资取得公司18.6%表决权，并拟再增持至少5%,正面的
智飞生物业绩快报：2017年净利增逾12倍,正面的
安徽合力：年报净利超4亿 拟10派5元,正面的
中核钛白(002145.SZ)：各型号钛白粉售价每吨国内上调500元  出口上调100美元,正面的
通光线缆董事增持公司股份40.5万股,正面的
当代明诚：拟回购8000万元-1.6亿元股份,正面的
智光电气与阿里云签署战略合作框架协议,正面的
威孚高科拟投资Protean公司 提高新兴市场竞争力,正面的
东方网络停牌筹划重大事项,正面的
万泽股份：明日起复牌 继续推进重大资产重组,正面的
新文化拟不超1亿元投资电影《美人鱼2》,正面的
三毛派神半年报增逾两倍,正面的
荣盛发展：5月签约金额同比增长62.62%,正面的
珠江啤酒年报：2017年拟10转10派1元,正面的
藏格控股：孙公司提取碳酸锂试验成功,正面的
易联众：获微医集团举牌 或继续增持,正面的
益生股份：部分高管合计增持279万股,正面的
恒康医疗：停牌系筹划定增 另拟30亿现金收购医疗服务公司股权,正面的
水星家纺年报净利增3成，拟10派5元,正面的
数据港：与阿里近13亿合同不存在倒签情况,正面的
贝通信：中标中国移动湖北公司项目5885万元,正面的
泰合健康拟4.3亿元出售业康置业100%股权 15日复牌,正面的
蓝晓科技：签署5.78亿元重大合同,正面的
新宙邦拟与亿纬锂能成立合资公司投建锂电池电解液及半导体化学品项目,正面的
高质押控股股东拟转让24.7%股权 金新农控制权或生变,正面的
中润资源：杭州汇成受让7.09%股份,正面的
京东方A：签署苏州产业园项目投资框架协议 首期项目总投资约40亿元,正面的
葛洲坝：2017年新签合同额2260亿元 同比增5.83%,正面的
当代明诚停牌筹划重大事项,正面的
亚翔集成：中标逾7亿元工程项目,正面的
宏图高科重组标的曝光 拟并购中信金融租赁,正面的
安阳钢铁年报净利增长1199%,正面的
联得装备：三季报净利预增86.99%-93.59%,正面的
兴瑞科技：2018年度分配拟10转6派3元,正面的
滨江集团：去年净利超17亿元 同比增两成,正面的
星徽精密：15.3亿收购跨境电商泽宝股份 明日复牌,正面的
钱江水利：控股股东拟溢价20%收购10%股份 明日复牌,正面的
鲁北化工：控股股东拟混改引入战略投资者，4月11日复牌,正面的
正泰电器：董事陆川完成增持计划,正面的
通光线缆董事增持公司股份40.5万股,正面的
与比亚迪及其子公司签署设备采购合同 星云股份涨停,正面的
美达股份拟20亿投建聚酰胺新材料项目,正面的
[公司]现代制药拟公开发行不超过20.35亿元可转债,正面的
景峰医药：子公司安非他命混合盐获得美国ANDA批准文号,正面的
欧浦智网上半年净利润同比增长116%,正面的
坤彩科技：预计2018年净利同比增50%-60%,正面的
中天科技：与子公司各中标一项目，中标总价8.5亿元,正面的
大族激光一季度净利润同比增长141%,正面的
交通银行2017年净利702.23亿元 同比增长4.48%,正面的
和晶科技引入战投荆州慧和，今日复牌,正面的
银轮股份：公司被确定为通用CSS625T平台水空中冷器定点供应商,正面的
铜陵有色年报预增183%-222%,正面的
朗科科技：上海宜黎将成为公司第一大股东,正面的
神州泰岳：两家子公司各中标一项目,正面的
我武生物：2018年一季度净利润预增25%-45%,正面的
中海达披露九寨沟地震影响：拟收购公司参股项目场地设施未损坏 无人员伤亡,正面的
长安汽车:与平安等银行合作 发起千亿级汽车产业基金,正面的
东方雨虹：拟向安徽投33.8亿建天鼎丰集团总部和产研基地,正面的
顺发恒业年报：净利同比增长108.85%，拟10派3.1元,正面的
汇通能源：拟出资2.3亿元参与设立青岛蓬晖股权投资合伙企业,正面的
广信材料：拟3000万增资揽入航盛新能源60%股权,正面的
晋亿实业：预计2017年净利润1.41亿元-1.68亿元,正面的
【老百姓：拟1.17亿元重组收购江苏新普泽51%股权】,正面的
*ST尤夫：航天科工投资拟收购公司控股股东股权,正面的
金石资源：2018年净利预增70%到90%,正面的
人福医药集团股份公司关于控股股东增持股份计划公告,正面的
广发证券：母公司2018年净利37.23亿元,正面的
国药股份：年报净利增15% 拟10派4.5元,正面的
浙江医药一季报预增逾18倍 因维生素涨价,正面的
新纶科技签PI项目合作协议 布局柔性显示关键材料产品,正面的
八菱科技拟回购不超过3亿元公司股份,正面的
凯撒文化：预计2018年一季度盈利同比增长50%-70%,正面的
万达电影：控股股东已耗资亿元增持股份,正面的
南天信息实控人筹划重大事项 23日停牌,正面的
长缆科技 ：2017年拟10转4派1.5元。,正面的
博天环境：联合中标约47.87亿元PPP项目,正面的
镇海股份：中标5.5亿元EPC项目,正面的
山东路桥：中标5.58亿元PPP项目,正面的
金诚信：与澳大利亚私募股权签合作，共同合作开发金属矿,正面的
超华科技：收到设备购置奖励金 预计增厚利润近705万元,正面的
深圳惠程：获控股股东累计增持5%股份,正面的
华宇软件董事长增持40.34万股公司股份,正面的
新宁物流上半年净利润同比增长642.11%,正面的
科陆电子与LG化学拟合资设立新能源科技公司,正面的
久其软件：拟雄安新区设子公司，响应“数字雄安”需求,正面的
西王食品：前三季净利同比预增59%至76%,正面的
元隆雅图一季度业绩预增50%-100%,正面的
博世科：一季报预增262.05%-291.74%,正面的
隆华科技：实控人拟向河南高创转让5.46%股份,正面的
当代东方拟收购当代陆玖49%股权 23日复牌,正面的
永太科技：全资子公司通过美国FDA现场检查,正面的
丽鹏股份：子公司联合体中标9.6亿景观建设项目,正面的
保利地产：前11月签约金额3682.91亿元 同比增长34%,正面的
招商轮船：2018年净利预增84%-104%,正面的
中葡股份：拟27亿收购国安锂业 布局新能源领域,正面的
圆通速递联合中标香港机场高端物流中心项目,正面的
永兴特钢：受让合纵锂业11.47%股权 拓展新能源领域业务,正面的
万科A：深铁受让恒大所持公司股份获深圳国资委批复,正面的
星辉娱乐：倡议增持期间84名员工增持,正面的
德尔未来：拟6.05亿元对价收购两公司股权,正面的
吴江银行2018年业绩快报：净利润达8亿 同比增近10%,正面的
通鼎互联控股股东累计增持1.07%股份,正面的
山西汾酒：一季报预增50%-60%,正面的
华东电脑：拟收购实控人旗下信息服务业务,正面的
阳谷华泰：半年报预增155%至185%,正面的
中化国际：拟获注大股东逾17亿元资产，预计提升当期净利2.58亿元,正面的
3家公司临停 大通燃气拟筹划重大资产重组,正面的
中远海控上半年扭亏 预计盈利约18.5亿元,正面的
中国建筑：近期获得295亿元重大项目,正面的
老白干酒：一季度净利同比增八成 中高档白酒销量增加,正面的
风语筑：2017年净利1.66亿元，拟10转10派8元,正面的
和而泰与青岛海信签署战略合作协议,正面的
联创互联：2017年净利预增71%-91%,正面的
思源电气获上海承芯举牌,正面的
海澜之家：拟公开发行不超30亿元可转债,正面的
雅本化学：实控人累计增持近1136万股，占总股本2.12%,正面的
5大券商一季度营收超20亿 华泰证券又亮了！,正面的
恺英网络全资子公司与盛大游戏子公司签订战略合作协议,正面的
回天新材：控股股东股票质押流动性风险解除 公司所涉纾困项目终止,正面的
武进不锈：实控人之一提议新分红方案 拟10派3.16元,正面的
五粮液：一季报净利同比增长38.35%,正面的
南方航空：拟同时定增A股和H股募资买飞机及补血,正面的
中南传媒：年报净利同比降16% 拟10派6元合计派现10.78亿,正面的
中体产业停牌筹划重大资产重组事项,正面的
*ST中基预计前三季净利同比扭亏,正面的
捷成股份:红海行动票房21亿 公司获营收不低于4000万,正面的
美达股份：控股股东计划增持不超1.5%股份,正面的
交通银行：墨尔本分行正式开业,正面的
苏宁环球：回购公司股份比例达1%,正面的
陆家嘴：13.14亿元竞得陆金发11.8%股权,正面的
锦龙股份原董事长涉单位行贿罪被判刑,正面的
合众思壮：联合中标逾10亿元PPP项目,正面的
名家汇：员工持股计划完成股票购买，累计买入3.17%股份,正面的
东方海洋：定增获通过,正面的
盈峰环境：拟超145亿元收购中联环境100%股权,正面的
 视源股份：2017年营收超百亿 拟10转6派6元,正面的
三峡新材：三季报净利预增1088%-1231%,正面的
艾迪精密：年报拟10转4.8股派2.5元,正面的
森马服饰：拟8.44亿间接收购欧洲童装企业Kidiliz集团,正面的
永兴特钢：将在江西宜丰投建锂电项目，一期投入约10亿元,正面的
仙鹤股份：拟近10亿元投资高档特种纸项目,正面的
中兴通讯：公司管理层已决定采取相关美国法律下可采取的与美国政府命令相关的某些行动，股票继续停牌,正面的
中水渔业：前三季度扭亏为盈,正面的
恒逸石化：拟41.92亿元收购三家公司100%股权，暂不复牌,正面的
唐人神：董事会同意签3.5亿元投资协议书,正面的
新凤鸣：拟40亿元投建PTA项目 延伸产业链,正面的
盈趣科技：获得“国家技术创新示范企业”认定,正面的
泛海控股获控股股东增持123万股 拟继续增持,正面的
斯莱克：拟推360万份股权激励,正面的
东风汽车：收到2.7亿元新能源汽车推广补助,正面的
内蒙华电：一季度预计扭亏为盈,正面的
宝泰隆半年报预增140%-156%,正面的
中信银行2017年净利426亿同比增2.25%，发力零售转型,正面的
蒙草生态联合体中标114亿PPP项目,正面的
环旭电子出售腾讯控股、中国平安股票 确认投资收益约1.24亿元,正面的
明日上市公司停复牌：辅仁药业重大资产重组获通过,正面的
中国铁建：联合中标近123亿元PPP项目,正面的
恒华科技：2017年净利同比增五成，拟10转10派2元,正面的
西部创业终止筹划控制权变更事项,正面的
嘉寓股份：中标1.92亿光伏扶贫电站项目,正面的
招商公路与部路网中心、外运长航战略合作,正面的
招商证券：4月母公司净利2.21亿元,正面的
海格通信子公司中标中移动多地服务项目,正面的
跨境通总经理计划增持不低于5000万元股份,正面的
片仔癀：4999万港元增资片仔癀电商国际贸易香港公司,正面的
天虹股份：去年净利同比增37% 拟10转5派4.5元,正面的
太平鸟：首次回购股份27.33万股,正面的
中润资源：杭州汇成受让7.09%股份,正面的
浙江富润：收到参股公司分红款约2289.91万元,正面的
新华锦控股股东及一致行动人计划增持0.5%-5%股份,正面的
中联重科：30亿元增资中联资本，助推产业转型升级,正面的
香雪制药：拟斥资不超1.3亿元回购股份,正面的
苏州高新拟置出代建及酒店资产 置入节能环保资产,正面的
当代明诚：获得巴黎圣日耳曼足球俱乐部独家市场营销权,正面的
永利股份：预计三季报同比增长130%-160%,正面的
方大集团：实控人增持118万股，未来拟继续增持,正面的
软控股份：与eCobalt公司就合作达成一致意见，2月23日复牌,正面的
方大炭素第三季度赚16亿？ 私募表示长期不看好,正面的
绿盟科技：股东正筹划股权转让重大事项，1月30日起停牌,正面的
昆仑万维：累计出售趣店股票255.2万股，获益约1.23亿元,正面的
川环科技年报净利增长35% 拟10转10派10元,正面的
锦富技术：拟15亿投建奥英光电新型显示器件及背光模组项目,正面的
新和成：一季报净利同比增长544.56%，半年报预增280%至330%,正面的
贵州茅台：2017年净利润271亿元 同比大增61.97%,正面的
乐凯新材：年报每10股派发4元,正面的
东软载波：上半年净利小幅下滑，证金公司现身股东名单,正面的
我武生物：2017年度业绩预增40%-50%,正面的
凯恩股份：拟27.22亿元收购锂电池公司卓能新能源97.88%股权,正面的
游族网络抛出超3亿元回购计划：称股价不能正确反映公司价值,正面的
华夏幸福：公司部分董事及高管拟增持5500万元,正面的
长江证券：第一大股东增持541.7万股，拟继续增持,正面的
东诚药业拟斥资1亿至2亿元回购公司股份,正面的
*ST双环：预计2018年扭亏，赚1.3亿元-1.9亿元,正面的
美国已将中兴通讯(00763)从禁止出口人员清单中移除,正面的
百利科技：签订4.98亿元合同,正面的
濮耐股份：拟定增7.57亿投向氧化镁项目，4月9日复牌,正面的
合众思壮 ：参股公司签6.92亿委托加工合同,正面的
威孚高科：年报拟10派12元,正面的
常青股份：拟投资15亿建设汽车配件生产项目,正面的
盈峰环境：拟超145亿并购中联环境 明日起停牌,正面的
康泰生物13价肺炎球菌结合疫苗Ⅲ期临床试验数据完成揭盲,正面的
中国国旅要在海口开免税店 向国旅投资增资15亿拍地,正面的
金通灵上半年业绩预增93.21%-113.09%,正面的
鲁西化工：己内酰胺二期项目投产,正面的
国轩高科：董秘增持13万股,正面的
四川双马：9月12日复牌，与360借壳无涉,正面的
史丹利2015年净利增25% 拟10派2转10,正面的
龙建股份：2017年业绩预增近4倍,正面的
长城影视：拟1.68亿元收购马仁奇峰64.5%股份,正面的
国祯环保：中标供排水及管网设施PPP项目,正面的
中国农业银行：银保监会原则同意公司非公开发行A股,正面的
财通证券：2017年营收、净利双双下滑,正面的
中核科技：预计2018年净利同比增113.19%-137.88%,正面的
光迅科技：非公开发行股票事项获证监会核准,正面的
中兴通讯公告将采取“与美国政府命令相关的行动” ，股票继续停牌,正面的
永东股份一季度业绩预增48.27%-81.51%,正面的
兴源环境：联合中标9.14亿元PPP项目,正面的
永东股份上半年业绩预增逾3倍,正面的
渤海轮渡入选辽宁首批国企混改员工持股试点名单,正面的
天域生态：中标16亿工程项目,正面的
龙元建设预中标逾4亿元PPP项目,正面的
融钰集团：董事长拟斥资5亿至10亿元增持股份,正面的
恺英网络：公司正与英雄互娱进行区块链项目投资事项的洽谈工作,正面的
欧菲科技：拟更名为“欧菲光”,正面的
科达股份：公司实际控制人发生变更,正面的
双汇发展：一季报净利同比增长21.09%,正面的
安图生物半年报增长三成,正面的
万科A：广信房产资产包完成交割,正面的
三垒股份：控股子公司33亿收购早教机构美杰姆,正面的
龙元建设：预中标奎文区教育基础设施PPP项目,正面的
江淮汽车公告称，控股股东江汽控股增持75万股。,正面的
超图软件：前三季度业绩预增86%-115%,正面的
晶盛机电中标8.58亿元项目,正面的
兆易创新拟17亿元收购同行上海思立微100%股权,正面的
重组事项获得有条件通过 通合科技复牌涨停,正面的
杰恩设计拟10转15派15元,正面的
长航凤凰预计前三季扭亏为盈,正面的
中国天楹：中标陕西杨凌一设备采购项目,正面的
龙净环保：实控人将变更为吴洁,正面的
融钰集团：拟收购中远恒信51%股权 业务拓展至私募投资领域,正面的
欢瑞世纪拟联合投资拍摄电视剧《鬼吹灯》,正面的
荣晟环保：年报预增两倍 受益造纸业景气度提升,正面的
三祥新材：实控人拟增持2％-5％股份,正面的
华扬联众：正在筹划收购海南龙帆广告有限公司股权,正面的
天健集团：子公司联合中标逾12亿元PPP项目,正面的
万盛股份：部分阻燃剂在全球范围内上调销售价格,正面的
众应互联：拟以资产置换方式收购瀚德信用45%股权,正面的
红豆股份：与京东将在无界零售领域战略合作,正面的
中国联通称股东大会通过非公开发行A股议案,正面的
永兴特钢子公司投建锂电新能源材料项目,正面的
围海股份中标1.59亿元防洪工程项目,正面的
文投控股：《唐人街探案2》预计给公司带来3000万元左右利润,正面的
招商证券：母公司2018年12月净利5.35亿元,正面的
软控股份：与eCobalt公司就合作达成一致意见，2月23日复牌,正面的
红豆股份：就无界零售与京东签署战略合作框架协议,正面的
康普顿网上发行中签号出炉 共22500个,正面的
隧道股份：中标逾30亿元海外项目,正面的
深圳惠程：获控股股东累计增持5%股份,正面的
福田汽车前二月新能源车产销大增,正面的
泛海控股：控股股东拟1亿至2亿元增持股份,正面的
潜能恒信：与石油大学签订人工智能研究中心共建协议,正面的
新钢股份：一季报净利同比增长219.74%,正面的
津膜科技：联合体中标9300万元PPP项目,正面的
拓日新能：中标1.1亿元光伏施工总承包项目,正面的
友邦吊顶：实控人拟增持约2000万元公司股份,正面的
海航投资：重组标的为医疗及大健康资产 或涉关联交易,正面的
亚星化学：控股股东转让13.2%股份，合虚实业成第一大股东,正面的
药石科技：股价涨幅较大，12月12日起停牌核查,正面的
华东电脑：拟收购实控人旗下信息服务业务 继续停牌,正面的
正平股份：中标4.21亿元项目,正面的
山东金泰：拟收购麦凯智造婴童文化51%股权,正面的
远大控股拟1.11亿元出售子公司股权,正面的
中国动力：控股股东中船重工改制为国有独资,正面的
粤水电签订近8.5亿元工程施工合同,正面的
机器人：中标1.25亿元项目,正面的
万华化学：烟台工业园MMA、PMMA项目投产,正面的
天华院：实控人中国化工集团改制为国有独资公司,正面的
日发精机：子公司中标4100万元ARJ21-700,正面的
华新水泥：一季报预增420%至470%,正面的
中国铁建：联合中标89亿元PPP项目,正面的
盛屯矿业：半年报净利润预增67%-89%,正面的
国祯环保：联合中标污水处理厂改建工程项目,正面的
高科石化四位股东合计减持6.24%股份,正面的
兆新股份获深圳宝信举牌 持股达5%,正面的
得利斯拟斥资数亿元收购生猪养殖业务及资产,正面的
宏润建设联合中标22.57亿元工程项目,正面的
理工环科：拟5000万至1亿元回购股份,正面的
博汇纸业：产品售价大幅上升 2017年净利预增约三倍,正面的
三聚环保澄清媒体质疑：关联交易已严格履行程序并披露，6月4日复牌,正面的
洲明科技：2017年净利润预增71%到89%,正面的
信雅达：累计减持财通证券1180万股，料获收益逾7148万元,正面的
西部证券：计提质押股票“乐视网”融出资金资产减值准备4.39亿,正面的
嘉欣丝绸：浙江凯喜雅累计增持达到5%,正面的
旗滨集团：拟回购2.25亿元-4.5亿元股份,正面的
正业科技：正在筹划重大资产重组事项，拟通过支付现金方式收购东莞市科隆威自动化设备,正面的
济川药业上半年净利增三成,正面的
盛通股份：董事长增持1.01%股份,正面的
隧道股份：子公司中标40亿元施工项目,正面的
陕西金叶：控股股东正积极消除股权质押风险，拟继续停牌,正面的
特尔佳：创通嘉里再次增持  仍无实控人,正面的
济川药业：蒲地蓝消炎口服液等药品纳入安徽医保目录,正面的
天沃科技：子公司收到1.3亿元反应器采购合同,正面的
玲珑轮胎：拟2.5亿元至4亿元回购股份,正面的
招商公路拟换股吸收合并华北高速实现A股上市,正面的
富祥股份：年报拟10转10派5元，股东拟减持1.28%股份,正面的
万马股份：子公司中标国家电网1366万元采购项目,正面的
长城汽车：预计上半年净利同比增加52%,正面的
中国化学签署194亿元海外重大合同,正面的
华胜天成筹划重大事项或涉及资产重组,正面的
南威软件：中标2.16亿元采购项目,正面的
东南网架：联合中标2.74亿元余姚机器人小镇项目,正面的
杰瑞股份：总裁王继丽增持31.2万股,正面的
中钢国际：拟筹划重大事项，9月12日起停牌,正面的
东方电热2018年度净利润预增75%-105%,正面的
美的集团半年报增长一成,正面的
恒瑞医药：控股股东张仁华转让5%股权,正面的
金冠股份：洛阳国资系公司拟受让不低于12%股份,正面的
国光股份2017年盈利1.85亿元 拟10派20元转增7股,正面的
华测检测去年净利增24% 拟10转10派1元,正面的
东港股份年报拟10派4元,正面的
招商蛇口：2017年净利同比增长27.48%,正面的
中国重汽重卡产销两旺 前七月增长逾八成,正面的
粤水电：联合体中标13.35亿元项目,正面的
迅游科技拟27亿元收购移动互联网应用工具开发商狮之吼,正面的
海达股份：年报净利同比增长69.05%，一季报预增80%-110%,正面的
晨鸣纸业年报净利增89% 拟10转5派6元,正面的
福田汽车收到3.8亿元新能源汽车推广补贴款,正面的
浙江医药：维生素大幅涨价 一季度净利预增逾18倍,正面的
拓维信息：与华为签合作协议，在长沙建立拓维华为云孵化创新中心,正面的
泰瑞机器：1.63亿元增资子公司 实施募投项目,正面的
濮阳惠成：2017年净利预增5%-15%,正面的
易华录：子公司预中标乳山市平安城市工程PPP项目,正面的
*ST正源：控股股东及其子公司拟增持1%-4.21%股份,正面的
锦龙股份：向中山证券增资10.8亿,正面的
华新水泥：受益水泥涨价，一季度净利增459%,正面的
全筑股份：子公司签订4.5亿元工程合同,正面的
回天新材：2017年业绩预增10%-30%,正面的
宁夏建材：三季报预增210%-230%,正面的
太平鸟：实控人计划增持股份金额不低于5000万元,正面的
三聚环保：王亚伟或清仓报道不实 明日复牌,正面的
世联行近期获实控人累计增持1166万股,正面的
方大集团：首次回购B股股份28.52万股,正面的
棕榈股份与平远县签署战略合作框架协议书 总投资约80亿元,正面的
嘉化能源：控股股东累计增持近1115万股,正面的
智慧能源近期累计中标2.54亿元项目,正面的
中富通：预中标5870万元项目,正面的
中源协和：龚虹嘉将借道QFII增持公司股份,正面的
中曼石油：签订1.44亿元巴基斯坦钻井工程项目合同,正面的
中国电建年报增长9% 证金公司微幅增持,正面的
中航机电：国资委已批准盖克机电减资方案,正面的
皇庭国际：拟斥资2亿至3亿元回购股份,正面的
姚记扑克：拟与电魂创投共同设立上海跳刀公司涉足游戏研发,正面的
富瑞特装预计上半年扭亏为盈,正面的
鸿博股份“快乐十分”视频型彩票游戏正式上线,正面的
中煤能源：1-10月商品煤销量1.07亿吨，同比下降4.1%,正面的
万里马：重大合同履行完毕，对业绩影响积极,正面的
龙元建设：中标25.09亿元PPP项目,正面的
东方材料：年报净利降9.85% 拟10转4派1.9元,正面的
欧比特：2017年净利预增50%-80%,正面的
中远海控：子公司拟逾15亿元收购西班牙NPH公司51%股权,正面的
环旭电子出售腾讯控股、中国平安股票 确认投资收益约1.24亿元,正面的
华大基因：预计一季度净利约1亿元，同比增长不超11%,正面的
中远海控子公司拟逾15亿元收购西班牙港口公司,正面的
股价低迷 分众传媒拟斥资不超30亿元回购股份,正面的
中海达2017年度业绩预增239%-269%,正面的
绿庭投资：出售万宏源股651万股获利2715万元,正面的
赛隆药业一季度业绩预增303%-333%,正面的
康恩贝年报预增60%-80%,正面的
恺英网络全资子公司拟10.64亿收购浙江九翎70%股权,正面的
人福医药：天风证券IPO过会 公司持股13.4%,正面的
龙泉股份：预中标6755万元PCCP管采购项目,正面的
国风塑业：拟1.79亿元投建聚酰亚胺膜材料项目,正面的
东方园林：联合中标5.68亿元PPP项目,正面的
康美药业获控股股东增持6.16亿元,正面的
百傲化学年报净利微增2% 拟10转4派2.5元,正面的
红豆股份控股股东红豆集团及其一致行动人拟计划自9月4日起12个月内，通过上交所交易系统增持公司A股股份，累计增持比例不低于当前公司已发行总股份的1%，不超过当前公司已发行总股份的5%。,正面的
中国石化去年净利润增长一成至511亿元 每股派息0.4元,正面的
海螺水泥：年报净利同比增长85.87%，证金大幅增持0.93%,正面的
安凯客车：近日与合肥公交集团有限公司签署了《工业品买卖合同》,正面的
润欣科技：2018年度拟10转5,正面的
快看|小米集团购入TCL集团0.48%股份,正面的
金科股份获天津聚金及其一致行动人第五次举牌 持股25%,正面的
希努尔男装控股股东生变 雪松文旅42亿元入主,正面的
掌阅科技：上市以来大涨逾15倍 动态市盈率显著高于行业平均值,正面的
西王食品：预计2018年净利同比增29.63%-35.46%,正面的
白云机场：10月份货邮与旅客吞吐量均倍增,正面的
多氟多：拟定增募资不超20亿元加码主业,正面的
天马科技：2017年净利同比增长13.98%,正面的
五洲交通：年报拟10送3.5股派1.5元,正面的
云天化子公司合成氨尿素装置恢复生产,正面的
东华科技：签下淮南2.54亿元承包合同,正面的
东旭蓝天：联合中标龙山县城市新区综合开发25.77亿PPP项目,正面的
华懋科技：控股股东将公司10.7%股权转让给两名自然人,正面的
华微电子年报预增122%-134%,正面的
天晟新材：晟衍及其一致行动人持股比例上升至30%,正面的
亚翔集成：中标福建3.49亿元存储器生产线项目,正面的
苏试试验：年报净利预增10%-30%,正面的
辅仁药业澄清：老子养生科技非公司控股子公司,正面的
科达股份拟每10股转4股派0.50元,正面的
浦发银行董事长高国富任职资格获批,正面的
科大讯飞上半年实现净利润1.07亿元,正面的
隧道股份：子公司中标23亿元新加坡深隧道阴沟系统项目,正面的
穗恒运A：并购重组事项获得有条件通过，11月20日复牌。,正面的
金路集团半年报增长三倍,正面的
通威股份：与中环股份签订重大销售与采购框架合同,正面的
中信证券：母公司2018年12月净利6.47亿元,正面的
贾跃亭同意60.41亿出售乐视网1.71亿股无限售流通股,正面的
江苏神通控股股东等转让公司9.82%股份？风林火山溢价接盘,正面的
中亚股份：拟每10股派息10元,正面的
东旭光电：与日泰马蒙印（尼）五国企业签署 《共建智慧城市合作协议》,正面的
拓尔思停牌筹划重大资产重组事项,正面的
水晶光电参股子公司在东京证券交易所上市,正面的
同仁堂半年报营收增一成,正面的
融钰集团：与阿里巴巴签合作框架协议,正面的
泛海控股控股股东今再度增持154万股,正面的
珠江实业再获控股股东增持89万股,正面的
方大特钢：每股派发现金红利1.6元,正面的
森源电气签订3.11亿元EPC总承包合同,正面的
大康农业拟与阿里巴巴战略合作 21日停牌,正面的
硅宝科技：国弘现代协议受让公司17.80%股权，成最大单一股东,正面的
两面针：无剥离纸厂方案无混改计划,正面的
广誉远：员工持股计划完成股票购买 累计买入2.5亿元,正面的
环旭电子：出售腾讯控股、中国平安股票 确认投资收益,正面的
中金环境：拟18.5亿元收购金泰莱 切入危废处置领域,正面的
海南海药：回购1259万股,正面的
长久物流：控股股东拟增持5000万元-1亿元,正面的
天士力半年报增一成 证金公司二季度增持,正面的
盛屯矿业：拟12亿收购科立鑫 100%的股权，4月10日复牌,正面的
重庆百货：控股股东引入战投实施混改 明日复牌,正面的
杭氧股份：业绩变动不影响非公开发行股票,正面的
博实股份：签订价值约6.5亿元合同,正面的
雪榕生物披露一季报：净利同比增长132.28%,正面的
鸿路钢构：收到中建二局发来4554.78万元工程合同,正面的
中国武夷预计前三季度净利润同比增长6倍-9倍,正面的
洲际油气：拟通过发行股份的方式购买宁波华盖嘉正等4名交易对方合计持有的上海泷洲鑫科96.70%股权。本次交易完成后，上市公司将直接持有上海泷洲鑫科100%股权。,正面的
希努尔：拟收购仁华置业及西安天楠文旅股权，介入文旅小镇项目,正面的
和仁科技：预计2018年净利同比增15.49%-24.6%,正面的
电连技术：法院判决乐视移动支付公司货款213.7万美元及逾期付款利息,正面的
【智云股份：实控人转让2755万股公司股份 股票复牌】,正面的
利源精制：董事长拟增持5000万元至1亿元股份,正面的
再升科技控股股东转让5%股份引入融京汇聚,正面的
*ST锐电预计半年报业绩将扭亏为盈,正面的
万孚生物年报拟10转8派5元,正面的
众合科技：中标5.23亿元轨道交通信号系统项目,正面的
成都路桥控制权拟发生变更 16日起复牌,正面的
万达电影2018年实现票房95.6亿元 同比增8.9%,正面的
永东股份上半年业绩预增逾3倍,正面的
高伟达：2017年并未有关于区块链技术研发成果而直接产生的业务收入,正面的
太平洋：母公司3月净利1.15亿元,正面的
传艺科技：正在筹划拟收购东莞美泰电子有限公司，3月13日起停牌,正面的
柘中股份买入3000万股分众传媒股票,正面的
宝通科技停牌筹划重大事项 或构成重大资产重组,正面的
游族网络员工持股计划完成股票购买,正面的
东方网络：筹划重大事项 明起停牌,正面的
法拉电子：年报拟10派12元,正面的
欧派家居：去年净利增长37% 拟10派10元,正面的
北方国际：收购克罗地亚公司布局海外风电项目,正面的
依米康：签云计算数据中心机电安装总包合同,正面的
中国天楹：重组标的资产为Urbaser公司的100%股权,正面的
高伟达：与北京蚂蚁云签战略合作 参与蚂蚁金服业务,正面的
中国中铁：与河源市战略合作 初拟合作项目总投资约1000亿,正面的
预募资不超9.62亿元 三圣股份拟定增加码医药主业,正面的
洛阳玻璃：重组方案获国资委通过,正面的
雏鹰农牧：前2月销售生猪27.11万头 实现销售收入3.57亿元,正面的
华能水电年报预增逾3倍,正面的
棕榈股份签署总规模80亿元的战略合作框架协议,正面的
滨化股份年报净利增长130% 拟10转3派2.2元,正面的
力盛赛车：拟收购两家公司股权，丰富汽车赛事活动,正面的
粤泰股份：2017年净利润同比增704.63%,正面的
中国人寿预计财年净利润增加约55%到75%,正面的
中来股份：实控人协议转让公司7.3%股份,正面的
音飞储存控股股东计划增持0.55%-2%,正面的
【国药股份：去年净利增15% 拟10派4.5元】,正面的
龙泉股份：签下两份采购合同，总价1.75亿元,正面的
宏润建设：拟投建不超60亿元PPP项目,正面的
保税科技拟8.8亿元收购军工企业能通科技100%股权,正面的
格力电器：预计2018年净利260亿元-270亿元 同比增16%-21%,正面的
阳光城母公司举牌三木集团，持股逼近10%,正面的
实达集团：拟现金收购仁天科技股权 推进物联网发展战略,正面的
洁美科技半年报拟10转15派4元,正面的
长城汽车：9月实现销售量102037辆,正面的
【利好】上半年，祁连山、天山、宁夏建材大幅扭亏为盈！,正面的
华闻传媒终止重组暨推进现金收购事项投资者说明会7月17日在全景・路演天下举行,正面的
小康股份：并购美国电池系统公司InEVit,正面的
华大基因：股价异动核查结束，11月23日复牌,正面的
博雅生物：拟受让复大医药82%股权 拓宽营销渠道,正面的
泰合健康：年报拟10送3派0.8元,正面的
东阿阿胶：获华润医药投资增持,正面的
中环股份：拟出资1.5元共同发起设立股权投资基金,正面的
广生堂：实控人拟斥资不低于3000万元增持,正面的
回天新材：控股股东股票质押流动性风险解除 公司所涉纾困项目终止,正面的
天域生态：签署1.14亿项目合同,正面的
浙江医药：维生素大幅涨价 一季度净利预增逾18倍,正面的
棕榈股份：获河南省国资系战略入股 拟受让公司13.1%股份,正面的
中国长城：今年累计减持东方证券7156万股 料获收益4亿元,正面的
汉钟精机：2015年拟10转8股派2元。,正面的
净利大增 华鲁恒升一季度获机构加仓,正面的
比亚迪拟5亿元增资腾势新能源,正面的
天健集团：前三季净利预增约1.5倍,正面的
航运业走出低迷？ 长航凤凰前三季度净利预增超十倍,正面的
旋极信息拟组建合资公司 创建海南通用航空平台,正面的
凌钢股份上半年扭亏 预计盈利4亿元,正面的
广泽股份：获兴业信托举牌，持股占比5%,正面的
中装建设：联合预中标金乡县PPP项目,正面的
东方财富一季度净利增两倍,正面的
洲明科技拟2.53亿元收购照明工程企业清华康利,正面的
永艺股份拟10转15派6元,正面的
金鹰股份控股股东拟增持100-720万股,正面的
鸿利智汇：子公司收到4233万元政府补贴,正面的
粤宏远A：预计前三季度净利同比增长109.76%-155.91%,正面的
景兴纸业业绩快报：净利同比增长101.25%,正面的
浙商证券：母公司8月净利6449万元,正面的
金科股份：获天津聚金及其一致行动人第五次举牌,正面的
北斗星通：全资子公司重庆北斗星通拟以6000万欧元收购德国in-tech GmbH的50%股权。收购完成后，重庆北斗星通将对标的公司增资2000万欧元。收购和增资完成后，重庆北斗星通将合计持股57.14%的股权。,正面的
中南建设：拟逾7亿元受让控股股东部分房地产业务子公司股权,正面的
玲珑轮胎：拟2.5亿元至4亿元回购股份 用于员工股权激励,正面的
长白山：南景区6月1日重新对外开放 每日限额3000人,正面的
南山控股：换股吸收合并深基地B 5月10日起停牌,正面的
炬华科技：中标2.1亿元国网招标,正面的
名家汇：2018年净利预增78.51%-96.36%,正面的
星湖科技拟3.94亿元购买久凌制药 25日复牌,正面的
西山煤电：年报净利预增245%-295%,正面的
易联众：大股东21日增持逾305万股，将继续增持,正面的
中国化学：近期累计新签合同额845.24亿元,正面的
银轮股份：成为捷豹路虎指定供应商,正面的
华兰生物：平顶山市鲁山县单采血浆站获批,正面的
欢瑞世纪拟联合投资拍摄电视剧《鬼吹灯》,正面的
国轩高科：董秘增持13万股,正面的
蓝光发展：年报净利预增40%至60%，1月9日复牌,正面的
九鼎投资澄清：未发布任何涉及“九鼎币”概念的产品,正面的
天赐材料：同意旗下公司拟2亿美元采购锂矿,正面的
易事特拟29亿收购宁波宜则100%股权，同时公司实际控制人何思模之配偶张晔未来1个月内拟增持不低于2000万元,正面的
歌尔股份2017年实现净利润21.4亿 同比增长30%,正面的
恺英网络：子公司与盛大子公司达成战略合作,正面的
兴业证券：2017年实现净利23亿 同比增长13%,正面的
尚荣医疗：全资子公司预中标6.5亿元渭南临渭区中医,正面的
华贸物流：将与京东物流开展跨境物流业务合作,正面的
西藏珠峰中报拟10派6元,正面的
冀凯股份：第二大股东增持695万股 成为公司第一大股东,正面的
方大集团三季报预增198%-250%,正面的
海航投资：海航投资控股1月10日增持公司股份38.7万股。,正面的
三棵树：拟向四川邛崃市投资约4-5亿元建基地项目,正面的
云南能投：控股股东拟溢价11%要约收购10%公司股份,正面的
凯撒旅游两高管增持25万股,正面的
深振业A：重组拟收购园区类运营公司股权,正面的
美好置业：投资20亿元在湖北省监利县建设生态农业产业园项目,正面的
山鼎设计：重组拟收购电商公司,正面的
东方海洋：拟定增募资不超22亿元用于两项目,正面的
腾达建设中标12.6亿元重大工程项目,正面的
中国武夷：拟非公开发行不超20亿元公司债,正面的
广州浪奇：2017年利润分配拟由“10派0.2元”调整为“10转2派0.2元”,正面的
百川能源：全资子公司签订2.14亿重大经营合同,正面的
银禧科技：兴科电子科技并表提升利润，全年业绩预增43.80%到56.87%,正面的
易联众第一大股东张曦增持5%股份 成为公司实控人,正面的
中远海科：中海集团完成改制,正面的
中海达：拟1000万元参与设立产业投资基金,正面的
洽洽食品：员工持股计划共买入1000万股,正面的
富森美：独董拟增持公司股份,正面的
北方稀土：预计2018年度实现净利润同比增加37%到60%,正面的
通富微电控股股东增持2%股份,正面的
海虹控股：与易联众签订《战略合作协议》,正面的
华大基因监事及核心骨干人员完成增持计划,正面的
TCL集团：董事长李东生拟斥资3000万增持股份,正面的
云铝股份：2017年净利同比增近5倍，取得历史最好经营业绩,正面的
光韵达：年报净利同比增长279.22%,正面的
顺灏股份：董事会授权管理层不超3亿元投资工业大麻项目相关事项,正面的
中国长城：与金蝶软件战略合作 设立自主可控联合实验室,正面的
东方电缆：中标2.2亿元国网采购项目,正面的
长城汽车：一季报净利同比增长6.46%，证金社保增持,正面的
龙元建设预中标12.6亿元PPP项目,正面的
永泰能源：一季度净利预增369%-416%,正面的
江阴银行：2017年净利8.1亿元 同比增4.11,正面的
华铭智能拟收购国政通,正面的
号百控股拟2.5亿元收购天翼空间,正面的
三安光电年报：净利润31.64亿元，同比增长46.04%,正面的
*ST宏盛：公司同意子公司签三份合同，合同总价94.28万元,正面的
南大光电：拟5亿元投建集成电路材料生产基地,正面的
东华软件：腾讯科技12.66亿元增资诚信电脑 用于向公司增资或共同对外投资,正面的
美凯龙：正在筹划H股股份回购事项，4月4日起停牌一天,正面的
兆易创新拟17亿元收购同行上海思立微100%股权,正面的
新华保险：一季度净利26.09亿元，同比增长42%,正面的
中核科技：预计前三季度净利同比下降86.2%-91.5%,正面的
永安药业：拟斥资2500万至5000万元回购公司股份,正面的
神雾环保接连发利好 44亿元合同大单砸不开一字跌停,正面的
葵花药业：拟10转10派10元,正面的
苏宁易购完成出售阿里巴巴集团股份 预计获利56亿元,正面的
南天信息：控股股东引入战略投资者正在有序推进，3月9日复牌,正面的
立思辰：拟发行股份购买教育资产 继续停牌,正面的
江阴银行：2017年净利同比增长4.11%,正面的
南京化纤：2018年年度业绩预盈公告,正面的
全新好：获朴和恒丰及其一致人举牌 持股达5%,正面的
濮阳惠成：2017年净利预增5%-15%,正面的
依米康：签云计算数据中心机电安装总包合同,正面的
西部创业：终止筹划控制权变更事项,正面的
一汽富维：获股东一汽富晟举牌，持股达5.16%。,正面的
报喜鸟：股东增持1%股份,正面的
韶钢松山年报预增2365%,正面的
乐视网：孙宏斌当选非独立董事 股东大会议案通过,正面的
深大通：正在筹划发行股份购买资产事项,正面的
秦港股份：年报净利同比增长163.81%,正面的
海螺水泥半年报预增90%-110%,正面的
艾艾精工拟收购德国BODE剩余49%股份,正面的
联泰环保：拟联合竞标总投资近30亿污水处理PPP项,正面的
荣盛发展：签订开发玉田高铁新城项目框架协议,正面的
常山北明与腾讯云签订框架合作协议,正面的
正平股份：多名高管终止减持股份计划,正面的
海航控股：近27亿元收购新华航空、天津航空少数股权,正面的
新泉股份：2017年净利同比增120%，拟10转4派5元,正面的
龙元建设：中标宁波2.63亿元施工项目,正面的
*ST大唐：2.66亿元增资辰芯科技 明起复牌,正面的
中核钛白：拟收购合志新能源35%股权 进入锂电池行,正面的
华凯创意：联合体中标1.5亿元项目,正面的
川投能源：获长江电力举牌 持股达5%,正面的
仙鹤股份：拟近10亿元投资高档特种纸项目,正面的
宏辉果蔬：2017年净利同比增4% 拟10转3派2元,正面的
三维工程获12.18亿元合同,正面的
凯乐科技：中标5.5亿元中国移动项目,正面的
跨境通：实控人12.96亿转让部分股份 绑定优秀经营人员,正面的
国统股份联合预中标近5亿元PPP项目,正面的
*ST昌九：筹划公司购买教育类资产，股票3月1日起停牌,正面的
现代投资：拟收购湖南轨道交通控股集团持有的公路资产，继续停牌,正面的
拓普集团：6.42亿元收购汽车高强度钢底盘供应商,正面的
棕榈股份：签80亿元合作开发项目战略协议,正面的
【当代明诚：子公司与国际足联签2018世界杯亚洲区独家市场销售代理】,正面的
金财互联上半年净利同比增逾9倍 前三季度预增逾13倍,正面的
三木集团：阳光集团举牌，持股达近10%，将继续增持,正面的
朗科科技：上海宜黎成为公司第一大股东,正面的
仙琚制药一季度业绩预增120%-160%,正面的
天原集团：控股股东拟不超1亿元增持股份,正面的
三环集团拟10股派2元,正面的
麦迪科技半年报披露时间提前至8月1日,正面的
科顺股份：拟投资9900万元设立控股子公司铂盾新材料,正面的
华泰证券：一季度净利增四成 证金持股升至4.88%,正面的
高新发展：全资子公司签逾6亿元合同,正面的
康达新材实控人抛增持计划,正面的
中富通：中标2.09亿元福建联通采购项目,正面的
亚泰集团：地产发力 2017年净利润预计增长400%到430%,正面的
神州长城：中标7.5亿元四川珙县中医院PPP项目,正面的
天桥起重入选湖南国有控股混合所有制企业首批员工持股试点,正面的
亿联网络年报拟10转10派16元,正面的
火炬电子：拟4410万元收购天极电子60%股权,正面的
大族激光一季度净利润同比增长141%,正面的
柏堡龙控股股东计划增持不超过2%股份,正面的
浙江龙盛：一季度净利预增100%-130%,正面的
金科股份拟23亿元收购无锡恒远,正面的
伊利股份第二期持股计划股票出售完毕,正面的
音飞储存上半年预增25%-30%,正面的
鸿特科技：控股股东转让公司5.68%股份,正面的
上海三毛半年报扭亏为盈,正面的
佳士科技回购公司股份比例达1%,正面的
东华能源：一季度净利预增50%至80%,正面的
神剑股份：控股股东、实控人刘志坚决定终止2017年9月28日披露的减持计划，刘志,正面的
上海电力：控股股东及其一致人拟在6个月内增持3000万元-1亿元,正面的
深圳惠程：控股股东拟增持1亿-10亿元股份,正面的
天神娱乐：积极发展海南业务 签约进入海南生态软件园,正面的
中国联通：上半年净利7.8亿元同比增长74.3%，因技术原因，公司已申请继续停牌，将在三个交易日内披露非公开发行预案和其他相关文件并复牌。,正面的
崇达技术：子公司8960万元竞得珠海一地块,正面的
新美星年报拟10转9派6元,正面的
杭氧股份：业绩变动不影响非公开发行股票,正面的
宏润建设：中标上海3.28亿元工程,正面的
正邦科技控股股东逾2亿元增持，完成增持计划,正面的
杉杉股份：子公司杉杉品牌H股上市获证监会核准,正面的
远兴能源：拟斥资不超10亿元回购股份,正面的
中国石油上半年净利预增逾16倍,正面的
阳光城：子公司拟31.85亿元收购地产企业,正面的
受益供给侧改革 黑猫股份2017年净利同比增长410.74%,正面的
艾比森业绩快报：2018年度净利同比增132%,正面的
设研院：正在筹划重大事项或构成重组，5月29日起停牌,正面的
重组完成 太极集团一季度净利预增40余倍,正面的
恒泰艾普：子公司与乡城县政府签订30年LNG天然气运营框架协议,正面的
向日葵：拟出售部分光伏设备等资产,正面的
【博迈科：拟回购4.45%公司股份】,正面的
千山药机董事长计划增持不超过1亿元公司股份,正面的
生益科技年报净利增长44% 拟10转4.5派4.5元,正面的
海螺水泥：一季报净利同比增长121.90%，证金小幅增持,正面的
光明地产：向关联方转让两地产项目 预计增加净利逾4亿,正面的
星云股份：2017年拟10转10派1元,正面的
经纬纺机：年报净利预增111.18%-122.2%,正面的
云赛智联：中标阿拉善智慧城市PPP项目,正面的
洁美科技半年报拟10转15派4元,正面的
顾地科技：控股股东拟增持1%至2%股份,正面的
东华能源：中国对美国贸易战的反制措施对公司是重大利好,正面的
深科技业绩快报：净利同比增长152.45%,正面的
天桥起重入选湖南国有控股混合所有制企业首批员工持股试点,正面的
乐心医疗拟与佰客云共同设立区块链研究实验室,正面的
九强生物：拟3.325亿元收购血凝诊断系统生产销售商,正面的
全新好：3月9日复牌，继续推进重大资产重组事项,正面的
科达股份实控人变更 家族内交接正式完成,正面的
华闻传媒收购麦游互动51%股份 布局文娱全产业链,正面的
暴风集团：拟定增募资5000万完善暴风会员服务体系,正面的
恒华科技：2017年净利同比增五成 拟10转10派2元,正面的
广汇汽车：超12亿收购庞大集团旗下5家奔驰品牌4S店,正面的
坚瑞沃能引入战投进展：控股股东等已接洽若干大型央企及机构,正面的
海通证券：母公司2018年12月净利9.43亿元,正面的
中化国际：部分董监高及核心员工计划继续增持,正面的
锦富技术：实控人解除质押平仓风险,正面的
金固股份：回购股份比例达2% 耗资1.39亿元,正面的
长高集团(002452.SZ)子公司中标7475.22万元开关类项目,正面的
理工环科公告，公司拟使用5000万至1亿元回购股份。,正面的
明阳电路年报拟10转5派3元,正面的
必创科技:股东陈发树增持137万股 持股比例升至9.59%,正面的
得邦照明：签订1.68亿元合同,正面的
四川双马拟22.39亿元出售两家水泥公司股权,正面的
红星发展年报预增105%-124%,正面的
润欣科技：2018年净利预降35%-65% 拟10转5,正面的
东方电缆：中标2.2亿元国家电网相关项目,正面的
凯恩股份：认购深圳优卡增资扩股5%股份，布局区块链技术的油站OS系统,正面的
博腾股份：拟收购医药行业某资产，2月27日复牌,正面的
东风汽车：收到2.7亿元国家新能源汽车推广补贴,正面的
梅雁吉祥：获烟台中睿新能源及其一致行动人举牌,正面的
超材料舰艇隐身结构产品引关注 光启技术涨停,正面的
中国联通：拟与联通集团按比例增资联通BVI公司,正面的
尚品宅配年报拟10转8派10元 预计今年一季度亏损,正面的
山西焦化一季度净利猛增2543.53%,正面的
万达电影：前5月累计票房同比增长近两成,正面的
中持股份：联合中标河南睢县约9.06亿元PPP项目,正面的
中国农业银行：中国银保监会原则同意非公开发行A股,正面的
凯瑞德：获董事长举牌 持股达5%,正面的
奥特佳停牌筹划收购国电赛思100%股权事项,正面的
金盾股份签订9228万元设备采购合同,正面的
新洋丰：与田园生化战略合作 推进药肥产品研发生产,正面的
万润科技：一季度净利预增70%至120%,正面的
华录百纳：美的少东家何剑锋将入主,正面的
梦网集团拟回购公司股份3亿-5亿元,正面的
易世达：拟2000万至5000万元回购股份,正面的
兴瑞科技实控人提议年报10转6派3元,正面的
东方新星：2018年业绩预告大幅向上修正 同比预增59至62倍,正面的
万科A：广信房产资产包完成交割,正面的
安德利实际控制人增持100.1万股,正面的
亏损大王中远海控大幅扭亏预盈 航运业进入新复苏周期,正面的
天山股份：对子公司阜康天山以债转股方式进行增资,正面的
上海三毛拟挂牌出售两子公司股权,正面的
湖北能源：与舟山政府签战略合作协议,正面的
山西汾酒：年报预增40%-60%,正面的
中信重工：两家下属公司拟4亿元参与中信财务增资,正面的
金证股份股东补充质押130万股,正面的
广电运通：子公司与腾讯就微信乘车码业务签订合同,正面的
中国建筑:近期获得共计528.5亿元人民币的若干重大项目,正面的
华鲁恒升半年报增一成,正面的
天音控股：拟2.88亿元出售易天新动51%股权,正面的
金固股份：回购股份比例达2%，耗资1.39亿元,正面的
超频三公告称，拟定增作价1.715亿购买炯达能源49%股权，构成重大资产重组,正面的
冠农股份半年报净利增长664%,正面的
美锦能源：三季报预增119.46%-146.89%,正面的
汇金科技年报拟10转10派3.6元,正面的
生益科技拟20亿投建江西覆铜板项目,正面的
*ST中安：不存在超过6亿元筹码面临爆仓风险的情形,正面的
创意信息拟斥资5000万元至1亿元回购公司股份,正面的
今天国际：预中标3.68亿项目，占去年营收64%,正面的
上海建工一季度新签合同金额536.67亿同比增长33%,正面的
海联讯：第一大股东中科汇通正商谈转让所持公司全部股份,正面的
恒瑞医药：获得美国FDA国际多中心临床试验资格,正面的
中国中铁：近期重大工程中标金额合计约289亿元,正面的
云南旅游：中标14.6亿承包工程,正面的
元力股份：一季报预增304.36%；半年报预增120%-150%,正面的
*ST河化：拟2771.58万元剥离尿素业务和资产,正面的
内蒙华电上网电价上调,正面的
三安光电：兴业信托、泉州金控、安芯基金计划向控股股东三安集团增资不低于54亿元,正面的
斥资2200万英镑加码国际业务 科锐国际开盘涨停,正面的
柳工：一季报净利同比增长143.38%,正面的
云铝股份年报预增488% 铝产品价格回升,正面的
基蛋生物：2017年净利同比增4成 拟10转4派4.5元,正面的
陇神戎发：公司保健食品获得俄罗斯联邦国家注册证书,正面的
嘉化能源拟26.9亿元现金收购美福石化100%股权 7日复牌,正面的
华懋科技：控股股东拟协议转让不超10.74%公司股份,正面的
浦东建设：2017年净利微增3.41%，拟10转4派1.8元,正面的
镇海股份：签订6.33亿元重大合同,正面的
佳讯飞鸿一季度业绩预增100%-120%,正面的
联创光电：实控人拟累计增持不超过1亿元,正面的
城地股份：中标9438万元工程,正面的
浙江东方：拟变更公司名称 并开展黄金租赁融资业务,正面的
美尚生态：与两地政府签开发合作协议，总投资30亿元,正面的
棕榈股份：中标1.63亿元项目,正面的
中钢国际：筹划重大事项 明起停牌,正面的
【常宝股份：股东嘉愈医疗短线交易】,正面的
以岭药业子公司制剂产品获得美国FDA批准文号,正面的
宗申动力：拟10.05亿收购大江动力100%股权,正面的
祁连山：前三季度净利预增约180%,正面的
清水源2018年净利预增95%-125%,正面的
猛狮科技：实控人拟增持不超总股本的2%,正面的
健帆生物业绩快报：2018年净利4亿元 同比增四成,正面的
安阳钢铁年报：净利同比增1198.94%,正面的
金字火腿控股股东的一致人协议转让14.72%股份,正面的
道氏技术：拟15.03亿元收购两家公司股权，实现全资控股,正面的
丰乐种业停牌筹划收购四川同路农业科技,正面的
高能环境：前三季度净利同比增长71.89%,正面的
元力股份：控股股东拟协议转让公司1970万股,正面的
万科A上半年净利增近四成,正面的
天润乳业年报净利增两成 拟10转10派2.9元,正面的
维尔利：董监高拟不少于4600万元增持公司股票,正面的
花王股份：联合预中标17.63亿元文旅综合体PPP项目,正面的
【雅戈尔：处置部分金融资产 增加净利近9000万元】,正面的
隆鑫通用：与宝马合作的摩托车正式发布,正面的
华脉科技：中标中国联通9909万元采购项目,正面的
亨通光电：预计上半年净利润同比增80%-120%,正面的
永兴特钢：2018年净利同比增14.45%；拟10派10,正面的
万年青：一季报净利同比增长3359%,正面的
ST运盛：股票摘帽，4月11日停牌一天,正面的
新城控股：前5月累计合同销售金额约672.14亿元，同比增63%,正面的
远方光电：证券简称变为“远方信息”,正面的
澳洋顺昌停牌筹划非公开发行股票事项,正面的
成都路桥：2017年累计中标额43.69亿元,正面的
美凯龙停牌筹划H股股份回购事项,正面的
金字火腿停牌筹划收购制药行业标的资产,正面的
中国联通：11月4G用户净增150万户 累计2.17亿户,正面的
振华股份年报净利增逾两成 拟10转4派1.38元,正面的
天地源半年报扭亏为盈,正面的
露天煤业上半年业绩预增180%-210%,正面的
美锦能源：旗下东于煤业正式恢复生产,正面的
【东方日升：拟合作投建80亿元光伏产品制造基地】,正面的
鸿路钢构：收到1.08亿元厂房建设总承包合同,正面的
宏润建设：中标杭州6.08亿元工程项目,正面的
山西汾酒年报预增40%-60%,正面的
资不抵债前景未明 *ST德奥资产重组拟收购亏损标的,正面的
正平股份：拟4.35亿元收购科盛环保，拓展水处理等业务,正面的
老白干酒半年度业绩预增九成,正面的
龙星化工停牌筹划涉及购买资产的重大事项,正面的
日发精机：子公司中标ARJ21-700飞机项目,正面的
紫鑫药业签订工业大麻合作研究协议,正面的
中海达：发布“全球精度”系统HI-RTP及北斗高精度导航芯片“恒星一号”,正面的
航天科技半年报实现倍增,正面的
崇达技术年报拟10转10派5.4元,正面的
泰禾集团：子公司3.49亿元受让尚品置业98.6%股权及土地资产,正面的
维业股份：楼市通网签合作,正面的
东方网络：东柏文化或将成控股股东,正面的
恒顺醋业：收到土地收储补偿款 预计增利4300万元,正面的
龙江交通半年报增9%,正面的
广博股份：重大事项构成重组，继续停牌,正面的
东风科技拟46.76亿吸收合并东风汽车零部件集团并复牌,正面的
思美传媒：拟斥资2.5亿元-5亿元回购公司股份,正面的
新疆众和半年度业绩预增逾两倍,正面的
顺发恒业年报净利倍增 拟10派3.1元,正面的
潮宏基：近13亿收购思妍丽74%股权 实现全资控股,正面的
海航基础：海航地产拟作价19.33亿向融创出售两公司,正面的
格林美：控股股东与实控人拟合计增持不超过5000万元,正面的
宏图高科：重组标的曝光 拟并购中信金融租赁,正面的
神州数码：拟46.5亿元收购留学培训机构启行教育100%股权,正面的
南大光电：拟5亿元投建集成电路材料生产基地,正面的
腾达建设中标2.74亿元工程项目,正面的
机器人中标1.25亿元地铁自动售检票系统集成项目,正面的
晨鸣纸业：将获得财政补助1.6亿元,正面的
康泰生物公告，全资子公司民海生物自主研发的“13价肺炎球菌结合疫苗Ⅲ期”临床试验数据完成揭盲工作，进入统计分析与临床研究总结阶段。,正面的
新天药业：2017年拟10转10派2元,正面的
唐人神：拟签生猪绿色养殖项目投资协议 总投资3.5亿元,正面的
梅花生物：每10股派现3.3元，证金公司持股4.9%,正面的
英唐智控：拟出资1000万元设立深圳全资子公司,正面的
万科A：一季度净利润8.9亿元 同比增长28.7%,正面的
佳士科技：回购公司股份比例达1%,正面的
复星医药获证监会核准发行境外上市外资股,正面的
阳煤化工拟募资不超20亿还贷 自家人包揽定增,正面的
永安行2017年度净利预增430%到460%,正面的
康美药业：拟斥资10.8亿成立合资公司 投资康美通城人民医院,正面的
百洋股份年报拟10转10派3元,正面的
[公司]皇庭国际拟回购股份 金额2亿元-3亿元,正面的
博腾股份：拟5000万元-1亿元回购股份,正面的
长江电力：三峡资产累计增持1328万股,正面的
顺丰控股3月快递业务营收同比增长28%,正面的
正平股份：中标1.84亿元国道施工项目,正面的
白云机场：与中免公司签订二号航站楼出境免税店项目经营合作协议,正面的
深华发A控股股东拟增持 29日复牌,正面的
新联电子：中标5460万元国家电网招标项目,正面的
天茂集团：子公司国华人寿前8月保费收入379亿元,正面的
模塑科技拟筹划发行股份购买资产事项 28日停牌,正面的
粤水电：签署弥勒市城市轨道PPP项目投资协议,正面的
深科技：年报预增142.51%-189.15%,正面的
索菲亚：已耗资2.02亿元回购1.18%股份,正面的
宜宾纸业2018年净利预增82%-91%,正面的
蒙草生态中标3.5亿元绿化景观工程建设PPP项目,正面的
三维通信：并购重组获通过，股票复牌,正面的
【亚星客车：9月份客车销量同比下降11%】,正面的
当代东方：子公司2.94亿元收购河北当代49%股权,正面的
新美星年报拟10转9派6元,正面的
新钢股份三季报预增约371%-443%,正面的
【航天发展：拟逾15亿收购航天开元等三家公司股权】,正面的
春节票房大增 金逸影视一季度预增逾140%,正面的
禾丰牧业：拟1.46亿元受让大连成三15.1%股权，完善白羽肉鸡产业链布局,正面的
证金公司现身十大股东 昆仑万维苏交科双双涨停,正面的
东旭光电：子公司收到2.42亿元国家新能源汽车推广补贴,正面的
辅仁药业澄清：老子养生科技非公司控股子公司,正面的
科大讯飞：拟以4.96亿元对价收购乐知行100%股权进军教育,正面的
中远海特：3.52亿元投建2艘内贸汽车船,正面的
梦网集团：拟将所持兴业电力85%股权转让给森源电气,正面的
文化长城拟15.75亿元收购翡翠教育100%股权,正面的
【当代东方拟收购当代陆玖49%股权 23日复牌】,正面的
久立特材：产品中标白龙核电项目,正面的
维尔利：中标5996.33万元秸秆沼气工程项目,正面的
武进不锈：2018年净利预增57%左右,正面的
万向钱潮控股股东及其一致行动人累计增持4%股份,正面的
天山股份年报预增约180%,正面的
泰禾集团：21亿受让郑州轩龙置业45%股权,正面的
天坛生物：预计前三季度净利同比增长474%,正面的
中远海控：三季报预计扭亏为盈,正面的
安凯客车：收到5465万元国家新能源汽车推广补贴,正面的
上汽集团：前9月销售482.12万辆，同比增长7.57%,正面的
广汇能源：2018年净利预增169%至176%,正面的
启明信息：今年重点在智能制造、智慧汽车、智慧城市投入资金,正面的
众合科技：与阿里云签订战略合作协议,正面的
鸿博股份拟5.36亿元收购移动游戏服务商手心游戏,正面的
长园集团股东计划增持不超7%股份,正面的
棕榈股份：中标1.63亿元兴隆县工程项目,正面的
岳阳林纸披露年报，公司2017年营收为61.44亿元，同比增长28%；净利为3.,正面的
吴通控股：中标2.77亿元中国移动采购项目,正面的
宝信软件：与阿里云合作仅为双方意向,正面的
天山生物：去年扭亏为盈,正面的
三联虹普：签1亿元采购合同，占去年营收35%,正面的
九鼎投资：从未发布或募集过任何形式的数字货币基金，从未发布过任何涉及“九鼎币”概念的产品，也从未授权任何机构和企业以九鼎投资的名义推广类似产品。,正面的
科陆电子董事长倡议员工增持 承诺兜底,正面的
八菱科技：回购期届满 累计回购5.94%股份,正面的
鞍钢股份：年报净利预增251%,正面的
国光电器上半年净利润同比增长近8倍,正面的
宝莱特：控股股东倡议员工增持 承诺兜底,正面的
滨化股份年报净利增长130%，拟10转3派2.2元,正面的
华自科技成为军队采购入库供应商,正面的
光大银行2015年净利295.28亿元同比增2.23% 理财手续费收入翻番,正面的
三聚环保年报：净利同比增长57%，王亚伟持仓未变,正面的
中国联通：控股股东协议转让部分公司股份完成过户登记,正面的
乐视网：董事会已发函 要求贾跃亭继续履行借款承诺,正面的
武汉中商停牌筹划收购居然新零售100%股权,正面的
金徽酒、奥马电器发起设立消费金融公司,正面的
东旭光电收到2.42亿元新能源汽车补贴款,正面的
久立特材：中标白龙核电项目蒸汽发生器用690U形传,正面的
东山精密：筹划4亿元-6亿元员工持股计划,正面的
德威新材：拟3.2亿元收购和时利40%股权，5月24日复牌,正面的
金谷源27日起更名“藏格控股”,正面的
石大胜华：股东北京哲厚将获1652万股公司股份，承诺3年不减持,正面的
淳中科技：拟近2亿元北京市海淀区购买房产,正面的
粤电力A上网电价上调 将增厚净利4375万元,正面的
八菱科技：拟6个月内以1亿元-3亿元回购公司股份,正面的
全通教育中标永兴县智慧教育采购项目,正面的
上峰水泥：一季报净利同比增长89.33%,正面的
中核钛白2017年净利润增逾3倍,正面的
神雾环保：3.5亿元增资款项将陆续到位 神雾集团流动性紧张的困难将被缓解,正面的
易事特年报：拟10派0.31元,正面的
航发动力：斥资70亿增资三家子公司,正面的
人福医药：天风证券IPO过会 公司持股13.4%,正面的
小康股份：半年报净利同比增长99.61%,正面的
博实股份：与浙江石化签下9730万元合同,正面的
盘江股份半年报实现净利4.6亿,正面的
九鼎投资：子公司拟携手大龙网，200亿打造百个跨境电商小镇,正面的
佩蒂股份一季度业绩预增112%-135%,正面的
联创互联预计2017年度净利3.45亿元-3.85亿元 同比预增71%至91%,正面的
潍柴动力全年净利润68.1亿元,正面的
滨海能源拟3.66亿元出售泰达能源100%股权,正面的
元成股份：中标5.2亿PPP项目,正面的
南京新百拟向五季文化出售HoF Group的51%股权,正面的
南京银行：参股公司首发申请获通过,正面的
华泰证券：母公司2018年12月净利7.53亿元,正面的
冠昊生物：拟收购惠迪森控制权 明日复牌,正面的
日发精机全球化战略再下一城 12.5亿收购新西兰航企,正面的
财联社3月20日讯，渤海轮渡：年报拟每10股派发现金红利4.0元（含税）。,正面的
长青股份：去年净利同比增40% 拟10派3元,正面的
西部证券:计提质押乐视网融出资金减值准备4.39亿,正面的
国统股份：草签洪雅县交通基础设施建设工程PPP项目合同,正面的
宁波韵升年报拟10转8派3元，投资收益大降,正面的
鸿利智汇拟2.3亿元收购谊善车灯51%股权,正面的
广东榕泰：董事长增持647万股，完成增持计划,正面的
汇顶科技：国家集成电路大基金超28亿收购公司6.65%股份,正面的
德威新材：公司此前于5月24日收盘后股票停牌筹划收购和时利新材料60%左右股权，停牌期间，公司对本次重大事项的性质进行了讨论和研究，本次重大事项属于公司对外投资，不构成重大资产重组；股票将于12日复牌。,正面的
华域汽车：参股公司亚普股份首发申请获通过,正面的
苏宁云商：拟更名为“苏宁易购”,正面的
沧州明珠：子公司投建项目正式投产,正面的
雅戈尔：处置部分金融资产 增加净利近9000万元,正面的
东方时尚公布可转债发行预案，拟募资不超7.1亿元。,正面的
广电运通涨近6% 购入神州数码5.5%股份,正面的
大连电瓷拟18.6亿元收购数字营销服务商紫博蓝,正面的
莱宝高科：未收到任何有关受到美国制裁的官方信息,正面的
首航节能：控股股东及大股东消除平仓风险,正面的
天域生态：联合体中标4.35亿元PPP项目,正面的
鹏博士：孙公司擎天电讯拟1500万美元收购美国古歌宽带100%股权,正面的
中国核电半年报微增 二季度证金大幅增持,正面的
和而泰：与青岛海信签署战略合作协议,正面的
绿庭投资出售申万宏源股票 获利约2715万元,正面的
星云股份：与比亚迪及其子公司签署设备采购合同,正面的
三利谱：针对公司股票交易累计涨幅较大，公司董事会对公司、控股股东及实际控制人就相关事项进行了核实，前期披露的信息不存在需要更正、补充之处，公司股票12日开市起复牌。,正面的
江淮汽车：发改委同意公司与大众汽车合资生产纯电动车项目,正面的
华谊兄弟：一季报扭亏为盈,正面的
中原证券9月实现净利润8942.8万元,正面的
东方银星：中庚集团累计增持2.02%股份,正面的
中远海特：3.52亿元投建2艘内贸汽车船,正面的
宁波海运：2017年净利1.49亿元，同比增近7成,正面的
柳钢股份年报业绩预增67%-79%,正面的
中国长城：今年累计减持东方证券7156万股，料获收益4亿元,正面的
以岭药业：子公司制剂产品获得美国FDA批准文号,正面的
华安证券半年报净利增五成,正面的
实达集团：超20亿港元收购仁天科技控股股权 推进物联网战略,正面的
纽威股份：与壳牌续签第二个五年企业战略框架协议,正面的
陕西煤业举牌隆基股份 持股达到5%,正面的
九鼎新材拟筹划员工持股计划,正面的
金禾实业：年报净利增85% 拟10派6元,正面的
西部创业：终止筹划公司控制权变更事项 1月22日复牌,正面的
浙江仙通年报净利增一成 拟10派5元,正面的
中百集团2018年净利润4.29亿  拆迁补偿增加利润4.27亿,正面的
长海股份半年报拟10转10,正面的
海峡股份：年报拟10转3派2元 成泉资本增持438万股,正面的
易华录：子公司预中标乳山市平安城市工程PPP项目,正面的
鲁信创投：子公司参股企业山东国信IPO已过港交所聆,正面的
鹏欣资源：重组拟收购实控人旗下南非金矿,正面的
顺络电子：拟45亿元投建新型电子元件及精密陶瓷项目,正面的
当升科技：计划投资30亿元建设锂电新材料产业基地,正面的
世荣兆业：一季度净利增长超40倍 养老金组合现身十大股东名单,正面的
昊华能源：去年净利超6亿元，拟10派1.6元,正面的
柳钢股份：预计2018年净利同比增67.46%至78.91%,正面的
新研股份：拟定增募资约15亿延伸产业链,正面的
赛为智能：拟出资1580万元共同设立子公司海思达,正面的
平治信息 ：一季度预盈4200万元–4800万元，比上年同期增长：91.97%- 119.40%。报,正面的
扬子新材重组：永达汽车作价120亿元借壳,正面的
易世达：三季报净利同比增长1倍,正面的
宝泰隆：5万吨/年针状焦项目尚未开工生产,正面的
九安医疗：欧洲子公司开设小米授权店 年内期望在巴黎开五家,正面的
广信材料：拟3000万增资揽入航盛新能源60%股权,正面的
南京港上半年净利润同比增长213.21%,正面的
南洋股份：合计中标5.1亿南方电网招标项目,正面的
大烨智能：董事长陈杰提议10转8股派2元,正面的
国祯环保联合中标2.2亿元污水处理工程项目,正面的
美达股份：向俏佳人织业授权两个商标,正面的
博实股份：签7485万元销售合同,正面的
欣龙控股：2017年净利预增103%至118%,正面的
金贵银业拟3.8亿元收购俊龙矿业100%股权,正面的
中国石油：预计2018年净利同比增123%到132%,正面的
金地集团：2月份签约金额同比下降46%,正面的
博雅生物董事长拟以不超40元/股的价格增持不超1.5亿元,正面的
立昂技术：停牌筹划收购大一互联、沃驰科技,正面的
南洋科技：明日起更名为“航天彩虹”,正面的
骅威文化：正在筹划重大事项,正面的
金字火腿：拟收购晨牌药业及汉晨药业股权,正面的
冀凯股份：控股股东及实际控制人变更为冯春保,正面的
理工环科上半年净利润同比增长近3倍,正面的
中金岭南预计前三季度净利润同比增388%-449%,正面的
科华恒盛业绩快报：2017年净利增147%,正面的
宏辉果蔬：拟3000万参投扶贫产业基金,正面的
深纺织A：2017年净利增长158.95%,正面的
立昂技术：停牌筹划收购大一互联、沃驰科技,正面的
三一重工全年净利润20.9亿元,正面的
星湖科技拟3.94亿元购买久凌制药，4月25日复牌,正面的
新城控股前5月销售额约672亿元 同比增63%,正面的
中南传媒合作最世文化积累IP资源,正面的
康缘药业获控股股东累计增持121.42万股,正面的
方大集团中标2.33亿元地铁屏蔽门系统项目,正面的
延华智能：中标4067万元施工采购项目,正面的
国泰君安2018年12月净利润11.58亿元,正面的
中富通：拟筹划第一期员工持股计划,正面的
绿地控股：联合中标160亿南京求雨山文创园PPP项目,正面的
